split,idx,speaker,duration,sr,text,n_eojeol,n_char,est_ratio,ratio_bin,dataset_split,sample_id
train,5971,116,12.8385,16000,에르도안 정부는 시리아 내전 초기 시리아 반군에 사람과 무기 공급을 용인한 것으로 알려져 극단주의 무장세력 이슬람국가 세력의 성장을 돕는다는 비판도 받았다,21,66,0.13560877883039033,low(~15%),test,zk_00000
train,5986,116,8.16825,16000,재무제표를 통해서도 기업들이 실물투자보다는 현금성 자산 불리기에 주력하고 있음을 확인할 수 있다,12,42,0.21314397906699306,mid(15~30%),test,zk_00001
train,6015,116,7.3209375,16000,또한 외국인들이 폰페이에 질병을 옮겨서 인구가 격감했다고 말하는 사람들도 있습니다,10,36,0.23781289035918776,mid(15~30%),test,zk_00002
train,6020,116,6.023875,16000,여덟 명만 불러서 조사하고 말아서는 안되는 것 아닌가라고 말했다,9,27,0.2890188304063358,mid(15~30%),test,zk_00003
train,6022,116,8.100375,16000,홈쇼핑은 선택관광과 관련해선 상품 가격에 포함되지 않았다는 자막만 짧게 보여줬다,10,35,0.21492996398487307,mid(15~30%),test,zk_00004
train,6039,116,12.7201875,16000,대한변협은 당시 수사에 관여한 경찰들로부터 직무상범죄를 자인받았고 그 중 한 명에게 확인서를 작성받아 재판부에 증거로 제출했다,16,55,0.13687009778857162,low(~15%),test,zk_00005
train,6044,116,9.4350625,16000,사고 당시 청와대는 진도에서 여객선 조난신고가 왔냐며 배의 이름 도착 예정지 몇 톤 급인지에 정보를 요구했다,16,45,0.18452589021153448,mid(15~30%),test,zk_00006
train,6046,116,7.461125,16000,시어머니 모시는 문제로 사이가 나빠져 별거했고 이혼을 고려하던 상태였다,9,31,0.23334461049961852,mid(15~30%),test,zk_00007
train,6054,116,7.648125,16000,때문에 박 대통령이 이때까지도 상황 파악을 제대로 못하고 있었던 것 아니냐는 지적이 나왔다,13,38,0.22763923275495185,mid(15~30%),test,zk_00008
train,6074,116,8.1958125,16000,박 대통령의 지지율이 국정교과서 정국 이후 하락 추세를 보이고 있는 점도 작용했을 가능성이 있다,14,40,0.21242717631887822,mid(15~30%),test,zk_00009
test,310,121,5.284,16000,유열씨는 일본 국적자로 분류되면서 군대를 가지 않았다,7,23,0.32948775681566356,high(30%~),test,zk_00010
test,316,121,10.1035625,16000,당시는 시민들이 귀가하는 시간대였는데요 버스가 제자리에 없자 적지 않은 승객들이 추운 날씨 속에 버스를 더 오랫동안 기다려야 했습니다,18,57,0.17231677509927473,mid(15~30%),test,zk_00011
test,320,121,5.9018125,16000,그래야 아내가 내게서 위로와 힘을 얻을 수 있을 거라고 생각했거든요,10,28,0.294996377301713,mid(15~30%),test,zk_00012
test,321,121,6.5838125,16000,인류 역사 시초에 한 영적 피조물이 전능하신 하느님을 반역했습니다,9,28,0.2644384704172493,mid(15~30%),test,zk_00013
test,326,121,9.8729375,16000,경찰이 오는 십 일부터 메르스 여파로 일시 중단했던 음주단속을 재개하고 최근 불거지고 있는 보복운전에 대한 특별단속을 시행한다,17,54,0.1763419759330965,mid(15~30%),test,zk_00014
test,330,121,9.5360625,16000,독일을 보호하기 위하여 회스는 약 이백 만 명의 인명을 앗아 가는 일을 지휘하였는데 그중 대부분이 유대인이었습니다,16,48,0.18257150758124396,mid(15~30%),test,zk_00015
test,339,121,8.97,16000,글로벌 경제는 이천 칠 년 미국의 서브프라임 사태 이전까지 미국을 비롯한 선진국의 소비를 기초로 성장했다,15,44,0.19409289933266066,mid(15~30%),test,zk_00016
test,353,121,6.5631875,16000,아이 찾는다고 공원 터미널 등을 위험한 줄도 모르고 헤매고 다녔다고 말했다,11,31,0.2652694756951506,mid(15~30%),test,zk_00017
test,357,121,6.7549375,16000,김성현씨를 매개하지 않고서도 차씨와 최씨 사이의 연결고리는 다양하다,8,30,0.2577393657622985,mid(15~30%),test,zk_00018
test,364,121,5.5433125,16000,농민들을 위해 가장 절실한 의료법인 설립도 준비 중이다,8,23,0.3140745370234794,high(30%~),test,zk_00019
train,6531,127,6.53875,16000,모래시계는 이미 오래 전에 고장이 났고 이제는 더 이상 작동하지 않는 것 같습니다,13,33,0.266260876622285,mid(15~30%),test,zk_00020
train,6538,127,9.14725,16000,입소문이 나자 낙동강유역환경청은 지난해 삼 월 뉴트리아 퇴치전담반을 꾸리고 전씨를 퇴치반장으로 스카우트했다,12,48,0.19033188193325493,mid(15~30%),test,zk_00021
train,6560,127,7.0538125,16000,이전에는 경영학과가 취업시장에서 주목을 받았다면 몇년 전부터는 공대생들의 활약이 두드러졌다,10,41,0.24681876744157377,mid(15~30%),test,zk_00022
train,6564,127,11.2328125,16000,그러면서도 사위에 대한 형량이 낮다는 이른바 봐주기 수사 논란에 대해선 정치인 인척을 봐주는 판검사가 있느냐고 발끈하며 결백을 주장했다,18,58,0.15499353407830552,mid(15~30%),test,zk_00023
train,6574,127,9.2679375,16000,배상 방식의 종류는 무상수리에서부터 환불이나 반품 교환 위약금없이 렌털계약 해지 등 다양하다,12,40,0.1878533715849903,mid(15~30%),test,zk_00024
train,6589,127,12.2986875,16000,한 온라인 영어학원은 여자 아이돌 그룹의 앨범 재킷 사진에 나온 옷을 강사들에게 똑같이 입히고 비슷한 포즈로 포스터 촬영을 했다,19,53,0.14156090290235981,low(~15%),test,zk_00025
train,6592,127,5.727375,16000,어서 하는 목소리가 들리더니 또 기관총 소리가 들려왔습니다,8,25,0.3039810221984707,high(30%~),test,zk_00026
train,6614,127,9.1158125,16000,추 회장은 메르스 노출자 관리에 큰 공백이 있어 선의의 병원과 환자들의 피해가 지속적으로 발생하고 있다,15,43,0.19098827526498224,mid(15~30%),test,zk_00027
train,6642,127,7.8581875,16000,그런데 이런 시대착오적인 욕설까지 서슴지 않는 사람이 과연 이것만 했을까요,10,32,0.22155405518307705,mid(15~30%),test,zk_00028
train,6653,127,6.3295,16000,주변국들이 이런 사업을 가만히 지켜보고 있을 리가 없다,8,23,0.27506332364546426,mid(15~30%),test,zk_00029
train,7003,136,8.8165,16000,출시와 함께 바나나 트렌드를 업은 초코파이 바나나는 사 월 한 달간 이천 만개가 팔렸다,14,35,0.19747216094980619,mid(15~30%),test,zk_00030
train,7012,136,8.5538125,16000,이런 상황에서 상호주의 원칙만을 주장해 한 사람의 인권이 침해되는 일이 벌어지고 있는 겁니다,13,39,0.20353652912241954,mid(15~30%),test,zk_00031
train,7032,136,8.0110625,16000,세계 금융시장이 흔들리면 한국 경제 역시 직간접적인 충격을 피할 수 없을 전망이다,12,34,0.21732614207091336,mid(15~30%),test,zk_00032
train,7037,136,5.6999375,16000,평양에서 단란하게 가정을 꾸리며 행복하게 잘 살았어요,7,23,0.3054442802248211,high(30%~),test,zk_00033
train,7044,136,9.325125,16000,경향신문 박근혜 대통령과 비선실세인 최순실씨의 관계를 풍자한 그림,8,29,0.18670133719536908,mid(15~30%),test,zk_00034
train,7047,136,8.4491875,16000,아밀카는 휘날리는 스카프가 차축에 감기기 더 쉬운 형태의 차라는 점도 이를 뒷받침한다,12,36,0.20605689091572013,mid(15~30%),test,zk_00035
train,7049,136,6.4835625,16000,한편 타이즈는 현재 민병대와 후티 반군이 교전 중에 있다,9,23,0.2685272652209285,mid(15~30%),test,zk_00036
train,7053,136,9.1265,16000,이른바 동네의원 외래진료 본인부담금 노인정액제가 현행대로 당분간 유지될 것으로 보인다,10,38,0.19076462028312782,mid(15~30%),test,zk_00037
train,7062,136,5.9546875,16000,또 적절하지 않다 이런 비판은 피하기는 어려울 것 같습니다,9,24,0.2923769395142845,mid(15~30%),test,zk_00038
train,7067,136,8.822875,16000,건강 전문가들도 영양과 건강에 대해 흔히 의견의 일치를 보지 못합니다,10,29,0.19732947673110707,mid(15~30%),test,zk_00039
train,9453,141,10.9168125,16000,이 고사총은 대공용이 주임무지만 사람 특히 정적이나 정치범 등을 대상으로 한 것은 북한 외에는 없다는 것이 전문가들의 전언이다,18,53,0.1594800045355699,mid(15~30%),test,zk_00040
train,9457,141,6.5249375,16000,그랬더니 강남구 쪽에서 좋은 의견을 내주시는데 왜 제가 안 받겠느냐,10,28,0.2668245185511687,mid(15~30%),test,zk_00041
train,9459,141,6.94125,16000,이 수치는 전 세계의 남녀노소 일 인당 백 육십 이 달러에 해당하는 액수이다,13,30,0.25082129400525355,mid(15~30%),test,zk_00042
train,9461,141,12.5399375,16000,또한 이른바 과도기에 있는 나라들 특히 동유럽의 나라들과 구소련의 공화국들에 살고 있는 사람들 중에도 영양 부족 상태에 있는 사람이 이천 칠백 만 명이나 됩니다,24,66,0.1388374788162992,low(~15%),test,zk_00043
train,9463,141,8.3621875,16000,지하철 일 호선과 칠 호선이 만나는 구로구 온수동도 평당 비용이 삼 만 육천 원 정도로 저렴했다,16,38,0.20820070191130804,mid(15~30%),test,zk_00044
train,9465,141,12.0205,16000,어제 새누리당 유승민 원내대표가 담배가격 인상 후 담배를 피우는 어르신들의 고통이 크니 저가담배 정책을 검토해보라는 얘길 했는데 후폭풍이 거셉니다,19,63,0.14483701235505728,low(~15%),test,zk_00045
train,9469,141,11.8655625,16000,부친은 누군가 동행해 우리 둘만의 시간을 허락하지 않았고 만남은 냉랭했다며 숙소로 안내하지도 않았고 어쩌다 다쳤는지 전투에 참여했는지도 말하지 않았다고 전했다,20,69,0.1467282572582603,low(~15%),test,zk_00046
train,9472,141,7.749,16000,한일 양국이 위안부 문제에 대해 합의했다고 선언한 지 불과 하루도 되지 않아 후폭풍이 불어 닥쳤다,15,40,0.22467586875906134,mid(15~30%),test,zk_00047
train,9473,141,6.5573125,16000,현재 태풍 찬홈은 중국 상하이 남쪽 해안 가까이 올라왔습니다,9,25,0.2655071429055678,mid(15~30%),test,zk_00048
train,9474,141,11.0530625,16000,이준삼 특파원 중국에서 개인의 성과 이름을 지을 수 있는 성명권을 제한하는 취지의 첫 판결이 나왔다고 중국언론들이 이십 오 일 보도했다,20,56,0.15751411041183982,mid(15~30%),test,zk_00049
train,6839,146,6.1940625,16000,계속해서 여러분의 적들을 사랑하고 여러분을 박해하는 사람들을 위하여 기도하십시오,9,36,0.28107777521036736,mid(15~30%),test,zk_00050
train,6845,146,5.4324375,16000,다만 그는 김 대표가 가져온 정보가 효과가 하나도 없었다,9,23,0.32048473765486785,high(30%~),test,zk_00051
train,6877,146,7.7099375,16000,그리고 가장 큰 문제는 상당수 이용자들이 이 면책제도를 자차보험으로 혼동하고 있다는 점입니다,12,40,0.22581419201050154,mid(15~30%),test,zk_00052
train,6885,146,8.9739375,16000,아직 사각지역에서 버려지는 아이들과 제도 속에 포함되지 못하는 아이들에 대한 특별한 조치는 제대로 이루어질 필요가 있다,16,51,0.19400773707349378,mid(15~30%),test,zk_00053
train,6886,146,6.85175,16000,월세 문제로 종종 만나는 건물 관리인이 이 건물에서 황씨를 아는 유일한 사람이었다,12,34,0.2540976111232847,mid(15~30%),test,zk_00054
train,6887,146,7.709375,16000,다만 다른 건 두렵지 않은데 내가 조두순 사건의 피해자라는 걸 주변 사람들이 아는 것이 스트레스라고 말한다,16,44,0.22583066811693117,mid(15~30%),test,zk_00055
train,6895,146,13.207,16000,울산의 경우 도시 근교농업을 발전시켜 공급하는 체계를 갖춰야 한다며 앞으로 신규 품목 단지를 발굴 농가들에 인센티브를 제공하는 등 관련 투자를 강화할 예정이라고 말했다,23,71,0.1318250402827263,low(~15%),test,zk_00056
train,6901,146,11.624375,16000,주민들이 증거로 제출한 사진과 영상을 보면 실제로 야구경기장의 일부 조명이 아파트 쪽으로 비쳐 눈이 부실 정도의 강한 빛을 발산하고 있는 것을 알 수 있다,24,63,0.14977263784194558,low(~15%),test,zk_00057
train,6904,146,7.0501875,16000,그럴 때 부모가 자신의 감정을 솔직하게 표현해야 아이들도 속마음을 털어 놓게 되지요,12,35,0.24694567442553353,mid(15~30%),test,zk_00058
train,6915,146,13.2931875,16000,앞으로 오 년밖에 남지 않은 전면적 샤오캉 사회가 가장 소외받고 의료혜택을 전혀 보지 못하는 정신질환자들을 외면한다면 과연 진정한 샤오캉 사회라 할 수 있을까,23,66,0.13097034153877438,low(~15%),test,zk_00059
test,179,147,8.086,16000,천 구백 육십 년대 초반 우리는 남부 아프리카에서 여행하는 봉사를 수행하라는 임무를 받았습니다,13,40,0.21531205874523449,mid(15~30%),test,zk_00060
test,184,147,6.1204375,16000,그러한 청소년들이 우울증을 이겨 내는 데 무엇이 도움이 됩니까,9,26,0.28445896343422605,mid(15~30%),test,zk_00061
test,192,147,11.470625,16000,성과상여금 부당수령자의 수령액을 환수 조치하고 다음해 성과상여금을 지급하지 않는 한편 징계 조치하기로 했다,13,47,0.15178016080326626,mid(15~30%),test,zk_00062
test,197,147,9.8136875,16000,이처럼 배우자의 외도가 검은 머리가 파뿌리가 될 때까지 고락을 함께해온 노부부의 주된 이혼 사유가 되는 셈이다,16,46,0.17740663812801927,mid(15~30%),test,zk_00063
test,202,147,6.554625,16000,주 사장은 최근 몇 년 동안 증권가에서 뜨거운 인물이었다,9,23,0.2656160050367437,mid(15~30%),test,zk_00064
test,205,147,6.679375,16000,사실상 가계대출 증가세에 브레이크가 걸리지 않고 있는 것이다,8,26,0.2606551222253528,mid(15~30%),test,zk_00065
test,215,147,9.4824375,16000,경주 지역 인사들의 건의에 박 대통령이 구체적으로 어떻게 반응했는지는 알 수 없다,12,34,0.18360398442003611,mid(15~30%),test,zk_00066
test,217,147,6.8425,16000,그러나 서면이나 전화보고는 쌍방향 소통이 아닌 일방적 지시 성격이 강하다,10,31,0.2544411117302106,mid(15~30%),test,zk_00067
test,223,147,8.1158125,16000,사례 일 은 영어유치원에 다니는 아이의 생활이라는 인터넷에서 떠도는 글을 재구성한 것이다,12,38,0.2145211347617957,mid(15~30%),test,zk_00068
test,225,147,7.0171875,16000,이번 시음은 오스트리아 출신의 소믈리에 거장인 안드레아스 비크호프가 맡았다,9,33,0.248106995432852,mid(15~30%),test,zk_00069
test,255,149,8.512875,16000,이 일 자동차업계에 따르면 임팔라는 지난달 삼십 일 일 하루에만 구백 대가 넘는 계약이 이뤄진 것으로 파악됐다,17,45,0.2045153143930771,mid(15~30%),test,zk_00070
test,258,149,7.272,16000,다른 지역에서는 그곳이 아무리 넓다 하더라도 푸야 라이몬디를 발견하기가 어려울 것입니다,11,38,0.2394132710415245,mid(15~30%),test,zk_00071
test,261,149,8.574625,16000,지금 어딘가에서 냉정하게 열심히 쓰고 있다는 한강 작가의 그 다음 작품 그 작품도 기대하고 있겠습니다,15,42,0.2030425012188832,mid(15~30%),test,zk_00072
test,270,149,7.33775,16000,애플 입장에선 이천 십 이 년 맥북 프로 레티나 버전 이후 처음으로 맥북 디자인을 확 바꿨다,16,36,0.23726800545316565,mid(15~30%),test,zk_00073
test,275,149,7.5668125,16000,박 대통령의 입장 표명과 사과를 요구하는 정치권의 요구에 곧장 맞서서 대응하기도 힘든 상황이었다,13,41,0.23008542989719463,mid(15~30%),test,zk_00074
test,277,149,5.8478125,16000,재발 완화형과는 달리 재발기와 재발기 사이에도 병이 진행된다,8,26,0.29772043939746123,mid(15~30%),test,zk_00075
test,278,149,6.7025625,16000,그러나 서면이나 전화보고는 쌍방향 소통이 아닌 일방적 지시 성격이 강하다,10,31,0.2597533864121321,mid(15~30%),test,zk_00076
test,280,149,6.6115,16000,경남에서도 열 여덟 개 시 군 가운데 열 한 개 시 군만 월 삼 만 십 만원의 수당을 준다,19,32,0.263331060578381,mid(15~30%),test,zk_00077
test,281,149,5.3913125,16000,그녀는 그 과정을 힘들어 하지 않고 재밌게 받아들인다,8,22,0.3229293992907972,high(30%~),test,zk_00078
test,282,149,7.378,16000,연구진은 아이에게서 유전자 변이가 일어날 가능성이 일 퍼센트 미만일 것으로 추정하고 있습니다,12,40,0.23597361168527597,mid(15~30%),test,zk_00079
train,12813,155,10.2061875,16000,그리고 다시 경남기업의 신기수 회장의 도움을 받고 주변 지인들의 도움을 받아서 성북동으로 이사를 가지 않습니까,15,47,0.17058409979377373,mid(15~30%),test,zk_00080
train,12817,155,12.2190625,16000,이런 추세라면 한국은행이 관련통계를 내기 시작한 이천 이 년 이후 처음으로 연간 이용 건수가 한 억건 아래로 떨어질 수 있다는 전망이 나온다,22,57,0.14248337849274167,low(~15%),test,zk_00081
train,12820,155,8.2258125,16000,미군 태평양 사령부는 실제 지난 팔 일 칼 빈슨호가 북쪽으로 선수를 돌렸다고 밝혔다,13,34,0.21165244248078427,mid(15~30%),test,zk_00082
train,12821,155,6.2229375,16000,그 후 천사들이라고 불리는 하느님의 다른 아들들도 창조되었습니다,8,28,0.279773548587619,mid(15~30%),test,zk_00083
train,12822,155,10.0339375,16000,식당 사장의 눈에 누엔티는 한국 남성과 결혼해 집을 사려고 착실하게 일하는 막내딸 같은 아이였다,14,40,0.17351247274701145,mid(15~30%),test,zk_00084
train,12824,155,7.4470625,16000,저는 제 대통령직 임기 단축을 포함한 저의 진퇴 문제를 국회의 결정에 맡기겠습니다,12,34,0.23378524176666518,mid(15~30%),test,zk_00085
train,12826,155,8.9844375,16000,몰디브 방송위원회는 국가안보에 위해를 줄 수 있는 어떤 내용도 방송하지 말 것도 지시했다,13,37,0.19378100265197082,mid(15~30%),test,zk_00086
train,12832,155,10.4575625,16000,청와대의 조오영 전 행정관이 서초구청의 조이제 전 국장을 통해 정보를 입수한 게 맞는지 사실관계부터 들여다볼 필요가 있다,17,51,0.1664836626139185,mid(15~30%),test,zk_00087
train,12833,155,6.3475625,16000,또 적절하지 않다 이런 비판은 피하기는 어려울 것 같습니다,9,24,0.2742806088185766,mid(15~30%),test,zk_00088
train,12834,155,12.3324375,16000,당시 현 회장은 사행사업을 한다는 한국마사회의 이미지를 개선하고자 추진한 테마파크 사업이 공개된 자리에서 특혜 의혹을 받는 자체가 참담하다,18,60,0.14117349526514658,low(~15%),test,zk_00089
train,6091,159,8.323,16000,천 구백 삼십 팔 년에는 지원병 제도를 도입했고 일본어와 일본사를 필수과목으로 하는 조선교육령을 실시했다,14,45,0.2091809812584364,mid(15~30%),test,zk_00090
train,6092,159,7.658625,16000,오 일 오후 두 시 서울 종로구 대학로 마로니에 공원에서 열린 서울지역 대학생들의 박근혜 정권 퇴진,16,40,0.22732713862004814,mid(15~30%),test,zk_00091
train,6096,159,8.96275,16000,양자간의 무역협상은 일본의 농업과 소고기 분야를 보호하기 위한 노력과 양국의 자동차 시장에 대한 분쟁으로 좌절돼왔다,15,50,0.19424990176162074,mid(15~30%),test,zk_00092
train,6102,159,6.2906875,16000,박재홍 이어서 크림빵 뺑소니 사건 수사에 도움을 주시고 계시는 네티즌입니다,10,32,0.2767604187958735,mid(15~30%),test,zk_00093
train,6107,159,9.2880625,16000,영남권 광역단체장들은 지난해 이미 정부의 결정에 승복한다고 합의한 만큼 일단 정부 발표에 승복할 수밖에 없다는 입장이다,16,51,0.18744633846014344,mid(15~30%),test,zk_00094
train,6109,159,6.8748125,16000,평소 규정과 절차에 맞는 업무 처리를 중시하던 그는 군 내부에 문제를 제기했다,12,32,0.2532452058894648,mid(15~30%),test,zk_00095
train,6111,159,10.3325625,16000,이날 미국 에너지정보국은 지난주 원유 재고가 전주보다 육백 삼십 만 배럴 증가한 사 억 천 삼백 여섯 만배럴을 기록했다고 밝혔다,20,52,0.1684977281302645,mid(15~30%),test,zk_00096
train,6121,159,5.1239375,16000,후속 대책으로 판매 제품 전량을 신제품으로 교환하기로 했다,8,25,0.3397803558325928,high(30%~),test,zk_00097
train,6128,159,8.256,16000,연금 가입 등 은퇴 이후 소득 준비가 실제로 나아진 요인도 있지만 눈높이가 낮아진 요인도 작용한 것이다,16,42,0.21087854978366838,mid(15~30%),test,zk_00098
train,6133,159,6.1705,16000,이제 퇴근하면 뭐 할 거냐고 묻자 이씨와 최씨 그리고 김동윤씨가 각자 대답했다,12,32,0.28215109099975144,mid(15~30%),test,zk_00099
train,20976,161,12.38425,16000,이와 관련 김 대표는 최근 언론 인터뷰에서 문 전 대표가 김 대표를 삼고초려할 때 대선까지 당을 이끌어달라고 했나는 질문에 그렇게 얘기했다고 언급한 바 있다,24,64,0.14058286186195904,low(~15%),test,zk_00100
train,20979,161,9.9109375,16000,재계약 과정에서도 수당 상여금 요청을 번번이 거부당한 박씨는 결국 올 이 월 서울지방노동위원회에 차별시정 신청을 냈다,16,50,0.1756658547199966,mid(15~30%),test,zk_00101
train,20980,161,5.5439375,16000,박정희 향수는 그쯤에서 박정희가 죽었기 때문에 나타난 현상이다,8,27,0.31403912959227376,high(30%~),test,zk_00102
train,20986,161,10.0178125,16000,동시 다량 정밀타격이 가능한 미사일 전력과 전담 투입 작전부대를 운용해 김정은 등 북한 전쟁지휘부를 직접 겨냥해 응징 보복하는 체계를 말한다,20,59,0.17379176412155511,mid(15~30%),test,zk_00103
train,20997,161,5.09425,16000,그런데 간 김에 우리 내외가 피검사 등 건강검진을 했다,9,22,0.3417604764222341,high(30%~),test,zk_00104
train,21007,161,8.7735,16000,이들 병원은 격리시설 마련 등의 준비를 거친 후 오는 십 오 일부터 순차적으로 안심병원 운영에 들어간다,16,42,0.19843999624026512,mid(15~30%),test,zk_00105
train,21008,161,6.6376875,16000,머스크의 상상력이 현실에서 펼쳐질 가능성이 커지면서 개발업체를 향한 투자도 이어지고 있다,11,39,0.2622921472295835,mid(15~30%),test,zk_00106
train,21013,161,9.2179375,16000,멋진 동물들 중 하나 어쩌면 위풍당당한 사자나 거대한 시베리아호랑이를 안거나 쓰다듬어 보기를 바란 적이 있습니까,15,48,0.188872327135432,mid(15~30%),test,zk_00107
train,21018,161,8.708375,16000,박정희 전 대통령이 사십 년전 창원기계공업단지를 지정했고 같은해에 거제에 조선공업단지를 지정했다,11,43,0.1999240164799938,mid(15~30%),test,zk_00108
train,21044,161,7.1775625,16000,학교 무상급식 지원을 중단한 홍준표 경남도지사가 이 의원의 질의를 듣고 있다,11,32,0.24256330850674812,mid(15~30%),test,zk_00109
train,16072,162,6.51125,16000,하지만 사실 우리 각자에게는 그보다 훨씬 더 가치 있는 액체가 몇 리터씩 있습니다,13,33,0.26738541862376136,mid(15~30%),test,zk_00110
train,16084,162,7.2535,16000,삼성그룹 안팎에선 이 지분을 모두 매각해 경영권을 넘기는 방안이 유력하게 보고 있습니다,12,37,0.24002389288122508,mid(15~30%),test,zk_00111
train,16091,162,5.611625,16000,각 언론사에서 대선주자 취재를 전담하는 마크맨도 아예 없다,8,25,0.3102511851761239,high(30%~),test,zk_00112
train,16092,162,8.1835625,16000,정연국 대변인은 국민이 큰 충격에 빠져 있는데 이른 시일 내에 귀국해 의혹을 해소시켜야 한다고 촉구했다,15,43,0.2127451592156797,mid(15~30%),test,zk_00113
train,16104,162,10.1823125,16000,아울러 획정 기준은 현행 공직선거법을 근거로 게리맨더링을 방지하고 지역대표성을 확보하는 등 기본 원칙을 지킨다는 방침이다,15,53,0.1709840772431573,mid(15~30%),test,zk_00114
train,16108,162,10.0259375,16000,뇌 먹는 아메바로 불리는 이 단세포 생물은 강이나 호수에 번식하다가 코나 입을 통해 사람의 몸에 들어가 뇌나 척추로 침투한다,19,51,0.17365092361826176,mid(15~30%),test,zk_00115
train,16112,162,10.7233125,16000,서울중앙지법 형사합의 이십 칠 부는 십 칠 일 공직선거법 위반 혐의로 기소된 양씨 등 일곱 명에 대해 각각 벌금 칠백 만 에서 천 오백 만원을 선고했다,26,59,0.1623577888841686,mid(15~30%),test,zk_00116
train,16119,162,9.2148125,16000,만약 사망할 정도로 큰 충격을 받았다면 부딪치는 소리가 크게 났을 텐데 남자친구가 인지하지 못했다는 것이 의아하다,16,48,0.1889363790108552,mid(15~30%),test,zk_00117
train,16123,162,4.9638125,16000,개인별 체크 결과에 따라 그에 맞는 예방 운동을 진행한다,9,23,0.35074115047938775,high(30%~),test,zk_00118
train,16131,162,9.575125,16000,이전에 제기됐던 성능문제도 다양한 개발툴이 등장하면서 차츰 개선되고 있어 앞으로 더욱 이런 추세는 지속될 것으로 예상된다,16,52,0.181826692290071,mid(15~30%),test,zk_00119
train,6446,173,6.836875,16000,오백 유로 지폐로 이용해 수백만 달러를 조성할 때 그 무게는 이 쩜 이 파운드에 불과하다,15,35,0.25465045170695183,mid(15~30%),test,zk_00120
train,6478,173,9.252375,16000,외부투자를 속속 받으며 부상하던 여기어때와 야놀자가 해킹 파문과 성매매 논란에 휩싸이면서 전례 없는 혼란에 빠졌다,15,49,0.18816934106258837,mid(15~30%),test,zk_00121
train,6493,173,8.94525,16000,이번 경매 낙찰 회사인 기요무라의 기무라 기요시 사장은 쓰키지시장 최후의 새해 첫경매 낙찰자가 돼서 감개무량하다,15,48,0.19462992169184384,mid(15~30%),test,zk_00122
train,6494,173,9.396375,16000,정부가 이천 십 삼 년 소득공제를 세액공제로 바꾸고 올해 들어 연말정산 파동이 커지자 저소득층 및 중산층 세금을 깎으면서다,18,51,0.18528563483406804,mid(15~30%),test,zk_00123
train,6496,173,12.6455625,16000,울산의 경우 도시 근교농업을 발전시켜 공급하는 체계를 갖춰야 한다며 앞으로 신규 품목 단지를 발굴 농가들에 인센티브를 제공하는 등 관련 투자를 강화할 예정이라고 말했다,23,71,0.13767780650437386,low(~15%),test,zk_00124
train,6499,173,5.0511875,16000,고추는 씨를 뿌려서 재배하기도 하고 모종을 하기도 합니다,8,24,0.34467406070631235,high(30%~),test,zk_00125
train,6502,173,10.00525,16000,이들은 달 주변에 있는 지구와 달의 중력이 영 이 되는 중간 지점인 라그랑쥬포인트에 정지 우주선이나 우주우주정거장을 두게 된다,18,53,0.17400997546427788,mid(15~30%),test,zk_00126
train,6503,173,8.05475,16000,연금 가입 등 은퇴 이후 소득 준비가 실제로 나아진 요인도 있지만 눈높이가 낮아진 요인도 작용한 것이다,16,42,0.21614740457667414,mid(15~30%),test,zk_00127
train,6509,173,9.1528125,16000,사람들이 규정을 계속 준수하게 하기 위해 그 목회자들은 말하자면 지옥의 불을 지핀 다음 그 불을 계속 활활 타오르게 하였습니다,19,52,0.19021621026476465,mid(15~30%),test,zk_00128
train,6519,173,6.980625,16000,새누리당 입장에서는 법안명 등 일부 세부조항을 제외하고는 사실상 다 내줬다는 평가다,11,36,0.24940650830175898,mid(15~30%),test,zk_00129
train,9322,182,6.32575,16000,광화문 앞 왕복 팔 차로인 율곡로까지는 지난주와 마찬가지로 허용했다,9,29,0.2752263853320106,mid(15~30%),test,zk_00130
train,9323,182,9.6021875,16000,불도저로 낙후한 주거 지역을 모두 밀어 버리는 대신 마을 만들기 사업을 통해 구도심을 살기 좋은 곳으로 바꿔 나가는 게 도시 재생의 핵심이다,22,57,0.1813142377207242,mid(15~30%),test,zk_00131
train,9327,182,6.37725,16000,단박근혜 대통령의 요즘 심경에 대해 청와대 참모들은 다 내려놓았다고 전하고 있다,11,34,0.2730037723178433,mid(15~30%),test,zk_00132
train,9332,182,7.6113125,16000,사도들이 도움을 청하자 예수께서는 일어나 바람을 꾸짖으시며 바다더러 잠잠하여라,9,35,0.22874022148137604,mid(15~30%),test,zk_00133
train,9340,182,6.78775,16000,자기계발비가 너무 적어 가족당 외출을 한 달에 한 두 번밖에 못할 명세서도 등장했다,13,34,0.2564934340560519,mid(15~30%),test,zk_00134
train,9347,182,4.9886875,16000,현금 삼 만 오 천 원을 받은 남성은 유유히 밖으로 사라집니다,11,24,0.34899225638285947,high(30%~),test,zk_00135
train,9349,182,7.3381875,16000,대신 준거집단 성향 고관여가전제품 여부가 향후수입 가전제품 구입 의향에 영향을 미쳤다,11,37,0.23725385962323342,mid(15~30%),test,zk_00136
train,9356,182,9.8230625,16000,인스타그램의 경우도 검색란에 해시태그와 함께 영문으로 특정 성적 단어를 검색하면 검색 결과가 보이지 않는 등 자체 필터링이 되고 있다,19,56,0.17723732359576924,mid(15~30%),test,zk_00137
train,9359,182,5.1330625,16000,책가방 판매 직원 품절된 것은 아니고 아직 한개 남아있으니까요,9,26,0.33917633128643304,high(30%~),test,zk_00138
train,9364,182,6.9001875,16000,내년 일 월 일 일 담뱃값 이 천원 인상을 앞두고 인기 담배를 위주로 담배 품귀 현상이 일어나고 있다,18,39,0.2523139127761334,mid(15~30%),test,zk_00139
train,14353,193,7.1296875,16000,정부는 소수의 부를 위해 세금이나 내는 봉으로 국민을 생각하는 그릇된 정치를 반성해야 한다,13,38,0.24419209215186025,mid(15~30%),test,zk_00140
train,14404,193,10.1229375,16000,중국의 금수저들이 영국풍 무도회에 가기 위해 포크질을 배우는 사이 흑수저들은 밤새 베껴 쓴 필사본 인증샷을 학교와 직장 웹사이트에 올리고 있다,20,60,0.17198696593888543,mid(15~30%),test,zk_00141
train,14412,193,5.408,16000,서로에 대한 배려의 마음도 조금씩 키우게 됐다는 이들도 많습니다,9,27,0.32193293398926887,high(30%~),test,zk_00142
train,14451,193,9.9296875,16000,근무여건 개선을 촉구하는 급식 조리 종사원들과 이를 받아들일 수 없다는 학교 측의 갈등으로 애꿎은 학생들이 두 주째 급식을 먹지 못하고 있다,21,58,0.1753341489361036,mid(15~30%),test,zk_00143
train,14513,193,6.0406875,16000,김능진 그건 저희 생각으로는 말장난 같은 것에 지나지 않다고 봅니다,10,28,0.2882144303962034,mid(15~30%),test,zk_00144
train,14531,193,5.905375,16000,과거 이천 구 년 이천 십 삼 년 제도 변경때도 비슷한 패턴이 반복됐다,13,27,0.2948184166143498,mid(15~30%),test,zk_00145
train,14569,193,9.4019375,16000,당초 이를 근거로 발사에 실패한 것 아니냐는 관측도 나왔지만 우리 군 당국과 북한은 위성이 우주궤도 진입에 성공했다고 발표했다,18,53,0.18517601366888112,mid(15~30%),test,zk_00146
train,14600,193,8.4416875,16000,회수대상은 이천 십 육 년 시 월 일 일 에서 이천 십 육 년 십 일 월 십 구 일 내로 유통기한이 표시된 제품들이다,24,42,0.20623996173916248,mid(15~30%),test,zk_00147
train,14608,193,6.196625,16000,문제는 손님 목적지에 따라서 시간당 매출이 몇 배로 차이가 난다는 것이다,11,30,0.2809615406796387,mid(15~30%),test,zk_00148
train,14655,193,7.803625,16000,실제로 민 전 사장이 사표를 내자 후임 사장으로 청와대 등은 백 사장이 아니라 다른 후보를 원했다고 한다,17,42,0.22310314847445464,mid(15~30%),test,zk_00149
train,9655,196,10.404375,16000,그 해에 개발도상국들에서는 분당 백 명가량의 아이들이 태어났는데 그 백 명당 열 다섯 명은 태어난 지 일 년이 되기도 전에 사망하였습니다,21,56,0.16733473245764077,mid(15~30%),test,zk_00150
train,9659,196,6.2075625,16000,일각에서는 지상파 방송사들의 수입 챙기기가 도를 넘었다는 지적도 제기하고 있다,10,34,0.28046649663438206,mid(15~30%),test,zk_00151
train,9709,196,6.0405625,16000,그런데 지금 미국은 중국보고 하라고 했는데 하지 않으면 우리가 하겠다 이러고 있는데요,12,36,0.2882203945433834,mid(15~30%),test,zk_00152
train,9754,196,8.8435625,16000,해지 변경은 은행 영업일 오전 아홉 시부터 오후 다섯 시까지이며 자동이체 조회 서비스는 오전 아홉 시부터 오후 열 시까지다,19,50,0.1968678693698344,mid(15~30%),test,zk_00153
train,9768,196,9.3994375,16000,이 대표는 이 자리에서 젊은 여러분들의 열정과 충정이야말로 새누리당의 희망이라며 그래서 제가 결심했고 날짜까지 박았잖나라고 하소연했다,16,59,0.18522526555594057,mid(15~30%),test,zk_00154
train,9805,196,5.1213125,16000,이십 여년이 흐른 지금도 그의 말을 백 퍼센트 는 드물다,10,22,0.33995451498301776,high(30%~),test,zk_00155
train,9893,196,7.149125,16000,또 이번 사태를 통해 북한이 남 남 갈등을 기대했다면 북한군 입장에서는 우리군의 사기만 올려준 꼴이 됐다,16,43,0.24352816701539926,mid(15~30%),test,zk_00156
train,9907,196,8.0496875,16000,이들은 출발 후 영 쩜 오 키로미터 해상의 반환점을 돈 뒤 도착점으로 돌아오다 각각 의식을 잃고 해상에 떠오른 채 발견됐다,20,49,0.21628334106311162,mid(15~30%),test,zk_00157
train,10000,196,7.6689375,16000,아영씨의 그런 태도를 반복적으로 접하는 사람들은 아영씨를 존중하지도 조심스럽게 대하지도 않게 돼요,12,43,0.2270214494529348,mid(15~30%),test,zk_00158
train,10041,196,8.2009375,16000,이대순 변호사는 권 변호사를 구속한다면 변호사업계 전체의 업무수행을 어렵게 만드는 잘못된 선례가 될 수 있다고 말했다,16,50,0.21229442451109598,mid(15~30%),test,zk_00159
train,10422,197,12.56725,16000,특히 네 번째 미니앨범 총괄 프로듀싱을 맡았던 용감한 형제와의 작업은 어땠냐는 질문에는 무서울 줄만 알았는데 직접 만나 뵈니 주옥같은 메시지를 주시더라고요,21,66,0.13853574226771698,low(~15%),test,zk_00160
train,10442,197,7.883125,16000,지구 상에 있는 비옥한 지역만으로도 세계 인구 아니 그보다 더 많은 사람들을 손쉽게 먹여 살릴 수 있습니다,17,43,0.22085319045606486,mid(15~30%),test,zk_00161
train,10458,197,9.968875,16000,긴 밤을 뚫고 붉은 해가 뜨면 기차보다 날렵한 지하철이 새벽 다섯시 십사분에 따따따따 가벼운 음악을 울리며 새벽녘 첫출발을 한다,19,53,0.1746449129930876,mid(15~30%),test,zk_00162
train,10486,197,10.0925,16000,먼저 아베총리는 오사카시의 학교 법인 모리토모 학원이 사 월 개교할 예정인 초등학교와 관련 아키 부인이 명예 교장을 사임했다고 밝혔다,19,56,0.1725056534073784,mid(15~30%),test,zk_00163
train,10513,197,5.64875,16000,오랜 세월 사람 손을 탄 듯한 가발과 마네킹들이 묘한 분위기를 풍긴다,11,28,0.30821213666987674,high(30%~),test,zk_00164
train,10574,197,8.8409375,16000,김현정 혹시 매장에서 벌어진 일이 아니더라도 대표님께서 저건 정말 아닌데 라고 느껴졌던 경험이 있나 모르겠어요,15,47,0.19692632223833342,mid(15~30%),test,zk_00165
train,10576,197,11.878,16000,온라인 여행전문 사이트 익스피디아에 따르면 아랍에미리트 직장인들은 연차휴가 삼십 일 스웨덴 네덜란드 노르웨이는 이십 오 일을 받아 백 퍼센트 쓰고 있다,21,64,0.1465746175293792,low(~15%),test,zk_00166
train,10614,197,6.2711875,16000,졸업을 유예하는 대학생들에게 대학마저도 점점 남아 있기 어려운 공간이 되고 있다,11,34,0.2776209939527348,mid(15~30%),test,zk_00167
train,10684,197,6.814375,16000,한겨울 간식거리인 호빵과 즉석어묵도 매출이 전년대비 이십 에서 삼십 퍼센트 감소했다,11,36,0.2554912676531547,mid(15~30%),test,zk_00168
train,10686,197,13.0660625,16000,돌잔치는 김영란법이 정한 경조사에 해당하지 않아서 오 만원 이내의 선물만 가능하지만 돌잔치 행사장 대여료와 식사비용을 감안하면 사실상 손해를 감수해야 하는 상황이다,21,71,0.1332469752853215,low(~15%),test,zk_00169
train,17015,206,8.9068125,16000,최순실 씨 조카 장시호 씨가 최근 특검에서 의미심장한 진술을 한 것으로 확인됐습니다,12,35,0.1954698504110159,mid(15~30%),test,zk_00170
train,17057,206,10.42775,16000,리얼미터의 삼 월 두 주차 주중집계 당시 문재인 황교안 안희정으로 이어지는 백 이십 삼 위 구도가 뒤집어진 것,18,44,0.16695963242444115,mid(15~30%),test,zk_00171
train,17059,206,10.120375,16000,이천 팔 년 이후 지난해까지 추석 연휴 이후 코스피는 단 두 차례를 제외하고는 매년 부진한 모습을 보였다,17,42,0.1720305133963876,mid(15~30%),test,zk_00172
train,17064,206,11.018625,16000,상당수 언론이나 일반인은다른 곳도 아닌 청와대의 민정수석실에서 만든 보고서인 만큼 풍문을 짜깁기한 것일 수 없다,15,48,0.1580064034318226,mid(15~30%),test,zk_00173
train,17088,206,5.0349375,16000,노동자를 위한 변호인이 되겠다는 생각보다 당장의 생계 때문이었다,8,28,0.34578647838507753,high(30%~),test,zk_00174
train,17153,206,11.9781875,16000,항해를 지휘하는 선교에서 두 주만 더 경험을 쌓으면 된다고 말하자 그는 내가 이집트의 포트사이드로 항해하도록 마련해 주었습니다,17,54,0.14534864369204156,low(~15%),test,zk_00175
train,17167,206,8.8008125,16000,한국소비자원에 따르면 지난해 구 월 정수기렌털 상담이 전월대비 삼십 이 퍼센트 뛰었다,12,36,0.19782415623716176,mid(15~30%),test,zk_00176
train,17227,206,11.2475625,16000,그리고 나흘 뒤인 다음 달 일 일 박 시장은 박 전 대표와의 면담에서 사퇴를 종용했다고 박 전 대표 측은 주장했다,20,44,0.15479027629443856,mid(15~30%),test,zk_00177
train,17243,206,9.514875,16000,삼국유사에서 밀양 봉성사는 고려 태조에게 계책을 알려준 승려 보양이 머문 곳 등으로 기록됐다,13,39,0.18297805352292765,mid(15~30%),test,zk_00178
train,17310,206,5.02775,16000,나라나 종교가 다른 사람도 죽으면 모두 같은 장소로 가는가,9,24,0.3462808029464405,high(30%~),test,zk_00179
test,119,104,6.8649375,16000,한 잔의 커피가 소비자에게 전해지기 위해선 여러 차례의 공정을 거쳐야 한다,11,31,0.25360949127562576,mid(15~30%),train,zk_00180
test,120,104,8.031625,16000,다른 지역에서는 그곳이 아무리 넓다 하더라도 푸야 라이몬디를 발견하기가 어려울 것입니다,11,38,0.21676974547665837,mid(15~30%),train,zk_00181
test,127,104,12.845,16000,육십 사 년 초임검사로 임관한 김 전 실장은 십 년 후인 칠십 사 년 사 월 중앙정보부장 법률보좌관으로 파견됐고 같은 해 구 월 대공수사국장이 됐다,25,58,0.13554015624865443,low(~15%),train,zk_00182
test,141,104,10.7823125,16000,여러 해 앞서 탐험가인 커닝엄과 라이히하르트도 마카다미아 열매를 수집했지만 보관하기만 하고 품종에 관한 설명을 남기지 않았다,16,54,0.16146937932043484,mid(15~30%),train,zk_00183
test,152,104,10.647,16000,그는 미국 관료들은 전 씨를 약화시켜 한국을 불안정하게 만들고 예측 불가능한 결과를 부를까 봐 극도로 조심했다고 기술했다,17,51,0.16352149028026355,mid(15~30%),train,zk_00184
test,157,104,7.0905625,16000,마약이 구석구석까지 침투해 있는 많은 사회에 대해서도 그렇게 말할 수 있습니다,11,33,0.24553951918680164,mid(15~30%),train,zk_00185
test,164,104,8.465625,16000,견인이 번거로운 고급 수입차와 사 륜구동차는 견인하지 않는다는 불문율이 공공연히 퍼져 있다,12,39,0.2056567952175966,mid(15~30%),train,zk_00186
test,171,104,6.2516875,16000,또 바른정당을 제외한 야 삼 당은 탄핵을 공동 추진키로 했다,10,24,0.27848693764906934,mid(15~30%),train,zk_00187
test,173,104,7.455,16000,집이나 아파트를 구입할 때 한 번에 값을 모두 치를 수 있는 사람은 많지 않습니다,14,32,0.23353632555519332,mid(15~30%),train,zk_00188
test,176,104,10.18925,16000,탄수화물이 많이 들어간 음식을 짙은 갈색이 될 때까지 튀기거나 부쳐서 먹으면 발암 위험이 커진다는 경고가 잇따르고 있습니다,17,52,0.1708676602315152,mid(15~30%),train,zk_00189
test,7,105,11.5629375,16000,독일을 보호하기 위하여 회스는 약 이백 만 명의 인명을 앗아 가는 일을 지휘하였는데 그중 대부분이 유대인이었습니다,16,48,0.15056842666614484,mid(15~30%),train,zk_00190
test,15,105,11.903875,16000,이날 박창진 사무장은 내 지인으로부터 메신저 연락이 왔는데 나에 대한 찌라시가 돌고 있다고 한다고 전했다,15,44,0.1462560138622059,low(~15%),train,zk_00191
test,16,105,11.741125,16000,국내 경기가 여전히 침체된 상태에서 금리마저 올라가면 경기 회복 국면에 찬물을 끼얹을 수도 있다는 진단이다,15,45,0.14828334652888595,low(~15%),train,zk_00192
test,18,105,11.8196875,16000,임화섭 특파원 미국 내브래스카주 오마하의 동물원에 만취한 여성이 몰래 들어갔다가 호랑이에 물렸다,12,42,0.14729774429433656,low(~15%),train,zk_00193
test,23,105,10.6565,16000,아바의 엄마 크리스티나는 아이가 치료에 대한 두려움이 확 줄었다 면서 동병상련을 느끼는지 서로가 서로를 의지한다고 밝혔다,16,52,0.16337571501092912,mid(15~30%),train,zk_00194
test,24,105,9.17875,16000,이미 알려진 대로 미군은 한반도에 세 개 사드 포대 기지 배치가 필요하다는 입장이다,13,34,0.18967869339659169,mid(15~30%),train,zk_00195
test,27,105,12.48625,16000,하느님께서는 누구에게 우리가 우리의 형상대로 우리의 모양을 따라 사람을 만들자라는 말씀을 하셨나요,12,43,0.1394344424478099,low(~15%),train,zk_00196
test,33,105,9.3925625,16000,국회 추천이라고 했으니까 새누리당은 사사건건 딴지를 걸면서 시간을 끌 것이다,10,33,0.18536084343478854,mid(15~30%),train,zk_00197
test,37,105,6.8583125,16000,마이너스 금리 예치제도 효과를 보완하기 위한 목적이다,7,23,0.253854473241627,mid(15~30%),train,zk_00198
test,38,105,11.560875,16000,정권교체의 희망도 드리지 못했습니다라며 호남이 지지를 거둔다면 정계에서 은퇴하겠다고 밝혔다,10,41,0.15059528859311827,mid(15~30%),train,zk_00199
train,2856,106,6.692,16000,건보공단이 이씨에게 징수금을 부과하고 재산을 압류한 것은 부당하다고 판결했다,9,34,0.2601633752262352,mid(15~30%),train,zk_00200
train,2858,106,7.568125,16000,앵커 오늘 새벽 전남 여수에서 오늘 새벽 전남 여수에서 무궁화호 열차가 탈선했습니다,12,35,0.2300455273946937,mid(15~30%),train,zk_00201
train,2860,106,6.292625,16000,가방을 비롯한 수하물들을 컨베이어 벨트 위에 가능한 한 납작하게 올려놓으십시오,10,34,0.2766752042293901,mid(15~30%),train,zk_00202
train,2864,106,6.57125,16000,하지만 만성적인 운전자 부족에 시달리는 업계의 현실에서 이 같은 대책이 실효성이 없다는 지적이다,13,41,0.2649440071544936,mid(15~30%),train,zk_00203
train,2868,106,10.84375,16000,이른바 온라인 페미니즘이 지금 여기까지 오게 된 것도 팔십 년대 이후 한국에 뿌리를 내리기 시작한 페미니즘의 흐름에 많은 빚을 졌다,20,54,0.16055454128082686,mid(15~30%),train,zk_00204
train,2872,106,9.71875,16000,이런 모독적인 발언은 오히려 헌재 재판관들이 대통령 파면 쪽으로 마음을 굳히는 데 결정적인 역할을 한 것으로 알려졌다,17,49,0.1791396328760351,mid(15~30%),train,zk_00205
train,2877,106,6.1765,16000,대부분은 복합적인 국제 정치 상황에서 나오는 좌절을 제게 쏟아내는 거다,10,30,0.28187700267367705,mid(15~30%),train,zk_00206
train,2878,106,5.688875,16000,약 백 명의 성경 연구생이 포즈디쇼브체 마을에서 모였습니다,8,25,0.3060382425372268,high(30%~),train,zk_00207
train,2890,106,12.4819375,16000,박근혜 대통령의 국정농단 연루로 헌법재판소에선 탄핵 심판이 진행 중이고 이로 인해 여권은 새누리당과 바른정당으로 갈리는 초유의 보수당 분당 사태까지 일어났다,20,68,0.13948261694259934,low(~15%),train,zk_00208
train,2891,106,12.74775,16000,문 후보 측 박광온 공보단장은 각 매체로선 대선 후보 인터뷰가 오 년에 딱 한 번 주어지는 만큼 모두에게 골고루 기회를 주자는 취지라고 설명했다,23,58,0.13657416461838098,low(~15%),train,zk_00209
train,11640,107,7.379625,16000,알겠습니다 그러면 먼저 지금 대학입시제도부터 좀 알고 토론에 들어가죠,9,30,0.23592165008573826,mid(15~30%),train,zk_00210
train,11654,107,7.3280625,16000,일본은 아무리 사죄해도 충분하지 않을 만큼 막대한 범죄를 한국에 저질렀습니다,10,33,0.23758166732529454,mid(15~30%),train,zk_00211
train,11655,107,6.059875,16000,이들 작품은 그의 인생을 바꿨고 오늘의 그를 있게 했다,9,22,0.28730185144313475,mid(15~30%),train,zk_00212
train,11658,107,7.83475,16000,아마존은 상품 배송에 드론을 이용하겠다며 아마존 프라임에어 계획을 발표했다,9,33,0.22221682976661236,mid(15~30%),train,zk_00213
train,11673,107,6.9308125,16000,또한 오래 근무하지 않고 일찍 청와대를 나온 이유도 석연치 않다,10,26,0.2511990198860474,mid(15~30%),train,zk_00214
train,11675,107,6.237875,16000,후속 대책으로 판매 제품 전량을 신제품으로 교환하기로 했다,8,25,0.27910359008700336,mid(15~30%),train,zk_00215
train,11677,107,9.2771875,16000,경찰의 카메라에 담긴 화면으로는 라이드가 경찰에게 어떤 위협을 가했는지는 정확하게 드러나지 않고 있다,13,44,0.18766606873192615,mid(15~30%),train,zk_00216
train,11687,107,6.877625,16000,박재홍 어제 이 소식 듣고 많이 놀라셨을 것 같아요 많은 분들이,11,25,0.2531416451193495,mid(15~30%),train,zk_00217
train,11691,107,8.8711875,16000,시간이 흘러 중국계 인도네시아인이셨던 부모님과 그들의 자녀 다섯 명이 증인이 되었습니다,11,38,0.19625482011443973,mid(15~30%),train,zk_00218
train,11692,107,8.6796875,16000,최근 청년 실업 등 노동 관련 이슈가 많아 예민한 온라인 분위기에 기름을 부은 꼴이 됐습니다,15,37,0.20058479144715363,mid(15~30%),train,zk_00219
train,7169,109,8.252,16000,이 전 회장의 장례식은 별세 시점인 십 사 일을 기준으로 일곱 일장으로 치뤄진다,13,32,0.21098076914856592,mid(15~30%),train,zk_00220
train,7176,109,8.4208125,16000,더 이상 도둑을 제압할 필요가 없는 상황에서 거의 분풀이에 가까운 행위를 한 거죠,13,33,0.20675122584833305,mid(15~30%),train,zk_00221
train,7180,109,9.273,16000,프랜신을 처벌을 모면한 살인자로 묘사하거나 법원이 보복살인을 정당화했다고 비판하는 보도도 있었다,11,43,0.18775081494812534,mid(15~30%),train,zk_00222
train,7182,109,6.426625,16000,고속도로 교통정보 표시판 등을 통한 홍보도 강화하겠다,7,23,0.2709063166147031,mid(15~30%),train,zk_00223
train,7199,109,9.0484375,16000,가외의 노력이 든다 하더라도 집 안팎을 깔끔하고 청결하게 유지하기 위해 최선을 다하십시오,12,38,0.19241038102036578,mid(15~30%),train,zk_00224
train,7200,109,8.09775,16000,키가 작아지는 현상의 원인은 골다공증일 가능성이 높다,7,23,0.2149996365674374,mid(15~30%),train,zk_00225
train,7210,109,6.870375,16000,책가방 판매 직원 품절된 것은 아니고 아직 한개 남아있으니까요,9,26,0.25340877419558117,mid(15~30%),train,zk_00226
train,7212,109,7.3733125,16000,의학 물리학 생의학 공학 교수인 새뮤얼 위클라인 박사는 이렇게 말했습니다,10,31,0.2361236292390925,mid(15~30%),train,zk_00227
train,7220,109,8.076375,16000,김씨는 노지 수박은 요즘이 한창 수확철이기 때문에 일기예보가 중요하다,9,30,0.21556865636055358,mid(15~30%),train,zk_00228
train,7221,109,6.836,16000,아빠가 언어폭력과 폭력을 당해 머리가 아파 살 수가 없다,9,23,0.2546830466667592,mid(15~30%),train,zk_00229
train,16381,111,6.5605,16000,그로 인해 청소년들을 비롯한 일반인들은 어떤 영향을 받게 됩니까,9,27,0.26537814297903606,mid(15~30%),train,zk_00230
train,16405,111,8.3561875,16000,남쪽에 근거지를 마련한 헝가리인들도 브라티슬라바 지역까지 침투해 들어와 있었습니다,9,37,0.2083501964279722,mid(15~30%),train,zk_00231
train,16412,111,8.0906875,16000,일본의 수출액은 전년대비 구 쩜 사 사 퍼센트 네덜란드는 십 오 쩜 육 칠 퍼센트 급감했다,16,35,0.2151873134407881,mid(15~30%),train,zk_00232
train,16413,111,11.093,16000,마이무는 에스토니아의 교도소에 있을 때 아기를 낳았는데 한 친절한 교도관이 아기를 마이무의 어머니에게 보내 주었습니다,15,51,0.15694702127593674,mid(15~30%),train,zk_00233
train,16422,111,8.2500625,16000,다섯째 공주보와 예당호는 서로 수계가 달라 물을 주고받는 게 장기적으로 바람직하지 않다,12,37,0.21103031728716795,mid(15~30%),train,zk_00234
train,16433,111,13.003,16000,하지만 미국 의회에서 발족시킨 한 위원회에서는 서로 뚜렷이 구분되는 열 일곱 가지 수면 장애가 있음을 인정했습니다,16,48,0.1338932021082801,low(~15%),train,zk_00235
train,16444,111,8.2253125,16000,군 당국은 점의 정체가 확인되지 않아 아직은 미확인 물체로 판단하고 분석 중이다,12,33,0.21166530840183473,mid(15~30%),train,zk_00236
train,16450,111,11.468375,16000,한편 지난 십 이 일 일부 언론에 보도된 삼성전자 협력사 직원 메르스 일 차 양성판정은 사실이 아닌 것으로 확인됐다,19,46,0.15180993881120614,mid(15~30%),train,zk_00237
train,16470,111,9.2905,16000,장례 절차가 마무리지어진 뒤에도 고인이 남긴 이야기가 회자되고 고인에 대한 재평가가 이어지고 있다,13,42,0.18739715914256136,mid(15~30%),train,zk_00238
train,16498,111,13.327,16000,페이스북 갈무리 이천 십 육 년에는 대구 남부경찰서가 데이트폭력 반대 캠페인을 진행하면서 젊은 여성들을 향해 아예 자신들과 사귀자고 제안했다,19,60,0.13063805110032012,low(~15%),train,zk_00239
train,13504,113,5.526375,16000,결론적으로 말하면 정종은 일본식 청주의 한 종류일 뿐입니다,8,25,0.31503712777615817,high(30%~),train,zk_00240
train,13509,113,6.7105625,16000,그런데 표지 제목은 엄마 되기의 덫 왜 성공한 여성들은 아이가 없을까였다,11,30,0.2594437212996625,mid(15~30%),train,zk_00241
train,13523,113,10.031,16000,전북경찰청 광역수사대는 일 일 공동공갈 혐의로 렌터카 직원 박모씨를 구속하고 소장 김모씨를 불구속 입건했다,14,46,0.17356328451938652,mid(15~30%),train,zk_00242
train,13528,113,10.5883125,16000,천 구백 사십 칠 년 오 월부터 지금까지 관람차는 계속 회전하면서 즐거워하는 손님들을 천천히 올려 주기도 하고 내려 주기도 합니다,20,53,0.1644278355983511,mid(15~30%),train,zk_00243
train,13533,113,6.269375,16000,동료들끼리 돌아가면서 한 달에 한 두 차례씩 토요일에 쉬었을 뿐이었다,10,29,0.2777012552310184,mid(15~30%),train,zk_00244
train,13535,113,7.3375,16000,저체중아의 경우 몸무게에 따라 오백 만원에서 천 만원까지 의료비를 지원받을 수 있다,12,35,0.23727608954193746,mid(15~30%),train,zk_00245
train,13547,113,8.1734375,16000,우리가 규제라고 생각하는 것이 아니라 교육 현장에서 규제라고 생각하는 것이 중요하다,11,36,0.213008701297828,mid(15~30%),train,zk_00246
train,13549,113,6.8266875,16000,중위그룹은 일 조 구천 억원 적자 하위그룹은 칠천 억원 의 적자를 기록했다,12,30,0.2550304678534012,mid(15~30%),train,zk_00247
train,13551,113,8.219875,16000,어머니나 아버지가 녹내장에 걸린 사람은 녹내장에 걸릴 위험성이 세 배 내지 다섯 배로 높아집니다,14,40,0.21180532636006827,mid(15~30%),train,zk_00248
train,13554,113,11.37775,16000,김영한 청와대 민정수석이 구 일 김기춘 비서실장의 국회 운영위 출석 지시를 거부하고 사의를 표명한 이유에 관심이 쏠리고 있다,18,52,0.1530191212686134,mid(15~30%),train,zk_00249
train,9480,117,8.15475,16000,김 군수는 성주경찰서장을 지내고 이천 십 년과 이천 십 사 년 지방선거에서 연이어 군수에 당선됐다,15,40,0.21349683399417102,mid(15~30%),train,zk_00250
train,9490,117,7.6394375,16000,특히 휴가철인 팔 월에 주택담보대출이 급증하는 등 비정상적인 사인이 곳곳에서 포착되고 있다,12,39,0.22789810205449895,mid(15~30%),train,zk_00251
train,9493,117,6.2546875,16000,또한 이 차례에 걸쳐 롯데 제품 소비하지 않는 날을 정해 소비 파업에 들어갈 예정이다,14,34,0.2783533640991602,mid(15~30%),train,zk_00252
train,9494,117,11.4443125,16000,미국의 북한 미사일 전문가인 존 실링은 북한이 이번에 사용한 운반체 광명성이 은하 삼 호 로켓과 똑같은 엔진을 사용하는 등 은하 삼 호의 거의 복사본 수준이라고 설명했다,26,69,0.15212913025696967,mid(15~30%),train,zk_00253
train,9509,117,7.8401875,16000,래리 핑크 캘리포니아대 졸업 후 뉴욕 소재 투자은행 퍼스트 보스턴에서 채권투자 전문가로 이름을 날렸다,14,43,0.22206271304276412,mid(15~30%),train,zk_00254
train,9516,117,5.7771875,16000,기자 계곡에 쌓인 눈이 얼어붙으면서 만들어진 거대한 얼음 동굴입니다,9,29,0.30136001419617525,high(30%~),train,zk_00255
train,9525,117,7.4159375,16000,각 회원의 과거 시청 기록과 평가를 바탕으로 이들이 앞으로 보면 좋아할 것 같은 작품들을 추천해 준다,16,41,0.2347664482088699,mid(15~30%),train,zk_00256
train,9544,117,10.605875,16000,코스피 떨어질 만큼 떨어졌다증시 전문가들은 천 구백 오십 에서 이천 선 사이가 코스피의 단기 저점이라며 추가로 급락할 가능성은 크지 않다고 분석했다,21,62,0.1641555559549746,mid(15~30%),train,zk_00257
train,9547,117,5.7810625,16000,동료들끼리 돌아가면서 한 달에 한 두 차례씩 토요일에 쉬었을 뿐이었다,10,29,0.3011580149866856,high(30%~),train,zk_00258
train,9553,117,8.8729375,16000,경기 여주 오십 대 농장주 암매장 사건의 용의자가 지난달 이십 육 일 여주시 북내면의 한 은행에서 돈을 인출하고 있다,19,47,0.1962161129855773,mid(15~30%),train,zk_00259
test,368,118,10.563375,16000,이 전 회장의 장례식은 별세 시점인 십 사 일을 기준으로 일곱 일장으로 치뤄진다,13,32,0.1648160088053265,mid(15~30%),train,zk_00260
test,381,118,7.96075,16000,구체적인 설명은 없지만 재단 설립 관련 자료를 정호성으로부터 받아 안종범에게 건네줬다고 했다,12,40,0.2186996585766374,mid(15~30%),train,zk_00261
test,392,118,12.7885,16000,실제 우리은행은 오 월 모바일 전용 중금리 대출상품 위비뱅크를 출시했다가 한달만에 이십 대에 대해서만 대출한도를 원래의 절반인 오백 만원으로 줄였다,20,63,0.13613897697258992,low(~15%),train,zk_00262
test,395,118,9.060625,16000,독일을 보호하기 위하여 회스는 약 이백 만 명의 인명을 앗아 가는 일을 지휘하였는데 그중 대부분이 유대인이었습니다,16,48,0.19215156868471725,mid(15~30%),train,zk_00263
test,403,118,6.9235,16000,성서에 나와 있는 조건은 한 가지 그리스도인은 주 안에서만 결혼하라는 것입니다,11,33,0.25146433263724505,mid(15~30%),train,zk_00264
test,405,118,8.343375,16000,미국 이통사들도 우리나라처럼 단말기를 사면 보조금을 줬는데 그 상황이 변할 것으로 보여서 그래,13,40,0.2086701493117553,mid(15~30%),train,zk_00265
test,410,118,12.7625625,16000,성서는 예수께서 열두 살 때 예루살렘 성전에서 한 행동을 설명한 후에 그분이 마리아와 그의 남편인 요셉과 함께 집으로 돌아가 그들에게 계속 복종했다고 알려 줍니다,24,67,0.13641565375401424,low(~15%),train,zk_00266
test,417,118,5.668375,16000,부대는 결국 김 이병을 위해 따로 행정병 자리를 만들었다,9,23,0.3071450472161715,high(30%~),train,zk_00267
test,418,118,5.9804375,16000,만일 내가 그 사람과 결혼했더라면 그리스도인 집회에 혼자 다닐 뻔했어요,10,30,0.29111805064662344,mid(15~30%),train,zk_00268
test,450,118,10.5894375,16000,안철수 전 대표는 연합뉴스와의 통화에서 돌려막기 인사라며 앞으로 박근혜 정부에서 돌려막기 인사를 해도 비판하기 힘들 것이라고 말했다,17,57,0.16441036712421844,mid(15~30%),train,zk_00269
train,7235,119,7.142625,16000,당시 주유소가 내건 휘발유 가격은 리터당 일 천 삼백 오십 칠 원,12,25,0.2437497848499629,mid(15~30%),train,zk_00270
train,7242,119,7.7725625,16000,나가면 더 어려운 곳에 가야 한다며 총선에서 어디에 갈지는 그 때 가서 판단하면 될 것이다,15,36,0.2239947645340859,mid(15~30%),train,zk_00271
train,7247,119,10.191625,16000,경찰은 수사팀에 계좌추적 요원을 대거 배치하는 한편 본청에서 인력을 지원받아 은닉 자금을 끝까지 추적한다는 방침이다,15,50,0.17082784217570468,mid(15~30%),train,zk_00272
train,7253,119,7.2135,16000,이들은 이튿날 새벽 세 시 삼십 분까지 네 시간 가까이 침묵을 지켰다,12,27,0.24135486338309645,mid(15~30%),train,zk_00273
train,7257,119,7.511875,16000,사우디 당국은 언론매체 전단지 등을 통해 경각심을 촉구하는 특별 예방 활동에 나섰다,12,35,0.23176814137801363,mid(15~30%),train,zk_00274
train,7258,119,6.9113125,16000,마약이 구석구석까지 침투해 있는 많은 사회에 대해서도 그렇게 말할 수 있습니다,11,33,0.25190776817195953,mid(15~30%),train,zk_00275
train,7260,119,8.9851875,16000,더구나 대도시에서는 민영 어린이집마저 부족해 아이 맡길 곳을 찾는 것이 전쟁이나 다름이 없게 되었다,14,42,0.19376482761366595,mid(15~30%),train,zk_00276
train,7273,119,12.835625,16000,김대환 노사정위원장이 노사정 대타협 실패에 책임을 지고 지난 구 일 사의를 표명했지만 아직 청와대에서 사표를 수리하거나 반려하지 않았다,18,58,0.1356391532951427,low(~15%),train,zk_00277
train,7276,119,9.6775625,16000,특히 초등학교 교단의 여초 현상이 갈수록 심해지는 가운데 남성 교사의 합격자 비율이 전년도에 비해 다소 올랐다,16,46,0.17990204734032625,mid(15~30%),train,zk_00278
train,7284,119,13.114875,16000,김 수석은 인터뷰에서 검찰이 구속영장을 청구한 납득할 만한 근거를 지금도 찾기 어려워 보인다며 박 전 대통령은 증거인멸이나 도주의 우려가 없지 않으냐고 말했다,22,67,0.132751040861157,low(~15%),train,zk_00279
train,6675,120,10.434,16000,삼성그룹의 시작점으로 상징성이 큰 삼성본관도 지금 당장은 팔 계획이 없는 것으로 파악됐지만 장기적으로는 매각 가능성이 있는 자산으로 꼽힌다,18,60,0.16685962306056798,mid(15~30%),train,zk_00280
train,6677,120,8.3691875,16000,기자 라스코 동굴벽화는 일 만 칠 천여 년 전 크로마뇽인이 그린 것으로 추정되는 구석기시대 대표 벽화입니다,16,44,0.20802656255627755,mid(15~30%),train,zk_00281
train,6678,120,5.695,16000,이에 못 믿겠다는 표정을 짓자 그는 더 명확한 소식을 알려주었다,10,26,0.3057090969295814,high(30%~),train,zk_00282
train,6695,120,8.888875,16000,예를 들면 표제 기사인 기분 장애를 이해함 우울증에 걸린 십대 청소년을 돕는 방법 및 식욕 이상의 원인은 무엇인가,18,46,0.19586430307704475,mid(15~30%),train,zk_00283
train,6697,120,7.0731875,16000,여기에 총수가 소수 지분으로 그룹 전체를 지배하는 한국 특유의 지배구조 문제도 영향을 주고 있다,14,40,0.24614267711890375,mid(15~30%),train,zk_00284
train,6720,120,7.6568125,16000,특히 최 씨가 학교 관계자와 면담한 이후 딸 정유라 씨의 성적이 가파르게 향상된 것으로 확인됐는데요,15,41,0.22738095088706511,mid(15~30%),train,zk_00285
train,6723,120,8.6774375,16000,양 위원은 지난 삼 일 광주시의회에서 가진 회견에서 한번도 패배를 생각해 본 적 없다며 승리를 자신하기도 했다,17,45,0.20063680170718212,mid(15~30%),train,zk_00286
train,6737,120,8.9649375,16000,어떻게 손대야 할지도 모르겠고 떨리기도 하고 마흔 여덟 살 최 모 씨가 여성을 차로 들이받은 건 주말 새벽 한 시 반쯤입니다,21,49,0.19420250358844848,mid(15~30%),train,zk_00287
train,6738,120,8.0456875,16000,구로구 도봉구 서대문구 영등포구 용산구에서 당구장의 오 년 생존율이 칠십 퍼센트를 넘었다,12,38,0.21639086865031312,mid(15~30%),train,zk_00288
train,6776,120,10.7489375,16000,이들은 지씨가 사제들이 북한과 내통해 오 십 팔 사진자료집을 만들고 오 십 팔 에 대한 유언비어를 퍼뜨렸다고 비방했다며 허위사실 유포와 명예훼손 혐의로 고소했다,23,67,0.16197073496929032,mid(15~30%),train,zk_00289
train,22215,122,9.4049375,16000,때때로 자해는 우울증 양극성 장애 강박 장애 식욕 이상 등 다른 질환의 부산물이다,13,33,0.18511694596736725,mid(15~30%),train,zk_00290
train,22220,122,10.9331875,16000,현재 백화점과 영화관 등은 오픈해 영업하고 있고 테마파크 및 아파트 등의 공사는 이천 십 팔 년 완공을 목표로 진행돼 왔다,20,49,0.15924114600741696,mid(15~30%),train,zk_00291
train,22224,122,12.11975,16000,창업 초기 아무리 힘들더라도 하루 한 편씩 새로운 동영상을 꼭 올린다는 일 일 일 콘텐트 원칙을 세웠고 지금도 그 약속을 지켜나가고 있습니다,22,57,0.14365092572156737,low(~15%),train,zk_00292
train,22235,122,11.95425,16000,더군다나 김정주 넥슨 창업주가 뇌물 공여 의혹에 휩싸이며 뒤숭숭한 사내 분위기 속에서 게임 서비스가 이뤄진 점도 아쉬운 대목이다,18,54,0.14563969358294884,low(~15%),train,zk_00293
train,22238,122,11.8783125,16000,항해를 지휘하는 선교에서 두 주만 더 경험을 쌓으면 된다고 말하자 그는 내가 이집트의 포트사이드로 항해하도록 마련해 주었습니다,17,54,0.14657076137826533,low(~15%),train,zk_00294
train,22239,122,7.4140625,16000,계속 신당 세력과 통합하는데 원외 민주당과 합치면 당명도 민주당이 되나,10,30,0.23482582012411768,mid(15~30%),train,zk_00295
train,22252,122,10.0175625,16000,인기 드라마 태양의 후예를 패러디한 해당 포스터는 권 의원이 군복 차림으로 총을 겨눈 모습이 합성돼 있었다,16,44,0.17379610129849113,mid(15~30%),train,zk_00296
train,22256,122,10.458625,16000,서울대 약대 관계자는 약대 입시가 편입으로 바뀐 이후에 약대는 연구의 장이 아니라 직업훈련학교로 전락한 지 오래라고 씁쓸해했다,17,54,0.16646674940673045,mid(15~30%),train,zk_00297
train,22257,122,12.2214375,16000,삼성전자가 사원 대리 과장 차장 부장으로 이뤄진 다섯 단계 직급체계를 사원 선임 책임 수석의 네 단계로 축소하는 방안을 추진한다,19,53,0.14245568960394112,low(~15%),train,zk_00298
train,22260,122,12.826125,16000,김문수 전 경기지사는 십 삼 일 대구를 떠나 수도권 험지에 출마하라는 일각의 요구에 대해 저는 수성갑에 뼈를 묻어야 되겠다고 일축했다,20,55,0.1357396179293408,low(~15%),train,zk_00299
train,16137,123,5.206,16000,기준이 애매하고 상대적인 개념이 될 수 있을 것 같습니다,9,23,0.33442437706760775,high(30%~),train,zk_00300
train,16142,123,5.9895625,16000,이로써 그는 살아생전 전 재산을 기부하겠다는 약속을 지켰다,8,25,0.2906745370824607,mid(15~30%),train,zk_00301
train,16150,123,12.4645,16000,슬프거나 스트레스를 받은 개의 극단적인 징후는 이빨을 드러내거나 물려는 모습이지만 코렌 박사는 불편함을 나타내는 개들의 섬세한 신호도 있다고 전했다,19,64,0.1396777493693262,low(~15%),train,zk_00302
train,16159,123,6.4395625,16000,이들을 제외한 여든 네 개월 미만 아동에게는 월 십 만원이 지급된다,11,27,0.2703620482003189,mid(15~30%),train,zk_00303
train,16162,123,9.4983125,16000,다음 모형들은 정육면체 모형들을 똑같은 모양으로 쌓아놓고 삼 차원 공간에서 각기 다른 방향으로 비틀어 놓은 것이다,16,48,0.18329711798953405,mid(15~30%),train,zk_00304
train,16168,123,7.2289375,16000,한편 대설주의보가 발효 중인 전남 해안 지역에서는 약하게 눈이 이어지고 있습니다,11,34,0.2408394466011037,mid(15~30%),train,zk_00305
train,16171,123,5.6988125,16000,그래서 천 구백 구십 사 년 말 즈음에 나도 운동을 시작했습니다,11,25,0.30550457784213225,high(30%~),train,zk_00306
train,16188,123,10.5139375,16000,어디 텃밭에 갔나보다 했는데 아 꽁치를 사러 가서 꽁치랑 시래기랑 사다가 그 백종원 선생님 밥집에 나온 거를 그걸 해주더라고요,19,52,0.165590988819742,mid(15~30%),train,zk_00307
train,16189,123,12.2601875,16000,입주자 대표회의 관계자는 애초 입주할 때부터 시공사와 엘리베이터 삼 대를 쓰는 조건으로 계약한 만큼 상가 측 주장은 억지에 가깝다고 반박하고 있다,21,61,0.14200543890653924,low(~15%),train,zk_00308
train,16191,123,7.29525,16000,하지만 이같은 노동절 휴일수당은 여전히 많은 노동자에게 그림의 떡인 상황이다,10,33,0.2386502596914384,mid(15~30%),train,zk_00309
train,15388,124,12.0606875,16000,이 과정에서 아파트 명의 문제 등으로 말다툼이 벌어졌고 감정이 격해진 송씨가 공구를 침대에 펼쳐놓고 흉기를 아내 가슴에 들이대며 죽여버린다고 협박했다,20,64,0.14435439994726387,low(~15%),train,zk_00310
train,15391,124,6.594625,16000,이 전 회장의 장례식은 별세 시점인 십 사 일을 기준으로 일곱 일장으로 치뤄진다,13,32,0.26400489899182533,mid(15~30%),train,zk_00311
train,15395,124,6.891625,16000,그러고 나서 넌 성서에서 약속하는 이런 축복이 이루어질 거라고 생각하니 라고 물었습니다,12,37,0.25262740021605445,mid(15~30%),train,zk_00312
train,15402,124,8.9336875,16000,탱크 시위의 첫 번째 목적은 자기가 아니면 박정희 대통령을 보필할 사람이 없다는 점을 대통령에게 인식시키려는 것이다,16,49,0.1948818231009274,mid(15~30%),train,zk_00313
train,15406,124,7.049875,16000,그러나 그 논의가 한국인의 부족함으로 흘러가는 것을 의도하진 않았다고 설명했습니다,10,36,0.24695662079312983,mid(15~30%),train,zk_00314
train,15415,124,6.36775,16000,김현정 끝으로 국민들에게 하시고 싶은 말씀 있다면 한 말씀 해주시겠어요,10,30,0.2734110646639655,mid(15~30%),train,zk_00315
train,15487,124,6.749,16000,집이나 아파트를 구입할 때 한 번에 값을 모두 치를 수 있는 사람은 많지 않습니다,14,32,0.25796611453755613,mid(15~30%),train,zk_00316
train,15493,124,8.629625,16000,그런데 어찌하여 그런 뜨거운 가슴을 지닌 사람이 개성공단 폐쇄나 사드 문제에 관해 그렇게 미온적인가,14,42,0.20174843136451073,mid(15~30%),train,zk_00317
train,15495,124,9.6565,16000,검찰이 청구한 전자발찌 부착은 의사 소견 등을 살핀 결과 살인 재범 우려는 없어 보인다며 받아들이지 않았다,16,44,0.18029444488313223,mid(15~30%),train,zk_00318
train,15496,124,9.04175,16000,사건은 일단락됐지만 전당대회가 끝난지 두 주차 만에 추 대표와 당의 허니문이 끝나게 된 계기가 됐다는 평가다,16,45,0.19255269245599205,mid(15~30%),train,zk_00319
train,3401,125,9.615375,16000,기자 라스코 동굴벽화는 일 만 칠 천여 년 전 크로마뇽인이 그린 것으로 추정되는 구석기시대 대표 벽화입니다,16,44,0.18106556499501747,mid(15~30%),train,zk_00320
train,3415,125,11.4025,16000,청도군은 피서객들이 불편을 겪고 지역 이미지가 나빠지자 계도와 단속을 병행하면서 재단을 설득하고 있으나 재단은 모르쇠로 일관하고 있다,17,58,0.15268698154036098,mid(15~30%),train,zk_00321
train,3416,125,5.7560625,16000,그래서 아직까지 중국어선 불법조업은 개선되지 않고 있고요,7,25,0.3024660185698064,high(30%~),train,zk_00322
train,3428,125,9.39025,16000,수도권에선 서울이 영 쩜 일 오 퍼센트를 기록하며 서른 아홉 주 연속 상승했고 경기와 인천도 오름세를 이어갔다,17,45,0.18540649152194735,mid(15~30%),train,zk_00323
train,3432,125,11.76525,16000,검은 덩어리가 실제로 핵연료 파편으로 드러나면 사고 후 육 년 가까이 지나서 처음 발견한 것으로 폐로작업을 하는 과정에서 귀중한 자료가 된다,21,58,0.14797928705416086,low(~15%),train,zk_00324
train,3433,125,13.2405,16000,은행 대출처럼 복잡하지 않고 자동화기기에서 몇 차례 클릭만으로 현금을 손에 쥘 수 있다는 편리함 때문에 점점 이용 빈도가 잦아지고 한 차례 연체했다가 갚기도 했다,24,67,0.13149150764804698,low(~15%),train,zk_00325
train,3458,125,8.099125,16000,정용욱 한국역사연구회장은 십 팔 일 교육부 측의 간담회 요청을 받고 불참하겠다고 했다,12,36,0.21496313577256382,mid(15~30%),train,zk_00326
train,3477,125,11.8625625,16000,그는 성서 계시록에 기록된 매우 인상적인 환상을 받은 후에 경외심에 사로잡힌 나머지 환상을 보여 준 천사의 발 앞에 숭배하려고 엎드렸습니다,20,58,0.14676536431432638,low(~15%),train,zk_00327
train,3478,125,9.17975,16000,평균속도 백 십 삼 쩜 사 키로미터 수준으로 주행하면 킨텍스 동탄 전체 구간을 삼십 육 분 만에 주파할 수 있다,20,43,0.18965803066684453,mid(15~30%),train,zk_00328
train,3480,125,8.8421875,16000,중국이 판첸 라마가 사라진 지 이십 년 만에 그의 근황을 처음 언급했다고 로이터통신이 칠 일 보도했다,16,41,0.19689848321062703,mid(15~30%),train,zk_00329
test,47,126,7.159875,16000,올해 가계소득과 소비 전망에 대해서도 부정적 의견이 우세했다,8,26,0.24316252825837967,mid(15~30%),train,zk_00330
test,49,126,8.5765,16000,삼 분기에만 매출 일 조 이천 구백 십 구 억원 영업이익 육백 십 팔 억원을 올렸다,16,31,0.20299811193540096,mid(15~30%),train,zk_00331
test,55,126,6.83675,16000,언제 이 뚜껑이 들끓어서 열릴까하는 게 시간문제였거든요,7,24,0.25465510761896604,mid(15~30%),train,zk_00332
test,59,126,6.0380625,16000,강아지가 용변을 보도록 유도하는 말을 가르칠 수도 있다,8,23,0.2883397293442998,mid(15~30%),train,zk_00333
test,61,126,13.057375,16000,트럼프 행정부가 북한에 대한 군사적 압박을 높이는 상황에서 이뤄진 인터뷰인 만큼 한 부상의 입에 관심이 쏠렸습니다,16,48,0.13333562886981234,low(~15%),train,zk_00334
test,63,126,7.95475,16000,실제로 우두머리 수컷은 화가 나거나 흥분하면 코가 부풀어 오르면서 빨개집니다,10,33,0.21886461636304927,mid(15~30%),train,zk_00335
test,67,126,10.748625,16000,폭발로 인한 연기는 공항 밖 주차장까지 퍼져나갔고 사람들은 놀라 뛰쳐나가기 바쁩니다,11,36,0.16197544402320913,mid(15~30%),train,zk_00336
test,69,126,9.0165,16000,박씨의 인터뷰는 일본에서 니코니코 홈페이지를 통해 팔 월 사 일 오후 열 시에 방영된다,14,35,0.19309192114611723,mid(15~30%),train,zk_00337
test,70,126,9.5418125,16000,그런데 어찌하여 그런 뜨거운 가슴을 지닌 사람이 개성공단 폐쇄나 사드 문제에 관해 그렇게 미온적인가,14,42,0.18246148800492212,mid(15~30%),train,zk_00338
test,73,126,7.28575,16000,한국 무속의 경우에도 남쪽 지방과 북쪽 지방이 상당히 다르다,9,25,0.23896143938701797,mid(15~30%),train,zk_00339
train,7069,128,6.8479375,16000,한국인터넷진흥원은 아이핀 시스템을 전면 재구축하는 방안도 검토하기로 했다,8,33,0.254239076658332,mid(15~30%),train,zk_00340
train,7078,128,5.3380625,16000,앞쪽에는 단상을 비롯해 대형 텔레비전이 덮개로 덮여있었다,7,25,0.32615079104337313,high(30%~),train,zk_00341
train,7082,128,8.37175,16000,재판부는 김씨에게 육체적 정신적 피로가 누적된 상태에서 심근경색이 발생한 것으로 보인다고 판단했다,12,43,0.20796288792832635,mid(15~30%),train,zk_00342
train,7110,128,7.8309375,16000,그리고 제가 이 나라가 처한 문제들에 대해서 과연 그런 해법을 제시하고 그것을 실행할 의지나 능력이 있느냐,16,44,0.22232501625941545,mid(15~30%),train,zk_00343
train,7127,128,6.521125,16000,그래도 답답한 마음에 하루에 몇 번씩 전화를 걸지만 닷새째 연결이 되지 않는다,12,32,0.2669805144072482,mid(15~30%),train,zk_00344
train,7137,128,9.37825,16000,이천 칠 년 오천 다섯 개였던 미국 증권사는 이천 십 이 년 사천 이백 여든 아홉 개로 줄어 십 사 쩜 삼 퍼센트나 감소했습니다,24,48,0.1856437295885657,mid(15~30%),train,zk_00345
train,7141,128,9.1985,16000,이십 대 국회에서 야당이 다수를 차지한 만큼 야당과의 협력관계를 구축하지 않으면 사실상 국정 운영이 불가능하기 때문이다,16,51,0.18927143632265764,mid(15~30%),train,zk_00346
train,7147,128,6.9675,16000,하지만 이같은 노동절 휴일수당은 여전히 많은 노동자에게 그림의 떡인 상황이다,10,33,0.24987632680501845,mid(15~30%),train,zk_00347
train,7164,128,7.569,16000,박씨는 일 때문에 전국을 돌아다니는데 캠핑카 때문에 더 이상 모텔에서 잘 필요가 없어졌다고 했다,14,40,0.23001893341444923,mid(15~30%),train,zk_00348
train,7165,128,13.1609375,16000,앞서 조사를 받은 박상진 삼성전자 대외협력담당 사장은 검찰조사에서 삼성이 정유라씨에게 거액을 후원한 데 대해 최순실씨 측 협박 때문이라고 진술한 것으로 알려졌다,21,69,0.13228642009841368,low(~15%),train,zk_00349
train,13555,129,6.6525,16000,그밖의 자세한 사항은 중앙선거여론조사심의위원회 홈페이지를 참조하면 된다,7,33,0.2617081258194613,mid(15~30%),train,zk_00350
train,13560,129,10.193625,16000,제주로 오기 전 직업은 사무 관리직이 가장 많고 자영업 판매 서비스직 순이나 이주 후 직업은 자영업 판매 서비스직 일 차 산업 순으로 나타났다,23,57,0.1707943255724991,mid(15~30%),train,zk_00351
train,13568,129,9.381,16000,정씨는 이천 십 삼 년 이 월 공공비정규직 노조 지회 설립을 주도했다,12,27,0.1855893089237785,mid(15~30%),train,zk_00352
train,13569,129,5.5265,16000,산업별로는 로비력이 막강한 재정 보험 부문에서 불평등이 심각했다,8,28,0.3150300021738833,high(30%~),train,zk_00353
train,13580,129,5.0453125,16000,당신은 몸으로 하는 일에 대해 어떤 생각을 가지고 있습니까,9,24,0.34507541545027515,high(30%~),train,zk_00354
train,13587,129,9.1309375,16000,최씨는 한 푼도 없어도 광역콜 대리운전 회사에 가면 일 만원을 충전해준다며 하루 일해서 갚으면서 돈을 벌 수 있는 게 대리기사라 설명했다,21,56,0.1906719115111637,mid(15~30%),train,zk_00355
train,13591,129,6.8131875,16000,두 사람의 감정이 갈수록 격해지자 재판장인 김세윤 부장판사가 아직 더 남았어요,11,33,0.25553579833432827,mid(15~30%),train,zk_00356
train,13594,129,6.2293125,16000,합참의 예상이 맞다면 이번 발사는 올해 들어 여덟 번째 시험발사된 무수단 미사일이 된다,13,36,0.27948723185969016,mid(15~30%),train,zk_00357
train,13598,129,9.0045,16000,신동주 쿠데타에는 일본의 신선호 사장뿐 아니라 한국의 신영자 롯데복지재단 이사장 신동인 롯데자이언츠 구단주 대행도 함께했다,15,54,0.19334924837736311,mid(15~30%),train,zk_00358
train,13608,129,9.6346875,16000,본래 목적인 세금추징뿐만 아니라 정부의 부동산 정책에까지 반영될 정도로 다양한 곳에 부동산 통계자료 또는 지표로 활용되고 있습니다,17,56,0.18070262341295099,mid(15~30%),train,zk_00359
train,9381,131,6.4640625,16000,메탄은 천연가스의 주요 성분이며 온실 효과를 유발하는 매우 강력한 가스이다,10,32,0.2693373257164463,mid(15~30%),train,zk_00360
train,9384,131,5.2693125,16000,이천 십 삼 년 기준으로 인구 커버율은 이십 퍼센트대다,9,22,0.3304061596297366,high(30%~),train,zk_00361
train,9387,131,6.0294375,16000,그렇게 하면서 그는 또한 혁신적인 수공학 기술을 전격 도입하였습니다,9,29,0.28875219405026853,mid(15~30%),train,zk_00362
train,9391,131,7.8551875,16000,할머니의 이웃들 중 상당수가 코코넛 목재로 오두막을 지었고 지붕은 말린 코코넛 잎으로 만들었지요,13,41,0.22163866960705472,mid(15~30%),train,zk_00363
train,9402,131,5.1260625,16000,사장은 석 달을 채우지 못했으니 돈을 줄 수 없다고 했다,10,22,0.33963950049652464,high(30%~),train,zk_00364
train,9410,131,5.079875,16000,구 솔직히 삼십 에서 사십 대 분들에겐 화가 안 나요,10,20,0.34272758818159227,high(30%~),train,zk_00365
train,9419,131,8.905875,16000,한겨레신문 한겨레 이십 일 한겨레는 한국온라인신문협회의 디지털뉴스이용규칙에 따른 저작권을 행사합니다,10,46,0.19549042705112818,mid(15~30%),train,zk_00366
train,9430,131,6.4209375,16000,한국갤럽은 십 사 일 이같은 내용의 사 월 두 주차 여론조사 결과를 발표했다,13,30,0.27114627840778177,mid(15~30%),train,zk_00367
train,9436,131,5.787875,16000,하지만 때때로 해로운 병균 때문에 몸에 이상을 느끼기도 합니다,9,26,0.3008035430989726,high(30%~),train,zk_00368
train,9440,131,6.87575,16000,온라인에서는 옥시 불매운동 여론과 함께 대체품을 소개하는 글이 퍼지고 있습니다,10,34,0.25321067621917115,mid(15~30%),train,zk_00369
test,79,132,8.8818125,16000,대외변수에 실적 불안감까지 겹치면서 코스피 낙폭이 어느 정도 수준까지 이어질지 가늠하기도 어려운 상황이다,13,46,0.19602004737366005,mid(15~30%),train,zk_00370
test,80,132,6.0781875,16000,유열씨는 일본 국적자로 분류되면서 군대를 가지 않았다,7,23,0.2864362619636143,mid(15~30%),train,zk_00371
test,82,132,6.5608125,16000,그리고 수사를 관련자를 마흔 여섯 명이나 불러서 조사를 했어요,9,26,0.2653655026742444,mid(15~30%),train,zk_00372
test,84,132,7.282,16000,이 미사일을 실은 잠수함이 새벽에 동해로 기습 출격했다 다시 돌아갔습니다,10,31,0.23908449698076986,mid(15~30%),train,zk_00373
test,87,132,11.993625,16000,시간이 흐를수록 피고인 박씨에게 불리한 재판부의 판결이 이어지자 법정 안에 방청객으로 앉아 있던 피고인 박씨의 가족들 사이에서 불만의 소리가 터져 나왔다,21,65,0.14516155932955768,low(~15%),train,zk_00374
test,93,132,7.087625,16000,그러나 이번 작전 성공으로 그동안 실추된 명예를 어느 정도나마 회복한 셈이다,11,32,0.24564128421212553,mid(15~30%),train,zk_00375
test,96,132,7.0095,16000,조사해봤지만 트럼프의 주장을 뒷받침할 만한 정보를 찾지 못했다는 것이다,9,31,0.24837910079377504,mid(15~30%),train,zk_00376
test,97,132,6.828625,16000,과거 이천 구 년 이천 십 삼 년 제도 변경때도 비슷한 패턴이 반복됐다,13,27,0.2549581075273523,mid(15~30%),train,zk_00377
test,104,132,6.705625,16000,이날 박경림 팀은 가장 극적인 상황 히든카드를 발동해 눈길을 끌었다,10,28,0.25963475544993436,mid(15~30%),train,zk_00378
test,108,132,13.31025,16000,한국은행에 따르면 작년 말 현재 가계신용 잔액은 천 삼백 사십 사 조 삼천 억원으로 이 가운데 약 십 삼 퍼센트가 마이너스통장 등 대출로 추산된다,24,58,0.13080244976720695,low(~15%),train,zk_00379
train,2625,135,12.7105625,16000,지난해 삼 월 김 전 장관의 동료인 장동련 홍익대 교수가 민간 자문단장으로 위촉되면서 본격적인 공모와 개발 작업에 들어갔다,18,51,0.1369737418791628,low(~15%),train,zk_00380
train,2629,135,6.482125,16000,또 미국 무기들이 세계에서 가장 우수하다는 점도 영향을 미쳤다,9,26,0.26858681481982627,mid(15~30%),train,zk_00381
train,2634,135,9.493,16000,이와 같은 부유한 제조업자와 상인 그리고 농민 가운데서 초기 농업 기계를 발명한 사람들이 나타났습니다,14,43,0.18339969525060215,mid(15~30%),train,zk_00382
train,2649,135,6.307375,16000,그래서 아직까지 중국어선 불법조업은 개선되지 않고 있고요,7,25,0.2760281903349596,mid(15~30%),train,zk_00383
train,2658,135,7.337875,16000,아마존은 상품 배송에 드론을 이용하겠다며 아마존 프라임에어 계획을 발표했다,9,33,0.23726396361534724,mid(15~30%),train,zk_00384
train,2660,135,9.2235,16000,담화문을 발표하는 동안 아랫입술을 질끈 무는 모습을 여러차례 보이기도 했다,10,32,0.1887584221839829,mid(15~30%),train,zk_00385
train,2674,135,11.8786875,16000,대중들은 문혁이 재연될 경우 어렵게 일궈 온 개혁개방의 경제 성과는 순식간에 사라지고 가난만 남을 뿐이라는데 의견을 같이 합니다,18,54,0.14656613426474652,low(~15%),train,zk_00386
train,2711,135,6.4165,16000,그에 대해 알게 된 이후로는 의학에 대한 열정이 식기 시작했습니다,10,27,0.2713337967761188,mid(15~30%),train,zk_00387
train,2714,135,7.7648125,16000,형제들 저희가 있습니다라며 피고인들에게 그래도 용기를 전하려는 지지자도 있었다,9,35,0.22421833199629304,mid(15~30%),train,zk_00388
train,2715,135,9.157875,16000,최소한 집은 자녀에게 물려줘야 한다는 생각도 생활고를 겪는 노인들이 주택 자산을 팔지 못하는 이유다,14,42,0.19011105818915044,mid(15~30%),train,zk_00389
test,237,137,7.4950625,16000,그런데 지금 미국은 중국보고 하라고 했는데 하지 않으면 우리가 하겠다 이러고 있는데요,12,36,0.23228803055531105,mid(15~30%),train,zk_00390
test,238,137,8.2286875,16000,연골이 퇴화되고 마모되면서 연골과 붙어 있는 뼈가 받는 압력이 증가한다고 그들은 생각합니다,12,39,0.2115784937772842,mid(15~30%),train,zk_00391
test,239,137,6.4795,16000,이들 작품은 그의 인생을 바꿨고 오늘의 그를 있게 했다,9,22,0.2686956257448825,mid(15~30%),train,zk_00392
test,243,137,6.965625,16000,이분들 정신 못 차리고 다 그렇게 면책성 발언하고 책임회피하면,9,26,0.24994358826580043,mid(15~30%),train,zk_00393
test,244,137,7.746,16000,기후가 더 좋은 그곳에서 대학교를 다니고 운동과 관련된 분야에서 일을 할 생각이었습니다,12,37,0.22476288497469224,mid(15~30%),train,zk_00394
test,245,137,11.525,16000,십 일 이십 사 일 홍콩행은 비행시간이 왕복 일곱 시간으로 여느 단거리보다 길어 승무원 사이에서 힘들다고 소문나 있다,18,48,0.1510640613461142,mid(15~30%),train,zk_00395
test,247,137,10.2233125,16000,회수대상은 이천 십 육 년 시 월 일 일 에서 이천 십 육 년 십 일 월 십 구 일 내로 유통기한이 표시된 제품들이다,24,42,0.17029835554904207,mid(15~30%),train,zk_00396
test,248,137,6.955875,16000,가을에 단풍이 드는 것은 나무들이 겨울맞이를 준비하는 과정의 일부입니다,9,31,0.2502939323972852,mid(15~30%),train,zk_00397
test,249,137,9.552375,16000,땅콩보트 운영업체와 모터보트 운전자는 운영허가와 운전면허는 갖춘 것으로 확인됐다,9,36,0.1822597319529401,mid(15~30%),train,zk_00398
test,250,137,11.667875,16000,안 의원의 선진화법 개정 찬성 주장으로 현재 정국 이슈로 부상한 선진화법 논의에 변화가 뒤따를지 주목된다,15,44,0.14921425769593574,low(~15%),train,zk_00399
train,6788,139,8.529,16000,김수현 전북 전주 덕진동 수박을 고를 때 두드려보거나 꼭지 상태를 보고 구매를 했는데요,13,36,0.20412865599882357,mid(15~30%),train,zk_00400
train,6800,139,6.441625,16000,그러한 야밤의 심문은 거의 일년 동안이나 정기적으로 계속되었습니다,8,29,0.27027548281900393,mid(15~30%),train,zk_00401
train,6803,139,7.7053125,16000,입법조사처는 정부가 창조경제의 구체적인 개념을 제시하는 것이 중요하다고 평가했다,9,36,0.22594973364337478,mid(15~30%),train,zk_00402
train,6804,139,5.4625625,16000,그런데 일반적으로 전쟁 포로들을 노예로 사용하였습니다,6,24,0.31871732488442306,high(30%~),train,zk_00403
train,6808,139,8.4304375,16000,그래도 답답한 마음에 하루에 몇 번씩 전화를 걸지만 닷새째 연결이 되지 않는다,12,32,0.20651517872162223,mid(15~30%),train,zk_00404
train,6809,139,6.61575,16000,동료들끼리 돌아가면서 한 달에 한 두 차례씩 토요일에 쉬었을 뿐이었다,10,29,0.26316189502535103,mid(15~30%),train,zk_00405
train,6812,139,5.3645,16000,별로 무겁지도 않은 짐을 들어주겠다며 실랑이 하는 사람,8,23,0.324543444312418,high(30%~),train,zk_00406
train,6821,139,10.101375,16000,해당 인사를 파면하라는 목소리가 커지고 있지만 정작 교육부 내부기류는 미온적이어서 징계 여부와 수위가 주목된다,14,48,0.17235409110284156,mid(15~30%),train,zk_00407
train,6822,139,6.5018125,16000,하지만 병원 문 닫으면 이 환자들이 갈 곳이 없지 않느냐고 되물었다,11,27,0.2677735334591648,mid(15~30%),train,zk_00408
train,6826,139,9.10475,16000,교육부 관계자는 이영 차관이 해임을 포함해 조치를 논의하겠다고 밝혔고 그 후 진전된 내용은 없다고 했다,15,43,0.1912203308178661,mid(15~30%),train,zk_00409
train,16205,142,12.187875,16000,이 과정에서 아파트 명의 문제 등으로 말다툼이 벌어졌고 감정이 격해진 송씨가 공구를 침대에 펼쳐놓고 흉기를 아내 가슴에 들이대며 죽여버린다고 협박했다,20,64,0.1428479785864202,low(~15%),train,zk_00410
train,16224,142,8.7528125,16000,그러면 동네 아주머니가 창문 밖으로 고개를 내밀어 안드레아를 부르고는 날이 무뎌진 칼 몇 개를 들고 옵니다,16,44,0.1989090143327035,mid(15~30%),train,zk_00411
train,16231,142,5.0530625,16000,하지만 그 사이 병원비로 쌓인 빚이 천 오백 만원이었다,9,22,0.34454616522434983,high(30%~),train,zk_00412
train,16284,142,8.306375,16000,이 돈은 자살로 처리된 군인에게만 지급하는 항목이기 때문에 무조건 지급할 수 없다는 말입니다,13,39,0.2095996517149739,mid(15~30%),train,zk_00413
train,16286,142,12.0541875,16000,이화여대 총학생회와 서른 개 단과대 학과 학생회 회견을 열어 역사 교과서 국정화 전환은 하나의 역사관만을 올바르다고 강제하는 시대 역행적 시도라고 주장했다,21,66,0.14443224041553746,low(~15%),train,zk_00414
train,16296,142,10.6581875,16000,또한 우리는 부활이요 생명이신 예수께서 기념 무덤에 있는 모든 사람을 되돌아오게 할 것이라는 자신의 약속과 일치하게 행동하실 것임을 온전히 확신합니다,20,64,0.1633498478999329,mid(15~30%),train,zk_00415
train,16300,142,7.181,16000,많은 사람이 있었는데 노무현 대통령 자신이 조지 부시 대통령과 여러 차례 회담했습니다,12,36,0.24244719496086425,mid(15~30%),train,zk_00416
train,16302,142,6.419,16000,이들은 해임됐고 받은 금액의 세 배에 해당하는 징계부과금을 물어야 할 처지라고 한다,12,35,0.2712281207374928,mid(15~30%),train,zk_00417
train,16322,142,6.1995,16000,모든 아이들을 같은 방식으로 대하는 것은 그들을 불평등하게 대하는 것이다,10,31,0.28083124558657413,mid(15~30%),train,zk_00418
train,16331,142,5.9510625,16000,배우 나영희 윤유선 코미디언 이성미 등도 비통함을 금치 못했다,9,26,0.2925550365189353,mid(15~30%),train,zk_00419
train,15548,143,11.8093125,16000,공식 순방기간은 육 일부터 구 일까지였지만 이 후보자 부부는 이보다 앞선 사 일 함께 출국해 부인은 칠 일 이 후보자는 구 일 각각 귀국했다,24,55,0.14742715183580468,low(~15%),train,zk_00420
train,15549,143,11.0218125,16000,그에 더해 예수께서는 우리가 요청한다면 하느님께서 우주에서 가장 강력한 힘인 그분의 성령을 주실 것이라고 말씀하셨습니다,15,52,0.1579607080971452,mid(15~30%),train,zk_00421
train,15564,143,6.8811875,16000,이로 인해 경주 대구는 진도 육 부산 울산 창원에선 진도 오 의 흔들림이 발생했다,14,32,0.2530105896713272,mid(15~30%),train,zk_00422
train,15566,143,10.2181875,16000,그러니까 노무현 정부 이후에 이명박 정부 박근혜 정부 들어오면서 완전히 수시 위주로 대입제도가 바뀌었다 이렇게 말씀드리는 거고요,17,55,0.17038376982355882,mid(15~30%),train,zk_00423
train,15573,143,10.4138125,16000,그리고 세대주가 사망이나 퇴직으로 긴급한 생활자금이 필요하다 이런 분들은 만기 일시 상환대출이 허용된다 이렇게 보시면 되겠습니다,16,56,0.16718308563880577,mid(15~30%),train,zk_00424
train,15574,143,10.423,16000,박 대통령이 향후 각각의 사안에 대해 반박하고 감성적으로 억울함을 호소할 경우 보수층의 마음이 움직일 수도 있다는 분석이 나온다,18,54,0.16703571975572926,mid(15~30%),train,zk_00425
train,15575,143,6.6326875,16000,실제로 우두머리 수컷은 화가 나거나 흥분하면 코가 부풀어 오르면서 빨개집니다,10,33,0.2624898741292977,mid(15~30%),train,zk_00426
train,15577,143,9.3353125,16000,해당 인사를 파면하라는 목소리가 커지고 있지만 정작 교육부 내부기류는 미온적이어서 징계 여부와 수위가 주목된다,14,48,0.1864975925566462,mid(15~30%),train,zk_00427
train,15582,143,8.85,16000,희망을 나누고 대안을 전파하는 이들의 이야기를 머니투데이와 생명보험사회공헌재단이 함께 전한다,10,42,0.19672466745920522,mid(15~30%),train,zk_00428
train,15583,143,9.9056875,16000,소비자 입장에선 멀지 않은 곳에 다른 쇼핑 몰들도 많은데 이런 고액의 주차료를 내가며 롯데월드몰을 찾을 이유를 찾기는 쉽지 않다,19,53,0.17575895736807426,mid(15~30%),train,zk_00429
train,3927,144,9.733625,16000,수백 대 일 로 치솟은 청약 경쟁률이나 삼 쩜 삼 제곱미터에 사천 만원이 넘은 분양가는 경기흐름과 어울리지 않는다,18,46,0.1788658703221016,mid(15~30%),train,zk_00430
train,3932,144,6.408875,16000,단계적인 확대 계획을 감안하면 인력 부족부터 해결해야 합니다,8,26,0.2716566178953352,mid(15~30%),train,zk_00431
train,3935,144,8.1419375,16000,그러나 성인 기준 나이를 훌쩍 넘긴 이들이 미디어에서 어린이 다움을 어필하는 것은 이미 대세가 됐다,15,41,0.21383280171506674,mid(15~30%),train,zk_00432
train,3936,144,6.8970625,16000,구의원님들께 배포해 주시도록 의장님 말씀해 주십시오라고 거듭 요구했다,8,31,0.2524282340509407,mid(15~30%),train,zk_00433
train,3937,144,8.02675,16000,그러나 이세돌이 하변 백집에서 수를 낸다면 극적인 역전승을 이끌 수도 있는 승부처가 됐다,13,37,0.21690139932276029,mid(15~30%),train,zk_00434
train,3948,144,12.6471875,16000,예를 들어 수컷과 암컷 모두의 귀가 접혀 있으면 그 사이에서 태어나는 새끼는 선천성 뼈 형성 장애 같은 유전적 결함이 생겨 뼈가 기형이 될 수 있습니다,25,60,0.13766011668712638,low(~15%),train,zk_00435
train,3951,144,6.765875,16000,평소 규정과 절차에 맞는 업무 처리를 중시하던 그는 군 내부에 문제를 제기했다,12,32,0.2573227124376324,mid(15~30%),train,zk_00436
train,3956,144,5.25275,16000,때문에 대통령은 또 한 번 국민 앞에 무릎을 꿇었습니다,9,22,0.3314479666867767,high(30%~),train,zk_00437
train,3960,144,8.4404375,16000,구로구 도봉구 서대문구 영등포구 용산구에서 당구장의 오 년 생존율이 칠십 퍼센트를 넘었다,12,38,0.20627050517392803,mid(15~30%),train,zk_00438
train,3978,144,5.671125,16000,정관용 동양시멘트에서 직접 고용된 직원도 있을 거 아니에요,8,25,0.30699610871105226,high(30%~),train,zk_00439
train,14783,148,6.7044375,16000,당분간 정치적 휴지기를 갖고 재기를 모색하겠다는 뜻으로 풀이된다,8,28,0.2596807423462395,mid(15~30%),train,zk_00440
train,14789,148,8.0789375,16000,하지만 전반적인 상승 추세가 이어지고 있어 육십 달러대를 회복하는 것은 시간문제라는 관측이 나온다,13,42,0.21550028169099786,mid(15~30%),train,zk_00441
train,14795,148,9.5575,16000,휴대전화 가지고 회사 화장실 이용 못한다 지난 십 구 일 후난성의 성도 창사의 한 회사에서 벌어진 일이다,17,42,0.18216199916442233,mid(15~30%),train,zk_00442
train,14844,148,9.6380625,16000,내 말을 전혀 믿지 않던 경찰의 태도가 조금 바뀌기 시작한 건 역설적이지만 시 인권센터 결정문 덕분이다,16,42,0.1806393460318364,mid(15~30%),train,zk_00443
train,14846,148,12.54975,16000,에스케이텔레콤과 케이티는 이런 요청서를 받고도 의 주민등록번호와 주소 등 개인정보가 담긴 통신자료를 검찰에 넘겨줬다,14,51,0.138728923445803,low(~15%),train,zk_00444
train,14850,148,6.6063125,16000,저는 종로에서 십 육 십 칠 십 팔 대 내리 삼선했습니다,11,21,0.26353783703298417,mid(15~30%),train,zk_00445
train,14875,148,6.8919375,16000,사이다를 마신 할머니 여섯 명은 그 자리에서 의식을 잃고 병원으로 옮겨졌다,11,31,0.2526159453729762,mid(15~30%),train,zk_00446
train,14879,148,8.2584375,16000,새누리당 입장에서는 법안명 등 일부 세부조항을 제외하고는 사실상 다 내줬다는 평가다,11,36,0.21081630841354268,mid(15~30%),train,zk_00447
train,14880,148,6.5856875,16000,흥미롭게도 바울은 부유한 사람들에게 구체적인 지침을 제시하였습니다,7,30,0.26436318258556396,mid(15~30%),train,zk_00448
train,14881,148,11.9741875,16000,본래 목적인 세금추징뿐만 아니라 정부의 부동산 정책에까지 반영될 정도로 다양한 곳에 부동산 통계자료 또는 지표로 활용되고 있습니다,17,56,0.14539719768159354,low(~15%),train,zk_00449
train,6153,150,11.0579375,16000,한겨레 이십 일 은 박근혜 정부 시기 청와대 관계자 일곱 명을 비롯한 다수의 전 정권 청와대 인사들을 상대로 세월호 당일 대통령의 행적을 취재했다,23,59,0.15744466877425978,mid(15~30%),train,zk_00450
train,6160,150,10.115375,16000,이명박 정부 출범 직후인 이천 팔 년 삼 월 김씨의 횡령 및 증권거래법 위반 사건 재판에 신경화씨가 증인으로 출석했다,19,47,0.17211554757129283,mid(15~30%),train,zk_00451
train,6173,150,6.5153125,16000,여덟 시간이나 집을 비웠는데도 재우기만하면 별문제 없을 것이라고 착각했습니다,9,34,0.26721869549833044,mid(15~30%),train,zk_00452
train,6218,150,5.98125,16000,반잠수 선박에서 무게를 측정했던 게 만 육천 칠백 톤 정도였습니다,10,27,0.2910785048299212,mid(15~30%),train,zk_00453
train,6233,150,8.8300625,16000,정신병원은 의료급여 예산을 지급받는 방법으로 수익을 얻기 때문에 정신병상수는 당연히 수익으로 연결될 수밖에 없다,14,49,0.1971688543556703,mid(15~30%),train,zk_00454
train,6234,150,7.1366875,16000,마음만 먹으면 어떤 사람보다도 정신과 의사는 범행하기가 쉽고 편안한 위치에 있습니다,11,36,0.2439525770203566,mid(15~30%),train,zk_00455
train,6242,150,5.259,16000,그에 대해 알게 된 이후로는 의학에 대한 열정이 식기 시작했습니다,10,27,0.33105406104087587,high(30%~),train,zk_00456
train,6248,150,7.201,16000,이번 시음은 오스트리아 출신의 소믈리에 거장인 안드레아스 비크호프가 맡았다,9,33,0.24177382405415446,mid(15~30%),train,zk_00457
train,6251,150,6.9781875,16000,건강 전문가들도 영양과 건강에 대해 흔히 의견의 일치를 보지 못합니다,10,29,0.2494936266779828,mid(15~30%),train,zk_00458
train,6257,150,5.0215625,16000,성서를 읽는 사람은 여호와의 증인 외에는 아무도 없다,8,22,0.3467074853721259,high(30%~),train,zk_00459
train,6267,151,9.8243125,16000,거품 낀 책가방 가격 때문에 부모들은 직접구매나 중고거래 사이트를 이용해 저렴한 가격에 책가방을 구하고 있다,15,46,0.17721477273997202,mid(15~30%),train,zk_00460
train,6274,151,12.1865625,16000,이천 십 년 국방부 국정감사에서는 상당수 카빈 소총이 실사격 부적합 판정을 받았다는 예비군 부대 실사 자료가 공개됐습니다,17,51,0.14286336339833042,low(~15%),train,zk_00461
train,6302,151,8.192875,16000,이후 중국 정부에서 우리나라와 같이 표준화된 매뉴얼을 쓸 것으로 기대하고 있다,11,33,0.21250334064830306,mid(15~30%),train,zk_00462
train,6304,151,10.8309375,16000,무상 복지에 투입되는 예산을 두고 김무성 새누리당 대표는 성남시 복지확대하면 부도 난다고 했는데,13,41,0.16074446990521055,mid(15~30%),train,zk_00463
train,6308,151,8.6848125,16000,민간인 사찰의 최고 윗선이 이명박 대통령임을 입증하는 결정적인 증거를 확보한 것이다,11,36,0.20046642423356478,mid(15~30%),train,zk_00464
train,6309,151,8.6099375,16000,한국소비자원에 따르면 지난해 구 월 정수기렌털 상담이 전월대비 삼십 이 퍼센트 뛰었다,12,36,0.2022097497239633,mid(15~30%),train,zk_00465
train,6319,151,8.1015,16000,패션의 완성인 손목시계 역시 기동성과 신속성이 요구되는 군대에서 탄생했다,9,32,0.2149001181279968,mid(15~30%),train,zk_00466
train,6322,151,8.7198125,16000,가외의 노력이 든다 하더라도 집 안팎을 깔끔하고 청결하게 유지하기 위해 최선을 다하십시오,12,38,0.19966178252272812,mid(15~30%),train,zk_00467
train,6329,151,8.064125,16000,박 사무장 측은 법원에 미국에서 재판을 받아야 한다는 내용을 담은 서면을 제출했다,12,34,0.21589612103160183,mid(15~30%),train,zk_00468
train,6344,151,11.213625,16000,트빌리시에는 폭우가 내리고 강한 바람이 불면서 시내를 가로지르는 하천이 불어나 인근 십 여 개 가옥도 피해를 봤다,17,47,0.15525874166596138,mid(15~30%),train,zk_00469
train,11699,152,11.4760625,16000,이 과정에서 아파트 명의 문제 등으로 말다툼이 벌어졌고 감정이 격해진 송씨가 공구를 침대에 펼쳐놓고 흉기를 아내 가슴에 들이대며 죽여버린다고 협박했다,20,64,0.15170824549046907,mid(15~30%),train,zk_00470
train,11717,152,5.9105625,16000,지난 육 일 시작된 기초자료 제출 등록 기한은 삼 월 십 일까지다,12,25,0.29455966450130017,mid(15~30%),train,zk_00471
train,11723,152,6.5206875,16000,지인클리닉의원의 박해상 원장은 겨드랑이 털은 특별한 기능이 없다,8,28,0.2669984272385337,mid(15~30%),train,zk_00472
train,11732,152,6.921875,16000,배기가스 조작사태 속에서도 폭스바겐이 판매 신기록을 세운 주요 이유입니다,9,32,0.25152336715325924,mid(15~30%),train,zk_00473
train,11809,152,5.4236875,16000,등급이 올라감에 따라 받은 금액과 혜택은 함께 증가했다,8,23,0.3210017736113975,high(30%~),train,zk_00474
train,11953,152,6.5720625,16000,역경에 처할 때 아내가 보여 주는 힘과 적응력에 나는 지금도 계속 경탄하고 있습니다,13,34,0.264911252291646,mid(15~30%),train,zk_00475
train,12003,152,7.765625,16000,한 걸음 더 나아가 천 구백 이십 이 년에는 처음으로 선박과 육지 사이에 무선 통신이 이루어졌습니다,16,40,0.2241948725329856,mid(15~30%),train,zk_00476
train,12008,152,8.164375,16000,다만 피고인이 범행 모두를 시인하고 반성하고 있는 점 동종 전과가 없는 점 등을 고려해 형을 정했다고 덧붙였다,17,45,0.21324514209770695,mid(15~30%),train,zk_00477
train,12067,152,6.4195,16000,근로능력평가는 의학적 평가와 활동능력 평가 두 가지로 이뤄진다,8,27,0.2712069954068021,mid(15~30%),train,zk_00478
train,12182,152,9.9885,16000,하나는 좀 젊게 보인 것도 있고 약간 보수적인 분들이 또 여성에 대한 폄하 같은 것도 은연중에 있지 않나 이런 생각도 들었고요,21,50,0.1743017777458043,mid(15~30%),train,zk_00479
train,2742,153,9.253875,16000,일본 정부도 두 유골의 신원이 지바 출신의 미치오 오이카와 도쿄 출신의 마사유키 고바야시라고 확인했다,14,43,0.18813883989290606,mid(15~30%),train,zk_00480
train,2747,153,6.7786875,16000,미리 준비한 거 자체가 문제는 아니잖아요 그렇죠 라고 동의를 구하듯 질문했습니다,11,34,0.25683634287817014,mid(15~30%),train,zk_00481
train,2753,153,6.562125,16000,어머니와 동생이 떠날 때 나도 아내를 떠나 우리 셋은 오클랜드로 이사를 갔습니다,12,33,0.2653124265407876,mid(15~30%),train,zk_00482
train,2759,153,7.405,16000,서울신문 김기찬 교수 사 차 산업혁명을 대표할 수 있는 기업을 뽑고자 노력했다,12,32,0.23511320823956328,mid(15~30%),train,zk_00483
train,2761,153,7.914625,16000,그런데 이 노래는 좀 더 감동이 짙게 묻어나면서 그 여자를 위한 헌정의 느낌을 살려야 될 것 같았다,17,39,0.2199742005482213,mid(15~30%),train,zk_00484
train,2764,153,5.764,16000,선수 경력과 지도자 능력은 무관하다는 걸 분명하게 보여줬다,8,25,0.30204949809402604,high(30%~),train,zk_00485
train,2767,153,9.5149375,16000,하지만 지난 삼 년동안 익선동에서 살았던 원주민의 경우 매년 백 명 넘게 이곳을 떠났다,14,35,0.18297685160979418,mid(15~30%),train,zk_00486
train,2775,153,7.1219375,16000,삼성 내 나머지 계열사들뿐만 아니라 다른 대기업으로도 감원바람이 불고 있습니다,10,34,0.2444578188188209,mid(15~30%),train,zk_00487
train,2783,153,9.582625,16000,은행들은 고정금리대출자 비중이 충분히 늘어난 상황에서 고정금리 특판 대출상품을 내놓을 계획이 당분간 없다,13,46,0.18168438262104236,mid(15~30%),train,zk_00488
train,2791,153,8.063,16000,한국 국민은 걱정할 필요가 없다고 했는데 구체적으로 뭘 걱정할 필요가 없다는 얘긴지 저도 잘 이해가 안 가는데요,17,46,0.21592624420364206,mid(15~30%),train,zk_00489
train,5416,154,8.8446875,16000,재무제표를 통해서도 기업들이 실물투자보다는 현금성 자산 불리기에 주력하고 있음을 확인할 수 있다,12,42,0.19684282876178116,mid(15~30%),train,zk_00490
train,5417,154,9.34125,16000,이천 팔 년 이후 지난해까지 추석 연휴 이후 코스피는 단 두 차례를 제외하고는 매년 부진한 모습을 보였다,17,42,0.1863790506638797,mid(15~30%),train,zk_00491
train,5428,154,6.4285625,16000,물론 심각한 정신 장애가 있는 사람이라면 정신 건강 전문가의 도움이 필요할 수 있다,13,34,0.2708246683475452,mid(15~30%),train,zk_00492
train,5452,154,11.46425,16000,반면 여권이 좌편향의 표적으로 삼은 칠 종의 검정 한국사 검정교과서는 주체사상의 실체가 아닌 비판적 소개에 집중했다,16,49,0.15186456218365493,mid(15~30%),train,zk_00493
train,5456,154,11.315375,16000,검은 덩어리가 실제로 핵연료 파편으로 드러나면 사고 후 육 년 가까이 지나서 처음 발견한 것으로 폐로작업을 하는 과정에서 귀중한 자료가 된다,21,58,0.1538626255881017,mid(15~30%),train,zk_00494
train,5463,154,5.95775,16000,리포트 아파트 사이의 농지 곳곳 노란색 깃발이 꽂혀 있습니다,9,25,0.2922266471426237,mid(15~30%),train,zk_00495
train,5475,154,6.28325,16000,세 번째는 우병우 민정수석에 대한 수사가 아직은 덜 숙성됐기 때문이다,10,29,0.2770880208513056,mid(15~30%),train,zk_00496
train,5479,154,7.2508125,16000,고릴라들이 이렇게 길들여지고 나면 관광객들이 고릴라를 방문할 수 있게 됩니다,10,33,0.24011285728516163,mid(15~30%),train,zk_00497
train,5485,154,10.753125,16000,사건을 수사중인 안산단원경찰서는 지난 육 일 살인 및 사체유기 등 혐의로 조씨에 대해 구속영장을 신청했다,15,44,0.16190766005360915,mid(15~30%),train,zk_00498
train,5510,154,11.52225,16000,그는 성서 계시록에 기록된 매우 인상적인 환상을 받은 후에 경외심에 사로잡힌 나머지 환상을 보여 준 천사의 발 앞에 숭배하려고 엎드렸습니다,20,58,0.1511001156036335,mid(15~30%),train,zk_00499
train,6923,157,5.1114375,16000,우리는 위기의 진앙이 아닌 안전지대가 됐다는 말까지 나올 정도였다,9,28,0.34061128733628576,high(30%~),train,zk_00500
train,6926,157,5.232125,16000,경찰은 도대체 무엇을 하느냐며 공안당국으로도 비판의 화살이 빗발쳤다,8,30,0.3327545322433937,high(30%~),train,zk_00501
train,6928,157,5.995375,16000,이천 십 오 년 우리나라 최저임금은 올해보다 칠 쩜 일 퍼센트 증가한 오천 오백 팔십 원이다,16,36,0.29039272889751955,mid(15~30%),train,zk_00502
train,6932,157,6.2175625,16000,하지만 그렇게 하기 위해서는 먼저 남자와 여자가 대화하는 방식에 차이가 있다는 것을 알아야 합니다,14,41,0.2800154090954399,mid(15~30%),train,zk_00503
train,6934,157,5.008,16000,한국과 중국의 연말 표정이 사뭇 다른 것 중의 하나가구세군 자선냄비다,10,29,0.3476464271194022,high(30%~),train,zk_00504
train,6941,157,7.041875,16000,문 이사장은 삼성물산 제일모직 합병과 관련해 이십 사 일 검찰 조사를 받았고 직권남용 혐의로도 고발됐다,15,43,0.24723717859433264,mid(15~30%),train,zk_00505
train,6943,157,5.5931875,16000,서울신문 김기찬 교수 사 차 산업혁명을 대표할 수 있는 기업을 뽑고자 노력했다,12,32,0.31127390365761315,high(30%~),train,zk_00506
train,6946,157,8.2993125,16000,이 단지는 지하철 분당선 서울숲역이 가까워 역세권 입지를 갖춘 데다 중랑천과 서울숲이 가까이에 있어 자연경관이 좋고 한강도 조망할 수 있다,20,58,0.20977801559032347,mid(15~30%),train,zk_00507
train,6956,157,6.351125,16000,지하철 일 호선과 칠 호선이 만나는 구로구 온수동도 평당 비용이 삼 만 육천 원 정도로 저렴했다,16,38,0.2741267581749637,mid(15~30%),train,zk_00508
train,6978,157,6.61625,16000,교육부 관계자는 이영 차관이 해임을 포함해 조치를 논의하겠다고 밝혔고 그 후 진전된 내용은 없다고 했다,15,43,0.2631420074836903,mid(15~30%),train,zk_00509
train,8153,158,7.9909375,16000,즉 아무리 어린아이가 한 낙서일지라도 자연적 현상이 아니라 고의나 과실에 의한 행위이기 때문에 하자보수의 범위로 간주된다,16,52,0.2178734731705718,mid(15~30%),train,zk_00510
train,8157,158,6.8689375,16000,공부를 하거나 경험을 하면 신경세포의 연결망이 재조직되거나 연결 강도가 바뀌면서 기억이나 판단 능력이 생긴다,14,47,0.2534618064313391,mid(15~30%),train,zk_00511
train,8166,158,7.844,16000,그런데 지금 미국은 중국보고 하라고 했는데 하지 않으면 우리가 하겠다 이러고 있는데요,12,36,0.22195478161830268,mid(15~30%),train,zk_00512
train,8173,158,5.0835625,16000,우리들처럼 먹성 좋은 나이에는 매 끼니가 잔치고 축제입니다,8,25,0.3424789814257159,high(30%~),train,zk_00513
train,8178,158,6.816125,16000,극도의 감정적인 괴로움이나 우울증을 겪는 경우라면 의학적인 치료가 필요할 수도 있다,11,36,0.2554256717730332,mid(15~30%),train,zk_00514
train,8191,158,5.0170625,16000,과거 신용카드 복제 사고의 대부분은 마그네틱선 복제였다,7,24,0.3470184609049551,high(30%~),train,zk_00515
train,8192,158,6.80725,16000,자기계발비가 너무 적어 가족당 외출을 한 달에 한 두 번밖에 못할 명세서도 등장했다,13,34,0.2557586847866563,mid(15~30%),train,zk_00516
train,8201,158,5.87775,16000,크레인 기사하고 현대 크레인 기사하고 머구리 기사하고 미팅하기로 했다,9,30,0.2962040418551259,mid(15~30%),train,zk_00517
train,8212,158,9.7458125,16000,정부는 전국에 있는 사 대 강 보를 통해 확보된 물을 더 효율적으로 활용할 수 있도록 사 대 강 수자원 활용 개선 방안 용역도 시행 중이다,25,53,0.17864219191719174,mid(15~30%),train,zk_00518
train,8237,158,6.3531875,16000,괌으로 날아간 미사일은 발사 위치에 따라 사드 레이더의 탐지거리를 벗어날 수도 있다,12,35,0.2740377656119808,mid(15~30%),train,zk_00519
train,14214,163,5.904,16000,과학자들은 그들이 만든 기후 모델의 정확성과 신뢰성이 개선되기를 바라고 있습니다,10,35,0.294887077746268,mid(15~30%),train,zk_00520
train,14221,163,5.143,16000,당시 주유소가 내건 휘발유 가격은 리터당 일 천 삼백 오십 칠 원,12,25,0.33852096189266306,high(30%~),train,zk_00521
train,14259,163,8.30675,16000,중국 관영 글로벌타임스는 한국이 미국의 괴뢰가 되려고 작심한다면 중국이 그에 맞서야 할 것이라고 그런 생각을 드러낸 바 있다,18,52,0.20959018954632874,mid(15~30%),train,zk_00522
train,14266,163,6.015875,16000,조 사무총장은 다른 항공사들 같으면 곤란하다 우리도 힘들다고 했을 만한 상황이었다,11,35,0.2894031719432279,mid(15~30%),train,zk_00523
train,14268,163,10.7988125,16000,은행 예금을 인출해 도피자금을 마련한 두 사람은 이전까지 쓰던 휴대전화를 비롯해 의료보험 신용카드 교통카드 등 자신들의 행적을 노출할 수 있는 어떤 수단도 쓰지 않았다,24,70,0.16122266286352932,mid(15~30%),train,zk_00524
train,14283,163,7.61675,16000,와이제이콥스메디칼이요 안 수석은 먼저 박 씨가 보낸 선물에 대해 아내로부터 점수를 많이 땄다며 고마움을 표시합니다,15,49,0.22857692677506367,mid(15~30%),train,zk_00525
train,14299,163,7.3909375,16000,대통령이 가정주부라고 했던 최순실씨가 세관장 인사에까지 개입했다는 증거가 새롭게 제기된겁니다,10,42,0.23556055060862932,mid(15~30%),train,zk_00526
train,14305,163,5.7915625,16000,그런데 이런 시대착오적인 욕설까지 서슴지 않는 사람이 과연 이것만 했을까요,10,32,0.3006120208517073,high(30%~),train,zk_00527
train,14311,163,9.2455625,16000,노효동 특파원 미국 최대의 방산업체인 록히드마틴이 지난 이십 구 일 한 미 양국이 사드 문제를 논의 중이라고 했던 주장을 하루 만에 뒤집었다,22,57,0.1883079917543109,mid(15~30%),train,zk_00528
train,14324,163,6.10125,16000,게다가 무료급식을 지원받는다는 사실을 반 친구들에게 들키고 싶지 않은 마음도 컸습니다,11,37,0.28535354345649927,mid(15~30%),train,zk_00529
train,3983,164,6.3406875,16000,또한 장인은 북 내부에 야자유를 바른 다음 햇빛에 말리는 경우도 있습니다,11,30,0.27457800230873486,mid(15~30%),train,zk_00530
train,3987,164,6.4944375,16000,실제로 인터넷에는 로스쿨 출신 신규 법관의 가족 정보가 돌고 있다,10,27,0.2680776136522934,mid(15~30%),train,zk_00531
train,3988,164,9.991875,16000,그러나 대통령 측은 그동안 변론에서 탄핵심판 사안의 중대성을 고려할 때 명확한 사실관계 확인이 필요하다고 주장해왔다,15,50,0.17424290306013296,mid(15~30%),train,zk_00532
train,3992,164,9.4331875,16000,북한에선 남녀 모두에게 책임을 묻고 피해자인 여성은 사회적으로 매장된다는 것이 탈북 여성들의 공통된 증언이다,14,47,0.1845625677443564,mid(15~30%),train,zk_00533
train,3993,164,10.9674375,16000,왜 그러냐면 이렇게 강제적으로 피해를 입은 사람에게 구제를 해 주는 강제적인 판결이 나오는 것이 이게 정의의 원칙에 맞는 것이거든요,19,55,0.15874385488989257,mid(15~30%),train,zk_00534
train,3994,164,7.5728125,16000,대부분의 여론조사에서 유승민 사퇴에 공감 안 한다는 응답이 공감한다는 응답을 앞질렀다,11,37,0.2299031313681629,mid(15~30%),train,zk_00535
train,4012,164,8.0226875,16000,다만 다른 건 두렵지 않은데 내가 조두순 사건의 피해자라는 걸 주변 사람들이 아는 것이 스트레스라고 말한다,16,44,0.21701123308292466,mid(15~30%),train,zk_00536
train,4018,164,8.1730625,16000,박 대통령의 입장 표명과 사과를 요구하는 정치권의 요구에 곧장 맞서서 대응하기도 힘든 상황이었다,13,41,0.2130184746554876,mid(15~30%),train,zk_00537
train,4022,164,12.0006875,16000,그러므로 흡연 습관을 극복하기 원한다면 가족과 친구를 비롯하여 진정으로 지원을 아끼지 않고 참을성을 나타낼 사람에게 도움을 구하는 것이 현명할 것입니다,20,65,0.14507613059784835,low(~15%),train,zk_00538
train,4025,164,5.063875,16000,스노윙 치킨은 눈가루 같은 치즈 가루를 뿌린 메뉴를 뜻한다,9,24,0.34381048248899626,high(30%~),train,zk_00539
train,8252,165,6.3171875,16000,하지만 암컷들은 몇 주 더 휴식을 취하는데 아마도 새끼들 때문에 지쳐 버렸기 때문일 것입니다,14,38,0.2755994351939002,mid(15~30%),train,zk_00540
train,8269,165,7.4595,16000,박 전 대통령은 자신의 트위터에 출퇴근할 때마다 나와서 반겨준다며 이들의 소식을 자주 전했다,13,39,0.23339544299402992,mid(15~30%),train,zk_00541
train,8272,165,6.1465,16000,이러한 전략적 요충지의 이점을 제일 먼저 깨달은 사람들은 로마인들이 아니었습니다,10,35,0.2832527954142953,mid(15~30%),train,zk_00542
train,8290,165,5.7538125,16000,이 씨와 같은 사무실에서 일하는 김정민 씨는 앞으로는 백 세 시대잖아요,11,29,0.3025842964145888,high(30%~),train,zk_00543
train,8306,165,6.31375,16000,우리는 숨을 헐떡이며 숲을 벗어나 바위층이 드러나 있는 곳에서 잠시 휴식을 취합니다,12,35,0.27574948438154284,mid(15~30%),train,zk_00544
train,8316,165,5.560125,16000,명절 후 한달 정도 참고 고민하다가 끝내 이혼 서류를 접수하는 것이다,11,28,0.3131248500733286,high(30%~),train,zk_00545
train,8319,165,6.346375,16000,월세 문제로 종종 만나는 건물 관리인이 이 건물에서 황씨를 아는 유일한 사람이었다,12,34,0.2743319307500685,mid(15~30%),train,zk_00546
train,8339,165,5.6003125,16000,오늘날 여가 활동으로 새를 관찰하는 것을 즐기는 사람이 많습니다,9,27,0.31087788529907323,high(30%~),train,zk_00547
train,8340,165,5.7655625,16000,위반하면 오 년 이하의 징역 또는 오 년 이하의 자격정지 처벌을 받는다,12,28,0.3019676409741402,high(30%~),train,zk_00548
train,8342,165,8.052125,16000,이상적인 외모를 얻는 것이 불가능하지는 않더라도 상당히 어려우며 그 가치가 매우 적다는 것을 깨달을 필요가 있습니다,16,49,0.21621786882518168,mid(15~30%),train,zk_00549
train,2123,166,7.557,16000,생후 여섯 에서 열 두 개월까지는 모체로부터 받은 면역이 있지만 그 이후로는 면역성이 감소되기 때문이다,15,43,0.23038418777477387,mid(15~30%),train,zk_00550
train,2128,166,7.4519375,16000,하지만 싫증 나면 버리면 그만이라는 식의 사고방식은 단지 물건에만 영향을 미치는 데서 그치지 않습니다,14,43,0.23363230126580722,mid(15~30%),train,zk_00551
train,2129,166,4.9881875,16000,그런데 이것도 없던걸 만들어낸건 아니고 기존 계획에 있는 겁니다,9,27,0.3490272382531663,high(30%~),train,zk_00552
train,2133,166,5.634,16000,대우조선이 잘하는 조선 쪽에 특화해 규모를 줄여 회생을 도모하자는 것이다,10,31,0.30901904632835747,high(30%~),train,zk_00553
train,2135,166,5.9769375,16000,패션의 완성인 손목시계 역시 기동성과 신속성이 요구되는 군대에서 탄생했다,9,32,0.29128852476941014,mid(15~30%),train,zk_00554
train,2136,166,6.233125,16000,삼성전자가 갈수록 추락하는 중국 시장 점유율을 만회하기 위해 가격 대응에 나섰다,11,34,0.2793162830865683,mid(15~30%),train,zk_00555
train,2139,166,7.1511875,16000,많은 전문가는 슈거 크래시를 유발하는 당분 함유 음료 대신 물을 많이 섭취할 것을 권한다,14,36,0.24345793017089346,mid(15~30%),train,zk_00556
train,2140,166,7.1673125,16000,애기 한번 잘 키워보려고 매일매일 가습기 살균제를 가습기에다가 제가 제 자식을 죽인 게 아닙니다,14,40,0.2429101991874871,mid(15~30%),train,zk_00557
train,2143,166,5.8094375,16000,우리가 규제라고 생각하는 것이 아니라 교육 현장에서 규제라고 생각하는 것이 중요하다,11,36,0.2996870707385984,mid(15~30%),train,zk_00558
train,2145,166,6.83325,16000,첫째로 불필요하게 시간을 빼앗아 가는 요인들을 어떻게 현명하게 제거할 수 있는지를 알려 줍니다,13,40,0.25478554231353545,mid(15~30%),train,zk_00559
train,21504,167,7.63675,16000,애초 최고위원 출마를 염두에 뒀지만 최고위원제가 폐지되면서 당 대표 출마까지 고민하게 된 것이라고 전했다,14,45,0.22797830320672618,mid(15~30%),train,zk_00560
train,21507,167,5.9745,16000,십 사 위는 일 억 팔천 오백 만 달러의 모나코 알베르 이 세 대공 부인 샬린 위트스톡이 차지했다,18,37,0.2914073658070075,mid(15~30%),train,zk_00561
train,21516,167,4.9659375,16000,황정화 이건 사실 법 적용을 어떻게 할 것인가의 문제일 텐데요,10,25,0.35059106301961435,high(30%~),train,zk_00562
train,21523,167,10.3314375,16000,당 안팎의 친노패권주의 청산 요구를 받아들이고 개혁공천의 마침표를 찍어 중도성향의 야권 지지자를 끌어안겠다는 김 대표의 판단이 작용했다는 풀이다,18,63,0.16851607600723192,mid(15~30%),train,zk_00563
train,21526,167,7.8538125,16000,강릉시 주변에 스물 개 해수욕장이 있는데 비키니 전용이라든가 여성 전용 해수욕장이라는 특화사업을 한 적은 없네요,15,48,0.22167747282150754,mid(15~30%),train,zk_00564
train,21528,167,6.7371875,16000,너무 늦은감이 있지만 그래도 하나하나 모든 것들이 차근차근 제자리를 찾고 있다고 생각한다고 밝혔다,13,42,0.2584184137689453,mid(15~30%),train,zk_00565
train,21529,167,8.3806875,16000,결국 더민주 이성만 후보가 이십 육 쩜 칠 퍼센트의 득표율을 기록한 만큼 야권 후보 분열이 새누리에 승리를 안겨준 셈이다,19,49,0.20774110799549156,mid(15~30%),train,zk_00566
train,21542,167,7.807375,16000,정신병원은 의료급여 예산을 지급받는 방법으로 수익을 얻기 때문에 정신병상수는 당연히 수익으로 연결될 수밖에 없다,14,49,0.22299598866635278,mid(15~30%),train,zk_00567
train,21550,167,7.9594375,16000,한 현직 영어강사는 토익은 다른 공인영어시험에 비해 유형이 잘 알려져 있고 스터디나 수업을 꾸리기에 용이하다,15,46,0.21873572184139473,mid(15~30%),train,zk_00568
train,21554,167,9.294625,16000,대형 병원인 삼성서울병원에서 환자수가 늘어나면서 메르스로 보건당국이 자택 혹은 시설에 격리한 사람의 수는 처음으로 두 천명을 넘어섰다,17,58,0.18731399136748025,mid(15~30%),train,zk_00569
train,2052,168,5.0405,16000,고령화로 증가하는 육십 대 이상이 주택 시장의 큰손으로 부상하고 있다,10,29,0.34540488185972945,high(30%~),train,zk_00570
train,2058,168,8.4173125,16000,산업부는 영세 가구점 등 일각에서 제기하는 지역경제 고사 우려에 대해 실제 상권 영향분석을 따져봐야 한다는 입장이다,16,49,0.20683719500897302,mid(15~30%),train,zk_00571
train,2063,168,6.0916875,16000,반면 살인미수 혐의는 원주 사건이 정당방위로 인정받기 어려울 수 있는 법적 근거가 됩니다,13,37,0.28580148062650396,mid(15~30%),train,zk_00572
train,2067,168,7.78575,16000,국민이 판단할 일을 왜 정부가 판단해서 대통령 생각대로 국민들이 다 가져가야 됩니까,12,35,0.22361536229829704,mid(15~30%),train,zk_00573
train,2075,168,5.659875,16000,반면 시민단체는 절대로 수사를 멈춰서는 안 된다고 검찰에 힘을 실어주고 있습니다,11,34,0.30760631763315727,high(30%~),train,zk_00574
train,2077,168,7.5170625,16000,조폭의 자금으로 굴러가는 지하경제 규모만 백 이십 일 조원에 이르는 것으로 대검찰청은 추정하고 있다,14,42,0.2316081989492526,mid(15~30%),train,zk_00575
train,2084,168,8.6818125,16000,전 세계적으로 정신 질환과 신경 장애로 인한 피해가 엄청나다고 세계 보건 기구의 사무총장인 그로 할렘 브룬틀란 박사는 단언한다,18,53,0.2005356953993151,mid(15~30%),train,zk_00576
train,2089,168,5.6890625,16000,그 첼시 전에서 나의 실수는 마치 내 인생에 재앙이 불어닥친 것만 같은 느낌이었다,13,33,0.3060281561353854,high(30%~),train,zk_00577
train,2092,168,7.5168125,16000,이 질문에 대한 반대비율은 이천 육 년 삼십 오 쩜 일 퍼센트에서 이천 십 육 년 사십 사 쩜 일 퍼센트로 껑충 뛰었다,23,44,0.23161590195497972,mid(15~30%),train,zk_00578
train,2104,168,6.398875,16000,부산시선거관리위원회 관계자는 에게 선거조직 뒷거래의혹에 대해 전혀 조사한 사실이 없다고 밝혔다,11,42,0.27208115598663296,mid(15~30%),train,zk_00579
train,15522,170,8.0676875,16000,또 강씨를 상대로 정확한 사건경위와 범행 동기를 조사하고 절도 혐의로 구속영장을 신청할 방침이다,13,41,0.2158007864104759,mid(15~30%),train,zk_00580
train,15523,170,6.9044375,16000,지금 여론을 보면 그렇게 하면 엎질러진 물이 되는 게 아니라 엎질러진 휘발유가 되는 거죠,14,36,0.25215860191564715,mid(15~30%),train,zk_00581
train,15525,170,6.5634375,16000,그러한 노력의 일환으로 이천 십 년을 세계 생물 다양성의 해로 지정했습니다,11,31,0.2652593716347518,mid(15~30%),train,zk_00582
train,15527,170,7.371875,16000,이로 인해 경주 대구는 진도 육 부산 울산 창원에선 진도 오 의 흔들림이 발생했다,14,32,0.23616967284632012,mid(15~30%),train,zk_00583
train,15529,170,4.9735625,16000,크레인 기사하고 현대 크레인 기사하고 머구리 기사하고 미팅하기로 했다,9,30,0.3500535696523299,high(30%~),train,zk_00584
train,15530,170,6.27925,16000,그 첼시 전에서 나의 실수는 마치 내 인생에 재앙이 불어닥친 것만 같은 느낌이었다,13,33,0.27726453111660887,mid(15~30%),train,zk_00585
train,15536,170,5.9080625,16000,안민석 우선 성난 민심을 조롱하는 대통령의 말씀이었다고 생각 되는데요,9,30,0.2946843075905115,mid(15~30%),train,zk_00586
train,15537,170,5.671,16000,그는 트럼프와 언론이 합동으로 현대판 공성계를 사용했다라고 주장했다,8,30,0.307002875509428,high(30%~),train,zk_00587
train,15538,170,8.1798125,16000,금융팀 다음 달부터 농협 신협 수협 등 상호금융권과 새마을금고에도 여신심사 가이드라인이 도입된다,12,42,0.2128426913225659,mid(15~30%),train,zk_00588
train,15543,170,8.2270625,16000,집에서 멀리 떨어져 살았지만 여호와를 공경하면서 언제나 순결을 지키고 부지런히 일하고 책임감 있게 행동했다,14,46,0.21162028452001744,mid(15~30%),train,zk_00589
train,14064,171,7.3213125,16000,이러한 노천탕에는 아침에 새들이 부르는 합창곡이나 부드럽게 흐르는 시냇물 소리가 들려올 때도 있습니다,13,44,0.23780070950583876,mid(15~30%),train,zk_00590
train,14068,171,7.6135,16000,우선 조윤선 후보자 부부의 일 년 생활비가 오 억 원이었다는 보도가 나오면서 관심이 모아졌고요,14,39,0.22867450016601643,mid(15~30%),train,zk_00591
train,14079,171,7.23775,16000,매니지먼트 게임 특성이 정적이지만 정적이지 않도록 구성해 좀 더 재미를 줄 수 있도록 만들었다,14,39,0.24054620662691667,mid(15~30%),train,zk_00592
train,14102,171,5.756,16000,일반적으로 반죽을 만들 때는 우유나 물 또는 우유와 물을 섞어서 사용합니다,11,31,0.30246930281688084,high(30%~),train,zk_00593
train,14106,171,5.8045,16000,막걸리라고 쓸 수 있는 건 국내법이 적용되지 않는 수출용 제품뿐 입니다,11,29,0.29994199448944203,mid(15~30%),train,zk_00594
train,14127,171,8.07075,16000,오 발굴팀장은 달리 말하면 이 건축물은 처음부터 무덤을 덮을 목적으로 세워진 것으로 보인다고 말했다,14,42,0.2157188993605261,mid(15~30%),train,zk_00595
train,14128,171,6.8895625,16000,이들은 해임됐고 받은 금액의 세 배에 해당하는 징계부과금을 물어야 할 처지라고 한다,12,35,0.2527030282422093,mid(15~30%),train,zk_00596
train,14166,171,6.6009375,16000,또 하나의 놀라운 설계 솜씨를 대기 중의 수증기의 움직임에서 엿볼 수 있습니다,12,32,0.26375243016828537,mid(15~30%),train,zk_00597
train,14181,171,6.3435625,16000,이데일리 노르웨이 국영석유회사 스타토일이 미국 알래스카 유전개발 사업을 포기했다,9,36,0.2744535593389308,mid(15~30%),train,zk_00598
train,14190,171,7.1601875,16000,찰스 다윈 센터의 문을 닫을 시간이 된 건 아닌가 하는 걱정에 숙소에 가방을 던져넣고 한걸음에 달려갔다,16,42,0.24315191564661764,mid(15~30%),train,zk_00599
train,11563,174,7.2315625,16000,먼저 세탁을 마친 셔츠를 세탁기에서 꺼낸 후 찬장처럼 생긴 런드로이드에 넣으면 끝난다,12,36,0.24075202378655597,mid(15~30%),train,zk_00600
train,11564,174,6.1548125,16000,사십 대가 옴짝달싹 못하는 이유는 가계의 안정성이 떨어지고 있기 때문이다,10,31,0.28287024292193563,mid(15~30%),train,zk_00601
train,11579,174,5.9991875,16000,대형견에 잡종인 참깨가 안락사 일 순위라는 말을 듣고 입양을 결심한 것,11,29,0.29020818352718036,mid(15~30%),train,zk_00602
train,11589,174,10.808375,16000,서울중부경찰서 을지지구대 양모 경위와 이모 경장은 신고 내용과 유사한 오토바이를 발견했다는 공조 요청을 받고 현장에 출동했다,16,54,0.16108002424175386,mid(15~30%),train,zk_00603
train,11590,174,4.9905,16000,그런 공격을 했을 뿐만 아니라 공약이 여러 차례 바뀌었다,9,23,0.3488655058639347,high(30%~),train,zk_00604
train,11595,174,6.621125,16000,다른 변호사는 바람을 피우고도 뻔뻔하게 행동하는 경우는 예전보다 눈에 띄게 늘었다,11,35,0.2629482613625277,mid(15~30%),train,zk_00605
train,11598,174,8.4819375,16000,다만 미분양 주택이 덩달아 늘고 있고 주택경기 호황이 지속되면서 공급과잉에 따른 입주대란 공포도 확산되는 분위기다,15,49,0.20526127515251863,mid(15~30%),train,zk_00606
train,11607,174,10.5588125,16000,온라인 여행전문 사이트 익스피디아에 따르면 아랍에미리트 직장인들은 연차휴가 삼십 일 스웨덴 네덜란드 노르웨이는 이십 오 일을 받아 백 퍼센트 쓰고 있다,21,64,0.16488722638213021,mid(15~30%),train,zk_00607
train,11614,174,5.4146875,16000,일 장막의 기초를 위한 장부 받침은 무엇으로 만들었습니까,8,24,0.3215353253560738,high(30%~),train,zk_00608
train,11622,174,8.017625,16000,오마이뉴스 최근 국내 모 백화점에서 한 외국인이 촬영한 영상이 적잖은 파장을 낳았다,12,35,0.21714825861947473,mid(15~30%),train,zk_00609
train,18810,176,5.4215,16000,대통령 탄핵 물러나다 헌재가 박근혜 전 대통령 파면 결정을 내렸다,10,27,0.32113129337156987,high(30%~),train,zk_00610
train,18812,176,5.56725,16000,몽둥이와 함께 변 씨의 가게에선 쇠 파이프와 곡괭이 자루까지 발견됐습니다,10,31,0.31272411100884034,high(30%~),train,zk_00611
train,18816,176,8.983375,16000,하지만 미국 의회에서 발족시킨 한 위원회에서는 서로 뚜렷이 구분되는 열 일곱 가지 수면 장애가 있음을 인정했습니다,16,48,0.19380392191286305,mid(15~30%),train,zk_00612
train,18818,176,8.488125,16000,청소년들을 보호하기 위해서는 아청법이 꼭 필요한 법임은 분명하지만 이에 따른 피해도 함께 발생하고 있어 문제다,15,47,0.20511164798043927,mid(15~30%),train,zk_00613
train,18821,176,7.7249375,16000,한겨레 이십 일 한겨레신문 한겨레는 한국온라인신문협회의 디지털뉴스이용규칙에 따른 저작권을 행사합니다,10,46,0.22537571430370357,mid(15~30%),train,zk_00614
train,18822,176,5.8903125,16000,조 사무총장은 다른 항공사들 같으면 곤란하다 우리도 힘들다고 했을 만한 상황이었다,11,35,0.2955723159024188,mid(15~30%),train,zk_00615
train,18825,176,8.3866875,16000,정부는 전국에 있는 사 대 강 보를 통해 확보된 물을 더 효율적으로 활용할 수 있도록 사 대 강 수자원 활용 개선 방안 용역도 시행 중이다,25,53,0.20759248595037863,mid(15~30%),train,zk_00616
train,18829,176,5.2885,16000,한 중견검사는 우리나라 대기업들은 엄청난 현안들이 존재한다,7,26,0.32920739472704286,high(30%~),train,zk_00617
train,18830,176,5.10925,16000,그는 지난해 십 이 월 이십 사 일 집행유예형을 선고받고 풀려났다,11,26,0.3407571183664855,high(30%~),train,zk_00618
train,18833,176,5.79075,16000,배송장소와 요금까지 정확히 알고 있어서 사람들을 쉽게 속일 수 있었습니다,10,31,0.30065419971747465,high(30%~),train,zk_00619
train,10238,177,7.549625,16000,천 구백 육십 년대 초반 우리는 남부 아프리카에서 여행하는 봉사를 수행하라는 임무를 받았습니다,13,40,0.23060924310995132,mid(15~30%),train,zk_00620
train,10240,177,8.5495,16000,서민들 밥상을 걱정한 정부의 정책이라고 하는데 과연 누구의 걱정이 덜어지고 누구의 주머니가 불려지는 걸까,14,45,0.20363919609497236,mid(15~30%),train,zk_00621
train,10241,177,7.7829375,16000,선대인 그런데 누구나 느끼시겠지만 지금 이천 육 년 부동산 폭등기 때보다 지금 호황인가,13,36,0.22369616960356756,mid(15~30%),train,zk_00622
train,10242,177,10.5756875,16000,미완의 삼룡 야권의 유력한 대권후보인 안철수 국민의당 상임공동대표와 문재인 전 더민주 대표는 이번 총선에서 절반의 성공을 거뒀다,17,55,0.1646241255723532,mid(15~30%),train,zk_00623
train,10247,177,7.4039375,16000,박재홍 사단법인 탁틴내일의 이현숙 상임대표와 함께 필리핀 안에 있는 코피노 문제 짚어봤습니다,12,40,0.2351469480953839,mid(15~30%),train,zk_00624
train,10250,177,10.265125,16000,단순히 계산하면 갤럭시노트 칠 의 출고가는 구십 팔 만 팔천 구백 원인데 이백 오십 만대를 곱하면 무려 이 조 사천 칠백 이십 이 억원에 달한다,25,56,0.16960468645184215,mid(15~30%),train,zk_00625
train,10251,177,6.7599375,16000,사 일 오전 여섯 시 삼십 분 피해자 황모씨는 목에 보호대를 감고 출근해 있었다,14,31,0.25754872837418485,mid(15~30%),train,zk_00626
train,10261,177,8.9204375,16000,다만 피고인이 범행 모두를 시인하고 반성하고 있는 점 동종 전과가 없는 점 등을 고려해 형을 정했다고 덧붙였다,17,45,0.1951712914320588,mid(15~30%),train,zk_00627
train,10267,177,5.600875,16000,박 대통령도 담화에서 기업들의 기금 출연을 선의라고 규정했었다,8,27,0.3108466636041629,high(30%~),train,zk_00628
train,10268,177,8.0010625,16000,하지만 전체 매출이 무려 이십 오 퍼센트나 줄면서 기존 천 원이었던 매출이 칠백 오십 원으로 줄어든 것,17,41,0.21759776367375785,mid(15~30%),train,zk_00629
train,21566,178,5.9559375,16000,실제로 이천 육 년부터 이천 십 사 년 사이에 베네수엘라의 민간기업은 이십 퍼센트나 감소했다,14,38,0.29231557702107624,mid(15~30%),train,zk_00630
train,21568,178,8.3315625,16000,손상된 조직을 제거하고 환부를 최소화하려면 숙련된 의료진이 필요했지만 이런 특수외상 수술이 가능한 숙련의는 한 명뿐이었다,15,53,0.20896600211712582,mid(15~30%),train,zk_00631
train,21569,178,6.3283125,16000,앵커 동료 교사들보다 업무량이 많았던 한 초등학교 육 학년 부장교사가 급성심장사로 숨졌습니다,12,40,0.2751149389373496,mid(15~30%),train,zk_00632
train,21575,178,5.12025,16000,반품당한 불량제품을 불우이웃에 기부품으로 내놓기도 했습니다,6,27,0.3400250587400939,high(30%~),train,zk_00633
train,21576,178,5.844625,16000,문제는 이 기 특조위에 선체 조사 권한이 넘어갈지 아니면 선조위에서 만든 보고서만 활용할지다,13,39,0.2978828080525211,mid(15~30%),train,zk_00634
train,21581,178,7.7271875,16000,세 명의 선행팀이 현장에 먼저 가서 상황과 동선을 파악하면 안 후보와 같은 차를 탄 세 명의 수행팀이 뒤이어 현장에 도착하는 식이다,21,53,0.22531008947485306,mid(15~30%),train,zk_00635
train,21584,178,6.4179375,16000,지난달 이십 구 일 민노총 관계자들이 교대할 때 가 섞여 들어간 것이다,12,28,0.2712730229943757,mid(15~30%),train,zk_00636
train,21586,178,5.664,16000,기자 지난해 팔 월 영훈국제중 김하주 이사장은 징역형이 확정됐습니다,9,29,0.3073822929050082,high(30%~),train,zk_00637
train,21587,178,5.5566875,16000,이름만 대도 알 수 있는 연예인들이 인근에서 대형 매장을 오픈했다 실패했다,11,31,0.31331855660660535,high(30%~),train,zk_00638
train,21589,178,5.5711875,16000,때문에 박 대통령의 이날 발언을 두고 박심 을 우회적으로 내비친 것 아니냐는 해석이 나왔다,14,37,0.31250308969388774,high(30%~),train,zk_00639
train,1648,180,6.62125,16000,고속도로 교통정보 표시판 등을 통한 홍보도 강화하겠다,7,23,0.2629432972647108,mid(15~30%),train,zk_00640
train,1652,180,5.0921875,16000,삼십 일 일 강원대 춘천캠퍼스에서 학생들이 대학본부를 지나고 있다,9,28,0.3418989004261855,high(30%~),train,zk_00641
train,1664,180,7.33825,16000,오 발굴팀장은 달리 말하면 이 건축물은 처음부터 무덤을 덮을 목적으로 세워진 것으로 보인다고 말했다,14,42,0.2372518389280777,mid(15~30%),train,zk_00642
train,1669,180,8.502875,16000,그래서 태극기가 만약에 예를 들어서 훼손되거나 아니면 때에 타서 이걸 소각해서 처리한다 이런 경우에 다 처벌받는 건 아니고요,18,52,0.20475583929129457,mid(15~30%),train,zk_00643
train,1672,180,6.0810625,16000,신라시대부터 시작된 이 풍속은 고려시대 쓰인 동도유속집에 그 내용이 자세히 나와있다,11,36,0.2863008408504215,mid(15~30%),train,zk_00644
train,1680,180,4.986,16000,내가 하는 일이 얼마나 중요한지 알았기 때문에 늘 조심스럽게 일했습니다,10,30,0.34918036642879385,high(30%~),train,zk_00645
train,1684,180,7.317875,16000,이번에 논란이 된 가짜 방화복이라는 것도 그 신형 방화복이 보급되는 와중에 이렇게 문제가 된 걸로 알고 있습니다,17,46,0.23791241405653502,mid(15~30%),train,zk_00646
train,1685,180,5.5135625,16000,이천 팔 에서 이천 십 삼 년 노동자의 실질임금은 평균 일 쩜 삼 퍼센트 늘어나는 데 그쳤다,17,35,0.3157692158226131,high(30%~),train,zk_00647
train,1690,180,9.6780625,16000,하지만 그 해에 영국의 저술가이자 예술가이자 해적인 윌리엄 댐피어가 해적선인 시그닛 호를 타고 항해하던 도중에 우연히 이곳 해안에 들르게 되었습니다,20,63,0.17989275301889882,mid(15~30%),train,zk_00648
train,1692,180,6.9456875,16000,일각에서는 급격히 팽창한 신규 시장이 트렌드의 변화로 해당 시장과 관련시장을 위축 시킨다는 염려의 시각도 있다,15,47,0.25066104788244015,mid(15~30%),train,zk_00649
train,10180,181,7.1230625,16000,탈북자 열 세 명이 머무는 북한이탈주민보호센터는 탈북자가 국내에 들어와 처음 가는 곳이다,12,38,0.2444192097168832,mid(15~30%),train,zk_00650
train,10182,181,9.5730625,16000,제주로 오기 전 직업은 사무 관리직이 가장 많고 자영업 판매 서비스직 순이나 이주 후 직업은 자영업 판매 서비스직 일 차 산업 순으로 나타났다,23,57,0.18186586654103282,mid(15~30%),train,zk_00651
train,10193,181,9.6159375,16000,정소민은 영화 아빠는 딸에서 극 중 딸 원도연 역할을 맡아 아빠 원상태 역의 윤제문과 몸이 뒤바뀌는 설정으로 열연을 펼칠 예정이다,20,53,0.18105497326848954,mid(15~30%),train,zk_00652
train,10194,181,8.6125625,16000,배가 기울어지는 상황에서 김초원 선생님께서 나는 기간제니까 아이들을 구할 필요는 없어 이렇게 생각하지는 않았을 것 아니에요,16,53,0.20214811875257407,mid(15~30%),train,zk_00653
train,10196,181,6.4409375,16000,그러나 이번 작전 성공으로 그동안 실추된 명예를 어느 정도나마 회복한 셈이다,11,32,0.27030433178616714,mid(15~30%),train,zk_00654
train,10209,181,10.9913125,16000,이들은 현대차그룹의 옛 한전부지 개발과 관련 시가 이해당사자인 강남구나 구민들과 사전협의없이 지구단위계획구역을 확대 추진하고 있다며 비판했다,16,63,0.1583990362401184,mid(15~30%),train,zk_00655
train,10212,181,8.7223125,16000,박근헤 대통령은 이것이 창조농업이라면서 글루텐이 포함되지 않은 글루텐 프리 빵 케이크 아이스크림 등의 시식을 국무위원들에게 권했다,16,57,0.1996045552155998,mid(15~30%),train,zk_00656
train,10222,181,7.0439375,16000,박재홍 이어서 교복공동구매제의 문제점을 제기하는 시민단체 목소리 들어보겠습니다,8,36,0.24716478631645528,mid(15~30%),train,zk_00657
train,10223,181,7.7143125,16000,방승범 간사는 찾아오는 분들을 보면 한 번 대리기사를 시작하면 쉽게 빠져나가지 못하는 것 같다고 덧붙였다,15,44,0.2256861265360933,mid(15~30%),train,zk_00658
train,10224,181,8.02125,16000,임점덕 할머니도 전세 보증금 이천 팔백 만원의 습하고 곰팡내 나는 지하 단칸방에서 홀로 생활하다 이곳에 입주했다,16,47,0.21705012398491086,mid(15~30%),train,zk_00659
train,21787,183,8.9915,16000,오랫동안 과학자들은 돌고래가 시속 마흔 킬로미터에 가까운 속도로 헤엄치는 것을 보고 놀라움을 감추지 못했습니다,14,48,0.1936287946409349,mid(15~30%),train,zk_00660
train,21789,183,5.7189375,16000,우리는 자녀를 징계하는 데 정해진 방법이 있는 건 아니라는 걸 알게 되었지요,12,31,0.3044295040842755,high(30%~),train,zk_00661
train,21796,183,11.880375,16000,갠 열차는 무역을 촉진하고 세계적으로 유명한 기차 여행을 하게 해 주었을 뿐 아니라 오지 한가운데에서도 현대 세계의 한 단면을 엿볼 수 있게 해 주었습니다,24,63,0.14654531586873024,low(~15%),train,zk_00662
train,21820,183,7.0561875,16000,문재인 대표와 더불어민주당은 김대중 대통령께서 당부했던 단결과 통합의 길을 외면했습니다,10,39,0.24673569218702962,mid(15~30%),train,zk_00663
train,21838,183,7.47375,16000,하지만 이 도마뱀은 어떻게 중력을 거슬러 다리에서부터 몸을 거쳐 입까지 물을 끌어 올릴 수 있습니까,15,41,0.23295043412128666,mid(15~30%),train,zk_00664
train,21887,183,5.958875,16000,학부모들은 평소 어린이집 보육교사들이 원생들을 함부로 다뤘다고 주장하고 있다,9,34,0.29217147649748754,mid(15~30%),train,zk_00665
train,21907,183,7.8988125,16000,한 달에 한 번씩 암컷인 아이바오의 대변에서 호르몬 농도를 조사해 생리를 언제 시작할지 파악한다,14,40,0.22041456320351524,mid(15~30%),train,zk_00666
train,22096,183,8.544375,16000,경찰은 처벌이 가벼운 폭력행위처벌법을 적용해 검찰에 넘겼으나 검찰은 처벌이 더 무거운 죄를 적용한 것이다,14,45,0.20376134088379386,mid(15~30%),train,zk_00667
train,22176,183,6.5000625,16000,이천 십 사 년 입수했지만 공개되지 않았다가 최근 최순실 사태를 계기로 새로 공개했다,13,35,0.2678456256403636,mid(15~30%),train,zk_00668
train,22186,183,5.3138125,16000,한국에서 사재기가 일상적 현상으로 굳어지는 것이 아니냐는 우려가 나오고 있다,10,33,0.3276392057517961,high(30%~),train,zk_00669
train,15615,184,9.684375,16000,세력을 만들어 다같이 해야할 일이다라며 새정치연합이 근본적이 변화를 만들어내지 못할 경우 하반기부터 이같은 움직임은 가시화될 수 있다,17,58,0.17977549475458832,mid(15~30%),train,zk_00670
train,15619,184,9.2775,16000,한 중견법조인은 성추행을 한 대학교수를 구속하면 그게 반 대학정서를 확산시키는 것이냐 고 반문하면서 사안을 있는 그대로 보면 된다,18,55,0.18765974745502195,mid(15~30%),train,zk_00671
train,15642,184,8.98375,16000,양 씨의 한 유족은 졸지에 가장을 잃은 사건으로 가정이 풍비박산 났다며 용서하면 좋겠지만 아직 마음이 허락하지 않는다고 말했다,18,53,0.19379583214292095,mid(15~30%),train,zk_00672
train,15770,184,5.6619375,16000,그런데 현대축구가 포백 위주로 가면서 저도 맞춰야 했고 그럼 제약이 많이 따르죠,12,33,0.307494264465824,high(30%~),train,zk_00673
train,15804,184,6.021375,16000,그는 당시 한겨레 와 한 통화에서 검찰이 지금 그런 말을 흘리는 의도가 뭔가,13,30,0.2891388274296097,mid(15~30%),train,zk_00674
train,15894,184,5.89075,16000,택배 기사 음식점 종업원 등 일자리를 찾아다녔지만 가는 곳마다 거절당했지,10,31,0.2955503640476962,mid(15~30%),train,zk_00675
train,15927,184,9.7293125,16000,지난해 국내 연구개발과 디자인 직군에만 시범 실시했는데 업무 효율성이 높아지고 직원 만족도가 높아 회사 전체로 확대한 겁니다,17,53,0.17894515229251462,mid(15~30%),train,zk_00676
train,15961,184,8.5644375,16000,박 전 원내대표는 김부겸 전 의원과 함께 이날 안 전 대표가 지역민을 대상으로 여는 강연회에 참석해 축사를 할 계획이다,19,48,0.2032840226826299,mid(15~30%),train,zk_00677
train,15992,184,7.68625,16000,급한 마음에 창조경제를 띄우려고 하다 보니 시장도 왜곡되고 정부 의도와 불일치한 결과가 나타났다고 분석했다,14,46,0.22651010662077947,mid(15~30%),train,zk_00678
train,16020,184,8.0528125,16000,이번에도 전국적으로 돌풍 천둥 번개가 동반되겠고 곳에 따라 여든 밀리미터 가량 내려 비의 양도 많겠습니다,15,44,0.21619940946271457,mid(15~30%),train,zk_00679
train,20473,185,6.6153125,16000,먼저 세탁을 마친 셔츠를 세탁기에서 꺼낸 후 찬장처럼 생긴 런드로이드에 넣으면 끝난다,12,36,0.26317929909040066,mid(15~30%),train,zk_00680
train,20530,185,9.4561875,16000,하지만 곧 이 지역에 살고 있는 매우 다양한 동식물이 과학자들의 주의를 끌게 되었는데 오렌지두꺼비가 발견된 뒤로는 특히 그러하였습니다,18,57,0.18411366177055669,mid(15~30%),train,zk_00681
train,20531,185,9.1685625,16000,사회갈등 완화와 국민통합을 위한 해법으로는 육십 일 쩜 팔 퍼센트가 정치인 등 주민대표자의 올바른 선택을 제시했다,16,48,0.18988945181035372,mid(15~30%),train,zk_00682
train,20553,185,8.2904375,16000,이어 군필자 입장에서 양심적 병역거부는 병역비리를 저질러 군대를 가지 않은 사람과 동일하게 보일 뿐이라고 꼬집었다,15,49,0.21000258514872905,mid(15~30%),train,zk_00683
train,20613,185,6.0109375,16000,이런 것들이 저희 역시도 유책주의에서 파탄주의로 넘어가는 과도기에 있는 상황이라고 보여집니다,11,41,0.28964089329060005,mid(15~30%),train,zk_00684
train,20616,185,7.967875,16000,또 생활지도 교사가 이런 처지이다 보니 점차 기피하는 보직이 됐고 어린 연차의 교사들이 맡는 추세라고 귀띔했다,16,46,0.21850409387872752,mid(15~30%),train,zk_00685
train,20679,185,5.184,16000,이노근 아이들이 그렇다는 게 아니라 이건 학부모님들이 신청하는 것이죠,9,30,0.33584361632213855,high(30%~),train,zk_00686
train,20721,185,7.649875,16000,중도금 대출 은행이 정해지지 않았다는 소식에 당첨자들은 계약을 망설이거나 심지어 포기하기도 했다,12,42,0.2275871575697598,mid(15~30%),train,zk_00687
train,20729,185,11.552625,16000,서울중앙지법 형사합의 이십 칠 부는 십 칠 일 공직선거법 위반 혐의로 기소된 양씨 등 일곱 명에 대해 각각 벌금 칠백 만 에서 천 오백 만원을 선고했다,26,59,0.15070283221466688,mid(15~30%),train,zk_00688
train,20892,185,12.0246875,16000,멀리서 본 실루엣은 스포츠카 같지만 지름 한 미터가 넘는 거대한 바퀴가 달렸고 차체도 너비 이백 서른 여섯 센티미터 길이 육백 열 네 센티미터로 웬만한 일 톤 트럭보다 크다,28,69,0.1447865740389483,low(~15%),train,zk_00689
train,21149,186,6.9138125,16000,삼 분기에만 매출 일 조 이천 구백 십 구 억원 영업이익 육백 십 팔 억원을 올렸다,16,31,0.25181667958365467,mid(15~30%),train,zk_00690
train,21157,186,10.9396875,16000,지난달 옥시레킷벤키저가 피해자들에 대한 보상안을 발표한 것과는 달리 여전히 잘못을 인정하지 않는 태도를 보인 것이다,15,50,0.15914653019238129,mid(15~30%),train,zk_00691
train,21163,186,12.1836875,16000,주거 도시계획 전문가인 김 의원은 한국건설산업연구원 연구위원으로 이십 일 년간 재직하고 이십 대 총선에서 부동산 정책 관련 전문성을 인정받아 새누리당 비례대표로 국회에 입성했다,23,76,0.14289707504513444,low(~15%),train,zk_00692
train,21190,186,7.4999375,16000,한 달에 한 번씩 암컷인 아이바오의 대변에서 호르몬 농도를 조사해 생리를 언제 시작할지 파악한다,14,40,0.2321370420772128,mid(15~30%),train,zk_00693
train,21197,186,5.6751875,16000,문제가 있어도 드러내놓고 얘기할 용기가 안 나는 거예요 소녀들이,9,27,0.30677635003494885,high(30%~),train,zk_00694
train,21259,186,9.1736875,16000,일본 총무상을 지낸 저자는 일본 저출산 문제의 원인과 해법을 풍부한 자료를 통해 제시한다,13,37,0.18978336759497924,mid(15~30%),train,zk_00695
train,21312,186,9.718,16000,다만 피고인이 범행 모두를 시인하고 반성하고 있는 점 동종 전과가 없는 점 등을 고려해 형을 정했다고 덧붙였다,17,45,0.17915345822329348,mid(15~30%),train,zk_00696
train,21354,186,5.780875,16000,이들을 익사시킬지도 모르는 조그마한 물결은 과연 무엇일까,7,25,0.301167782907253,high(30%~),train,zk_00697
train,21435,186,8.2336875,16000,이데일리 노르웨이 국영석유회사 스타토일이 미국 알래스카 유전개발 사업을 포기했다,9,36,0.21145001034032032,mid(15~30%),train,zk_00698
train,21455,186,5.8035,16000,한국 무속의 경우에도 남쪽 지방과 북쪽 지방이 상당히 다르다,9,25,0.2999936774384365,mid(15~30%),train,zk_00699
train,9,187,6.6331875,16000,여기를 누르시면 크게 보실 수 있습니다 류 장관 제가 평양에 특사로 가겠습니다,12,32,0.26247008802539745,mid(15~30%),train,zk_00700
train,21,187,8.919125,16000,그러한 광경을 본 적이 있다면 아마 우리 역시 가슴이 벅차오르면서 가만히 서서 하느님의 놀라운 일들에 주의를 기울였을 것입니다,18,53,0.19520001199825837,mid(15~30%),train,zk_00701
train,60,187,12.101875,16000,당시 북한은 두 발의 미사일을 발사했는데 고각으로 발사된 한 발이 최대 높이 일 천 사백 십 삼 쩜 육 키로미터를 솟구쳐 사거리 사백 키로미터를 기록 성공한 것으로 평가됐다,28,69,0.1438631044374501,low(~15%),train,zk_00702
train,65,187,10.1606875,16000,무상급식 갈등이 일 년 넘게 이어져 오다 홍준표 지사와 박종훈 교육감은 지난 십 팔 일 회동을 통해 급식예산 협상 재개에 합의했다,21,52,0.17134798280273517,mid(15~30%),train,zk_00703
train,84,187,7.53575,16000,하지만 만성적인 운전자 부족에 시달리는 업계의 현실에서 이 같은 대책이 실효성이 없다는 지적이다,13,41,0.23103384626798476,mid(15~30%),train,zk_00704
train,143,187,9.2364375,16000,올보르 구치소 관계자는 정 씨의 아기가 정 씨를 보러 면회를 올 수는 있어도 정 씨가 아기를 보러 나갈 수는 없다고 부인했다,21,49,0.18849402781255936,mid(15~30%),train,zk_00705
train,276,187,7.4875,16000,그마저 대부분 경리직원 등 제품 생산과는 무관한 일을 했고 사실상 오 씨의 일 인 기업이었습니다,15,39,0.23252264534410233,mid(15~30%),train,zk_00706
train,323,187,7.7645625,16000,높을수록 습도유지 성능이 우수한 채소실의 보습률은 팔십 팔 퍼센트 구십 사 퍼센트 수준이었다,13,39,0.22422555128044447,mid(15~30%),train,zk_00707
train,391,187,6.6765625,16000,이데일리 노르웨이 국영석유회사 스타토일이 미국 알래스카 유전개발 사업을 포기했다,9,36,0.26076492311933963,mid(15~30%),train,zk_00708
train,422,187,7.5594375,16000,그런데 우리가 현실에서 겪는 민주주의 후퇴나 경찰 인권침해 노동현장의 권리침해가 타인의 문제일까요,12,43,0.23030990163143306,mid(15~30%),train,zk_00709
train,17627,189,5.372125,16000,김 전 대표의 탈당은 곧바로 문재인 전 대표의 비난으로 쏟아졌다,10,26,0.3240827990811767,high(30%~),train,zk_00710
train,17629,189,5.672125,16000,바이러스는 숙주 안에서만 서식하기에 숙주가 죽으면 바이러스도 생존할 수 없다,10,33,0.30694198506097203,high(30%~),train,zk_00711
train,17644,189,10.5484375,16000,그런데 그 여인과 불과 채 두 미터도 안 되는 거리에 제복을 입은 젊은 보안 요원이 작은 표지판을 들고 쪼그려 앉아 있다,21,47,0.16504940253131956,mid(15~30%),train,zk_00712
train,17717,189,7.5133125,16000,민간인 사찰의 최고 윗선이 이명박 대통령임을 입증하는 결정적인 증거를 확보한 것이다,11,36,0.2317237978606595,mid(15~30%),train,zk_00713
train,17759,189,7.8883125,16000,그 여파로 이천 팔 년에 삼십 이 만가구 이천 구 년에는 이십 팔 만가구의 입주물량이 쏟아졌다,16,37,0.2207079533187822,mid(15~30%),train,zk_00714
train,17779,189,12.7820625,16000,삼십 일 새누리당 등에 따르면 청와대와 새누리당 정부는 삼십 일 일 당정청 정책조정협의회를 열기로 했으나 청와대 측 뜻에 의해 이를 무기한 연기했다,22,61,0.13620754138965963,low(~15%),train,zk_00715
train,17883,189,12.2338125,16000,김문수 전 경기지사는 십 삼 일 대구를 떠나 수도권 험지에 출마하라는 일각의 요구에 대해 저는 수성갑에 뼈를 묻어야 되겠다고 일축했다,20,55,0.14231158986734233,low(~15%),train,zk_00716
train,17914,189,6.5041875,16000,이천 십 사 년 입수했지만 공개되지 않았다가 최근 최순실 사태를 계기로 새로 공개했다,13,35,0.2676757561208016,mid(15~30%),train,zk_00717
train,17937,189,12.4218125,16000,앞으로 오 년밖에 남지 않은 전면적 샤오캉 사회가 가장 소외받고 의료혜택을 전혀 보지 못하는 정신질환자들을 외면한다면 과연 진정한 샤오캉 사회라 할 수 있을까,23,66,0.14015775129547048,low(~15%),train,zk_00718
train,17939,189,10.0466875,16000,당초 협의이혼 당시 아파트 소유권과 친권 양육권을 주기로 했던 박씨가 정식 이혼 소송을 내면서 아파트를 줄 수 없다고 버텼기 때문,20,53,0.1732922724046076,mid(15~30%),train,zk_00719
train,4501,190,8.5208125,16000,아니 그런데 사실 이 절차상으로 따지면 교육부 장관이 이미 일 이 순위 중에 한 명을 정해야 돼요,17,38,0.20432479966129594,mid(15~30%),train,zk_00720
train,4545,190,9.0906875,16000,이어 이 전 대통령이 삼 선 개헌을 안했다면 국부임에 틀림없다며 그런데 삼 선 개헌으로 민주주의 원칙을 파괴한 사람 아닌가,19,50,0.19151613197725323,mid(15~30%),train,zk_00721
train,4580,190,5.32225,16000,그를 얼마나 사랑했든 때와 예기치 못한 일을 막을 수는 없다,10,24,0.32711979088054227,high(30%~),train,zk_00722
train,4593,190,5.187375,16000,하지만 소를 잡게 되면 잡은 소의 모든 부위를 다 사용합니다,10,24,0.33562511039089443,high(30%~),train,zk_00723
train,4638,190,6.6489375,16000,사무실에서 직원에게 에이사 좀 가져와라고 그랬더니 못 알아듣더라는 거예요,9,32,0.26184834900523074,mid(15~30%),train,zk_00724
train,4683,190,7.6175,16000,특히 최 씨가 학교 관계자와 면담한 이후 딸 정유라 씨의 성적이 가파르게 향상된 것으로 확인됐는데요,15,41,0.22855442166248327,mid(15~30%),train,zk_00725
train,4719,190,8.5195625,16000,경찰에 따르면 이들 일당은 최근 당국의 감시로 피해금 인출이 어려워지자 통장명의자를 포섭해 인출책으로 활용했다,14,48,0.204354778430696,mid(15~30%),train,zk_00726
train,4737,190,6.2743125,16000,치솟은 집값에 집사기를 포기한 사람들이 대거 늘면서 월세 가구가 급증했다,10,31,0.27748272133623664,mid(15~30%),train,zk_00727
train,4803,190,7.6499375,16000,서울지검을 시작으로 법무부와 중앙지검 대검찰청 등에서 요직을 두루 걸쳤습니다,9,34,0.22758529818236634,mid(15~30%),train,zk_00728
train,4822,190,8.900625,16000,임점덕 할머니도 전세 보증금 이천 팔백 만원의 습하고 곰팡내 나는 지하 단칸방에서 홀로 생활하다 이곳에 입주했다,16,47,0.1956057363403094,mid(15~30%),train,zk_00729
train,506,191,9.737125,16000,이것은 제 이 형 당뇨병의 전조가 될 뿐 아니라 최근에 알려진 바에 따르면 치매의 위험을 상승시킬 수도 있다고 합니다,19,47,0.17880157716101683,mid(15~30%),train,zk_00730
train,580,191,9.8143125,16000,그런데 그 여인과 불과 채 두 미터도 안 되는 거리에 제복을 입은 젊은 보안 요원이 작은 표지판을 들고 쪼그려 앉아 있다,21,47,0.17739534042898739,mid(15~30%),train,zk_00731
train,590,191,7.0176875,16000,천 구백 구십 칠 년 일 월 한보 철강으로 시작된 도미노식 부도 사태가 발생했다,14,31,0.24808931817125887,mid(15~30%),train,zk_00732
train,724,191,12.276375,16000,은행 예금을 인출해 도피자금을 마련한 두 사람은 이전까지 쓰던 휴대전화를 비롯해 의료보험 신용카드 교통카드 등 자신들의 행적을 노출할 수 있는 어떤 수단도 쓰지 않았다,24,70,0.1418181920162887,low(~15%),train,zk_00733
train,745,191,8.564875,16000,국회에서 청문보고서가 채택되지 않아도 대통령이 임명 권한을 갖고 경찰청장 임명을 강행할 수 있다,13,41,0.20327363878795265,mid(15~30%),train,zk_00734
train,750,191,5.5500625,16000,카카오 관계자는 장애의 범위와 원인을 확인하고 있다 고 말했다,9,26,0.3136925587800076,high(30%~),train,zk_00735
train,757,191,8.553125,16000,오히려 그분은 복잡한 형태를 갖춘 동식물을 기본적인 종류별로 창조하셨고 동식물들은 그 종류대로 번식했습니다,13,47,0.20355288938416852,mid(15~30%),train,zk_00736
train,794,191,7.5981875,16000,일본 중학교 역사교과서 총 팔 종 중 사 종에서 한반도 가야지역을 임나 표기함,13,31,0.22913534405592995,mid(15~30%),train,zk_00737
train,797,191,5.84675,16000,고소비가구계층 중 자녀가 없는 부부가구의 구성원보다 많이 쓴다,8,27,0.2977745426115305,mid(15~30%),train,zk_00738
train,828,191,9.4786875,16000,스페인 북부의 비토리아 시에서 왕국회관이 두 개 있는 한 건물을 건축하는 동안 인근에 사는 마리안은 이렇게 말했습니다,17,49,0.18367662263514503,mid(15~30%),train,zk_00739
train,2895,192,10.3439375,16000,검찰은 여기서 그치지 않고 이 콘서트를 주최한 황선 씨 등 검찰의 표현에 따르면 이른바 종북 색채가 있는 사람들에 대해서도 수사를 확대하겠다고 밝혔습니다,22,64,0.16831243489376907,mid(15~30%),train,zk_00740
train,2902,192,7.308375,16000,나포된 중국어선 최근 중국 어선이 우리나라 해경의 고속함정을 들이받아 침몰시키는 사건이 발생했다,12,42,0.23822167130367095,mid(15~30%),train,zk_00741
train,2952,192,5.1668125,16000,국내 조선업계가 지난달 수주 실적에서 중국과 일본을 앞섰다,8,25,0.3369608064960682,high(30%~),train,zk_00742
train,2974,192,8.0438125,16000,더 선은 이름이 밝혀지지 않은 이 노인이 이 년 전 피부암을 진단받은 뒤 자신의 양심과 씨름해왔다고 전했다,17,43,0.21644130902031422,mid(15~30%),train,zk_00743
train,3018,192,8.995375,16000,박준영 돈 안 되는 공익사건 남들 다 박수쳐주는 사건은 제가 하고 당신네들은 사무실 운영해야 되니까 돈 버는 사건 당신네들이 해라,20,53,0.1935453838237946,mid(15~30%),train,zk_00744
train,3140,192,6.3224375,16000,또 대통령이 여성이라는 이유만으로 자꾸 이렇게 비하하는 표현이 일부 나왔거든요 집회 초기에,12,39,0.2753705840530596,mid(15~30%),train,zk_00745
train,3171,192,4.995625,16000,이후 감정이 격해진 박 위원장은 결국 황 의원에게 너 임마,10,23,0.34850760555765614,high(30%~),train,zk_00746
train,3282,192,7.5939375,16000,심지어 범행 뒤 무서워서 눈을 감고 있는 여성을 앞에 두고 지인과 느긋하게 통화까지 한 것으로 알려졌습니다,16,44,0.22926358124674664,mid(15~30%),train,zk_00747
train,3351,192,7.077125,16000,최소한 집은 자녀에게 물려줘야 한다는 생각도 생활고를 겪는 노인들이 주택 자산을 팔지 못하는 이유다,14,42,0.24600573071889592,mid(15~30%),train,zk_00748
train,3379,192,5.62,16000,집에서 인정받은 최 씨는 이제 나가서도 당당히 자신이 미혼모임을 밝힌다,10,30,0.30978884466440676,high(30%~),train,zk_00749
train,12383,194,5.9430625,16000,인류 역사 시초에 한 영적 피조물이 전능하신 하느님을 반역했습니다,9,28,0.2929488469983222,mid(15~30%),train,zk_00750
train,12395,194,9.808875,16000,급기야 재단 측은 당초 하루 삼백 명으로 제한한 사전 접수 인원을 지난 칠 일부터 천 삼백 명으로 천 명 더 늘렸다,21,44,0.17749367863429458,mid(15~30%),train,zk_00751
train,12414,194,8.63325,16000,지금 어딘가에서 냉정하게 열심히 쓰고 있다는 한강 작가의 그 다음 작품 그 작품도 기대하고 있겠습니다,15,42,0.20166371957420046,mid(15~30%),train,zk_00752
train,12427,194,6.47225,16000,미리 준비한 거 자체가 문제는 아니잖아요 그렇죠 라고 동의를 구하듯 질문했습니다,11,34,0.26899660968194467,mid(15~30%),train,zk_00753
train,12576,194,9.94125,16000,그러니까 노무현 정부 이후에 이명박 정부 박근혜 정부 들어오면서 완전히 수시 위주로 대입제도가 바뀌었다 이렇게 말씀드리는 거고요,17,55,0.17513022074829285,mid(15~30%),train,zk_00754
train,12586,194,12.95175,16000,은행 예금을 인출해 도피자금을 마련한 두 사람은 이전까지 쓰던 휴대전화를 비롯해 의료보험 신용카드 교통카드 등 자신들의 행적을 노출할 수 있는 어떤 수단도 쓰지 않았다,24,70,0.13442301673626855,low(~15%),train,zk_00755
train,12589,194,6.8364375,16000,미라 가운데 뛰어나게 훌륭한 것들 몇 개는 전시될 것이지만 나머지는 다시 묻히게 될 것이다,14,37,0.2546667481438931,mid(15~30%),train,zk_00756
train,12681,194,9.5543125,16000,지시한 적도 없고 요구한 적도 없다며 선관위에서 낸 보도자료만 봤는데 거기엔 특정하게 이름이 명기돼 있지 않다,16,46,0.18222277186495273,mid(15~30%),train,zk_00757
train,12682,194,8.957375,16000,엘리자베스는 그보다 한술 더 떠서 스페인의 지배에서 벗어나려고 독립 투쟁을 하는 네덜란드인들을 지원해 주었습니다,14,49,0.19436646417214484,mid(15~30%),train,zk_00758
train,12695,194,7.0703125,16000,세월호가 완전히 뒤집혀져 뱃머리만 남긴 채 물속으로 가라앉은 지 두 시간 삼십 분 만이었다,14,37,0.2462427660749035,mid(15~30%),train,zk_00759
train,19545,198,10.921,16000,앞으로 계속 북진하면서 정오 무렵엔 동해상으로 올라와 오후 두 시를 전후해선 부산 남동쪽 백 쉰 킬로미터 부근 해상까지 북상하겠습니다,19,56,0.15941885422708235,mid(15~30%),train,zk_00760
train,19587,198,8.7778125,16000,김관진 국가안보실장은 이날 접촉을 마친 뒤 청와대에서 양측간 협의 결과를 설명할 예정으로 전해졌다,13,42,0.19834250355814348,mid(15~30%),train,zk_00761
train,19588,198,6.597,16000,가족생활 가치관에서 중심축이 자녀에서 개인 부부로 옮겨가고 있는 것으로 풀이된다,10,35,0.26390985402667366,mid(15~30%),train,zk_00762
train,19769,198,7.6925625,16000,그러나 총리실측은 대통령 부재 상황을 감안해 안 가는 것으로 결론을 내린 것이라고 해명했다,13,38,0.22632423292160006,mid(15~30%),train,zk_00763
train,19851,198,12.623125,16000,메르스 대책본부 브리핑에 참석한 대한감염학회 김우주 이사장도 메르스는 전염률이 낮고 학교와 메르스가 무관하다며 휴교 조치에 반대한다는 의견을 밝혔다,18,65,0.13792252766363053,low(~15%),train,zk_00764
train,19883,198,9.5200625,16000,이십 대 국회에서 야당이 다수를 차지한 만큼 야당과의 협력관계를 구축하지 않으면 사실상 국정 운영이 불가능하기 때문이다,16,51,0.1828783484366795,mid(15~30%),train,zk_00765
train,19896,198,8.5039375,16000,일단 아침에 출근을 하려고 보니까 바퀴 네 개랑 차 앞에 라이트 뒤에 후미등 그리고 내부까지 다 도난을 해 갔더라고요,19,47,0.20473025666215988,mid(15~30%),train,zk_00766
train,19921,198,11.83925,16000,이천 십 사 년 십 이 월에 분양된 시흥목감호반베르디움 팔십 사 쩜 육 칠 제곱미터는 이천 만 에서 사천 만원의 웃돈이 붙은 삼 억 사천 만원대에 거래됐다,27,60,0.1470543579208114,low(~15%),train,zk_00767
train,19922,198,10.81075,16000,지난해 벌금 몰수금 과태료 부과가 가장 많은 기관은 법무부로 전체 징수액의 절반가량인 일 조 오천 사백 칠십 이 억원을 차지했다,20,52,0.1610446367748737,mid(15~30%),train,zk_00768
train,19937,198,10.0354375,16000,노효동 특파원 미국 최대의 방산업체인 록히드마틴이 지난 이십 구 일 한 미 양국이 사드 문제를 논의 중이라고 했던 주장을 하루 만에 뒤집었다,22,57,0.17348653778312764,mid(15~30%),train,zk_00769
train,15111,199,5.95275,16000,이들 작품은 그의 인생을 바꿨고 오늘의 그를 있게 했다,9,22,0.29247210230800325,mid(15~30%),train,zk_00770
train,15124,199,8.09525,16000,사람들이 정신과 마음을 짓누르고 경제적 부담이 되는 그러한 속박에서 벗어나는 것이 가능합니까,12,40,0.21506603341638197,mid(15~30%),train,zk_00771
train,15140,199,7.6799375,16000,고대로부터 일본 사람들은 사쿠라 일본의 꽃피는 벚나무 의 아름다움을 찬미해 왔습니다,11,36,0.2266962858765408,mid(15~30%),train,zk_00772
train,15227,199,6.9144375,16000,청년의 젊음을 연료 삼아 불야성 서울의 밤은 하얗게 빛나고 있다,10,26,0.25179391772851606,mid(15~30%),train,zk_00773
train,15232,199,9.0286875,16000,언론은 이십 오 일쯤 도발 가능성중국 해군의 최신형 이지스 구축함 시닝호의 실전훈련 모습,13,37,0.19283127331785113,mid(15~30%),train,zk_00774
train,15266,199,6.3110625,16000,이 성서 기록은 사람에게 유익한 꿀의 특성 한 가지를 예시합니다,10,26,0.27586690941722825,mid(15~30%),train,zk_00775
train,15298,199,8.3255625,16000,그런데 십 팔 세기에 형성된 철학이 이백 여 년이 지난 후에야 인기를 얻게 된 이유는 무엇입니까,16,38,0.20911659806937563,mid(15~30%),train,zk_00776
train,15332,199,6.9068125,16000,분명히 여호와께서는 언어 학대나 신체적 학대를 좋게 보지 않으십니다,9,29,0.25207189380252704,mid(15~30%),train,zk_00777
train,15351,199,11.4665,16000,결혼 생활이 악화되기 시작하더니 그가 마침내 사이버섹스 상대 중 한 사람을 현실 세계에서 만날 계획을 하면서 그의 아내가 눈치를 채게 되었습니다,21,60,0.15183476274486252,mid(15~30%),train,zk_00778
train,15381,199,11.383875,16000,특히 가장 만만하게 뛰어드는 식당 치킨집 편의점 숙박업 등 생계형 자영업종은 시장상황에 민감해 폐업에 가장 취약하다,16,49,0.15293679059318258,mid(15~30%),train,zk_00779
train,8839,200,7.6100625,16000,사진과 실제 급식이 일치하는지를 학교운영위원회가 일일이 확인해야 하는데 현실적으로 불가능하기 때문입니다,11,47,0.22877779348250638,mid(15~30%),train,zk_00780
train,8870,200,5.531,16000,이로써 그는 살아생전 전 재산을 기부하겠다는 약속을 지켰다,8,25,0.3147736949943891,high(30%~),train,zk_00781
train,8898,200,10.5374375,16000,화가 임옥상씨가 십 팔 일 서울 광화문광장에서 열린 문화예술계 블랙리스트 진상규명 및 책임자 처벌과 예술검열을 반대하는 문화예술인들의 예술행동에 참여하고 있다,20,69,0.16522169711696666,mid(15~30%),train,zk_00782
train,8975,200,6.7256875,16000,특히 독자적인 잠수함 설계 및 건조 능력 확보가 필요하다는 판단아래 장보고 사업이 시작됐다,13,38,0.2588602736915692,mid(15~30%),train,zk_00783
train,8976,200,8.40775,16000,비교적 짧은 생애 동안 아그리콜라가 핀란드어로 남긴 출판물은 열 권 정도에 지나지 않는데 대략 총 이천 사백 쪽에 달합니다,19,50,0.20707243995289656,mid(15~30%),train,zk_00784
train,8989,200,6.014,16000,그런데 현대축구가 포백 위주로 가면서 저도 맞춰야 했고 그럼 제약이 많이 따르죠,12,33,0.28949339990255507,mid(15~30%),train,zk_00785
train,8995,200,5.0113125,16000,최선을 다해서 열심히 해보는 경험은 인생의 기본 자세이자 자산이다,9,28,0.3474166312745346,high(30%~),train,zk_00786
train,9003,200,10.0295,16000,하지만 여전히 많은 사람은 이십 일 세기의 복잡한 생활에서 벗어나 편안한 기차를 타고 토론토에서 밴쿠버까지 펼쳐진 아름다운 경치를 감상하는 것을 좋아합니다,21,66,0.1735892424362098,mid(15~30%),train,zk_00787
train,9038,200,6.809625,16000,개발사 벌키트리와 퍼블리셔 네시삼십삼분은 지난 육 일 공식 사과문을 공지했다,10,33,0.2556694835639211,mid(15~30%),train,zk_00788
train,9190,200,7.80925,16000,이십 대 국회에서 야당이 다수를 차지한 만큼 야당과의 협력관계를 구축하지 않으면 사실상 국정 운영이 불가능하기 때문이다,16,51,0.22294244735588772,mid(15~30%),train,zk_00789
train,952,201,7.254875,16000,그래서 이제 남은 과제 선체 수습 과정에서 미수습자 수습 사고원인 확인,11,29,0.23997840169733678,mid(15~30%),train,zk_00790
train,1031,201,10.3260625,16000,특히 선거를 앞둔 정치인들의 경우 자녀가 특혜시비에 휘말리면 사실여부를 떠나 정치적 논란으로 확대되기 때문이다,14,48,0.16860379326717867,mid(15~30%),train,zk_00791
train,1035,201,8.34925,16000,그래서 추가로 부모 욕을 견딜 수 없어서 최 씨가 잠들 때를 기다렸다 살해했다고 진술을 했습니다,15,39,0.2085233173056222,mid(15~30%),train,zk_00792
train,1092,201,13.320875,16000,시간이 흐를수록 피고인 박씨에게 불리한 재판부의 판결이 이어지자 법정 안에 방청객으로 앉아 있던 피고인 박씨의 가족들 사이에서 불만의 소리가 터져 나왔다,21,65,0.13069811908106385,low(~15%),train,zk_00793
train,1143,201,6.474,16000,기자 계곡에 쌓인 눈이 얼어붙으면서 만들어진 거대한 얼음 동굴입니다,9,29,0.26892389666573463,mid(15~30%),train,zk_00794
train,1242,201,10.1988125,16000,멋진 동물들 중 하나 어쩌면 위풍당당한 사자나 거대한 시베리아호랑이를 안거나 쓰다듬어 보기를 바란 적이 있습니까,15,48,0.17070745314848823,mid(15~30%),train,zk_00795
train,1248,201,7.6421875,16000,설사 자기가 돈을 줬더라도 뇌물공여죄로 처벌받을 수 있는데 그것을 진술하겠나,10,33,0.2278160941502634,mid(15~30%),train,zk_00796
train,1325,201,5.2524375,16000,꽃이 다양한 방법으로 곤충들에게 그 점을 알려 줍니다,8,22,0.3314676865767496,high(30%~),train,zk_00797
train,1443,201,8.8195625,16000,박 대통령의 입장 표명과 사과를 요구하는 정치권의 요구에 곧장 맞서서 대응하기도 힘든 상황이었다,13,41,0.19740359082595835,mid(15~30%),train,zk_00798
train,1540,201,8.7478125,16000,세월호가 완전히 뒤집혀져 뱃머리만 남긴 채 물속으로 가라앉은 지 두 시간 삼십 분 만이었다,14,37,0.199022705049287,mid(15~30%),train,zk_00799
train,10064,202,10.26875,16000,전용 공항 시설로 자가용 비행기 업계 비상할까현재 국내 자가용 비행기 업계는 아직 날개를 펴지 못하고 있다,16,44,0.1695448138297228,mid(15~30%),train,zk_00800
train,10068,202,8.620375,16000,김현정 아니 형사재판은 형사재판이고 탄핵심판은 탄핵심판인데 두 개를 헷갈리게 만드는 작전이라는 게 무슨 말씀이세요,14,50,0.20196491533302974,mid(15~30%),train,zk_00801
train,10074,202,7.5484375,16000,그러면 동네 아주머니가 창문 밖으로 고개를 내밀어 안드레아를 부르고는 날이 무뎌진 칼 몇 개를 들고 옵니다,16,44,0.23064552193933727,mid(15~30%),train,zk_00802
train,10091,202,11.4119375,16000,그는 창원시에서 국회의원을 하면서 당이 다르다고 일부러 창원시와의 관계를 악화시키지는 않겠다고 다짐했다며 안 시장도 저와 같은 입장인 듯 하다고 덧붙였다,20,66,0.15256071171209676,mid(15~30%),train,zk_00803
train,10115,202,11.8750625,16000,정훈석 한국투자증권 연구원은 라이징 스타 기업들이 속해 있는 업종지수 자체가 침체돼 있기 때문에 시장 평균 대비 주가 흐름이 약할 수밖에 없다고 말했다,22,63,0.14661087527025363,low(~15%),train,zk_00804
train,10120,202,5.062625,16000,리포트 아파트 사이의 농지 곳곳 노란색 깃발이 꽂혀 있습니다,9,25,0.34389537187012,high(30%~),train,zk_00805
train,10140,202,7.07275,16000,서울신문 나우뉴스 지금까지 인류는우주는 끝이 있는가 라는 질문의 답을 찾기 위해 노력해왔다,12,39,0.24615790279791683,mid(15~30%),train,zk_00806
train,10144,202,5.495,16000,그러다 보니까 발표는 없었지만 뭔가 내밀한 합의가 있었을 것 아니냐,10,28,0.31683590664494377,high(30%~),train,zk_00807
train,10165,202,6.2464375,16000,우 전 수석은 특검 출범 이후 줄곧 사법처리 대상에 포함될지 관심을 받아왔다,12,31,0.2787210000922872,mid(15~30%),train,zk_00808
train,10168,202,12.8201875,16000,하지만 낯선 환경 때문인지 아니면 죽음을 예감한 건지 역주행하는 놈에 높게 쌓아진 두둑을 뛰어 오르는 놈에 꼼짝도 하지 않고 서서 꽥꽥 소리 지르는 놈에 야단법석이다,25,68,0.13580248393511923,low(~15%),train,zk_00809
train,7340,203,6.922875,16000,최근 세 개월간 월 평균 매출이 오 천 칠 백만 원이 넘습니다,12,23,0.2514870349405364,mid(15~30%),train,zk_00810
train,7351,203,12.68275,16000,양 씨의 한 유족은 졸지에 가장을 잃은 사건으로 가정이 풍비박산 났다며 용서하면 좋겠지만 아직 마음이 허락하지 않는다고 말했다,18,53,0.13727411697100125,low(~15%),train,zk_00811
train,7450,203,8.063375,16000,특히 독자적인 잠수함 설계 및 건조 능력 확보가 필요하다는 판단아래 장보고 사업이 시작됐다,13,38,0.21591620221234484,mid(15~30%),train,zk_00812
train,7541,203,10.378875,16000,대신 준거집단 성향 고관여가전제품 여부가 향후수입 가전제품 구입 의향에 영향을 미쳤다,11,37,0.16774585945143053,mid(15~30%),train,zk_00813
train,7549,203,12.087625,16000,이를 두고 일각에서는 국회법 개정안을 둘러싼 당청 갈등이 여권 내부의 계파 분열로 옮아가는 단계라는 해석도 내놓고 있다,17,50,0.1440327034478623,low(~15%),train,zk_00814
train,7607,203,11.4315,16000,사고 당시 청와대는 진도에서 여객선 조난신고가 왔냐며 배의 이름 도착 예정지 몇 톤 급인지에 정보를 요구했다,16,45,0.15229963758159176,mid(15~30%),train,zk_00815
train,7657,203,11.8474375,16000,반면 노관규 후보는 더민주 기호 두 번을 크게 표시하고 또다시 우리 순천이 박근혜 정권과 새누리당에 속을 수는 없습니다라는 구호를 내세웠다,20,58,0.14695273193160682,low(~15%),train,zk_00816
train,7682,203,9.088875,16000,페이지에 표출한 뒤에 오타를 발견한다거나 독자에게 피드백이 온다면 반나절 이내로 수정을 하는 일이 종종 있기 때문이다,16,50,0.19155432405154282,mid(15~30%),train,zk_00817
train,7690,203,10.5585,16000,정부는 비슷한 생활권인 인접 광역자치단체를 묶어 일곱 개의 광역권으로 나눠 주택수요를 산정했다,12,41,0.16489210655054848,mid(15~30%),train,zk_00818
train,7691,203,8.572125,16000,새누리당 핵심 관계자는 구 일 현행 교과서에 문제가 많다는 것에 대해선 이견이 없다고 말했다,14,38,0.203101717137112,mid(15~30%),train,zk_00819
train,2248,204,5.647375,16000,적은 농도로도 인체에 치명적인 영향을 주는 일산화탄소는 어떨까요,8,28,0.3082871789130288,high(30%~),train,zk_00820
train,2285,204,7.96375,16000,국민이 판단할 일을 왜 정부가 판단해서 대통령 생각대로 국민들이 다 가져가야 됩니까,12,35,0.21861727289454919,mid(15~30%),train,zk_00821
train,2320,204,6.2671875,16000,여덟 시간이나 집을 비웠는데도 재우기만하면 별문제 없을 것이라고 착각했습니다,9,34,0.2777981841159158,mid(15~30%),train,zk_00822
train,2382,204,6.497375,16000,김현정 그게 마지막 투어였으니까 그 길로 호텔로 가셨을 거고,9,25,0.2679564142463635,mid(15~30%),train,zk_00823
train,2407,204,9.01375,16000,민간인 사찰의 최고 윗선이 이명박 대통령임을 입증하는 결정적인 증거를 확보한 것이다,11,36,0.19315083145349785,mid(15~30%),train,zk_00824
train,2433,204,6.774,16000,원래는 정유라 그러니까 승마 선수로 알고 있는 정유라를 성악가로 키우려고 했어요,11,34,0.25701406953261974,mid(15~30%),train,zk_00825
train,2440,204,7.602625,16000,정씨는 금메달을 보여드려도 될까요라며 면접위원들에게 이 메달을 꺼내보였다고 한다,9,36,0.22900160234313363,mid(15~30%),train,zk_00826
train,2470,204,7.8804375,16000,많은 전문가는 슈거 크래시를 유발하는 당분 함유 음료 대신 물을 많이 섭취할 것을 권한다,14,36,0.2209285089836657,mid(15~30%),train,zk_00827
train,2514,204,8.30725,16000,실제로 민 전 사장이 사표를 내자 후임 사장으로 청와대 등은 백 사장이 아니라 다른 후보를 원했다고 한다,17,42,0.20957757465033147,mid(15~30%),train,zk_00828
train,2551,204,12.9344375,16000,그러자 주심인 강일원 재판관은 황 회장은 증인으로 나오면 대통령에게 불리한 진술을 할 것 같다고 했는데 입증 취지를 생각하면서 하라고 말했다,20,59,0.13460293940219403,low(~15%),train,zk_00829
train,10754,205,6.4191875,16000,계속해서 여러분의 적들을 사랑하고 여러분을 박해하는 사람들을 위하여 기도하십시오,9,36,0.2712201983528237,mid(15~30%),train,zk_00830
train,10759,205,5.5005,16000,우리는 위기의 진앙이 아닌 안전지대가 됐다는 말까지 나올 정도였다,9,28,0.31651909953894486,high(30%~),train,zk_00831
train,10783,205,13.163375,16000,평택 비전동에 사는 직장인 서범석씨는 지난 월요일 학교가 휴업하자마자 초등학교 사 학년 아들과 일곱 살 딸을 처가가 있는 충북 괴산에 데려다주고 왔다,22,62,0.1322619242416148,low(~15%),train,zk_00832
train,10819,205,10.7134375,16000,노예로 끌려 온 많은 사람들은 쇠사슬에 묶여 구타를 당하고 낙인이 찍혔으며 그 후 네 킬로미터에 달하는 노예의 길을 걸어가야 했습니다,20,55,0.16250744049367594,mid(15~30%),train,zk_00833
train,10883,205,10.6375,16000,그러나 한 가지 제가 가져갈 수 없는 짐이 있다며 저에게 덧씌워진 호남홀대 호남차별이라는 오해는 부디 거두어 달라,17,47,0.1636675259237571,mid(15~30%),train,zk_00834
train,10896,205,10.5304375,16000,그렇기 때문에 영장실질심사가 사실상 구십 칠 년 일 월부터 시행이 되고 있는데 전국적으로 죄송한 말씀인 것 같지만요,17,48,0.1653315265404658,mid(15~30%),train,zk_00835
train,11040,205,7.262875,16000,현대에도 황도 십이궁은 많은 사람들의 생활에서 여전히 중요한 역할을 하고 있습니다,11,35,0.23971406736505393,mid(15~30%),train,zk_00836
train,11046,205,8.2950625,16000,땅콩보트 운영업체와 모터보트 운전자는 운영허가와 운전면허는 갖춘 것으로 확인됐다,9,36,0.20988549598197315,mid(15~30%),train,zk_00837
train,11067,205,8.9385,16000,이 회사는 또 차량유지비로 지난해 칠백 팔십 이 만원 이천 십 사 년 칠백 이 만원을 썼다,17,34,0.1947768984744606,mid(15~30%),train,zk_00838
train,11070,205,12.846625,16000,그러므로 흡연 습관을 극복하기 원한다면 가족과 친구를 비롯하여 진정으로 지원을 아끼지 않고 참을성을 나타낼 사람에게 도움을 구하는 것이 현명할 것입니다,20,65,0.13552301145351142,low(~15%),train,zk_00839
train,3504,207,10.8525625,16000,세력을 만들어 다같이 해야할 일이다라며 새정치연합이 근본적이 변화를 만들어내지 못할 경우 하반기부터 이같은 움직임은 가시화될 수 있다,17,58,0.16042416774968735,mid(15~30%),train,zk_00840
train,3556,207,10.3985,16000,우리 민족에게 뿌리깊은 음력 설 전통에다 양력 설은 딱 하루 음력 설은 길게 오 육 일의 연휴가 되는 상황에서 자연스러운 결과다,21,51,0.16742927412741895,mid(15~30%),train,zk_00841
train,3593,207,8.6158125,16000,래리 핑크 캘리포니아대 졸업 후 뉴욕 소재 투자은행 퍼스트 보스턴에서 채권투자 전문가로 이름을 날렸다,14,43,0.2020718657716804,mid(15~30%),train,zk_00842
train,3594,207,11.8471875,16000,수사본부 관계자는 화재 발생 후 첫 신고 전 십 분 사이에 건물 출입구로 누군가 한 명만 지나갔어도 피해를 줄일 수 있었을 것이라며 안타까워했다,23,58,0.1469558329362109,low(~15%),train,zk_00843
train,3615,207,5.5508125,16000,하지만 소를 잡게 되면 잡은 소의 모든 부위를 다 사용합니다,10,24,0.31365017409865065,high(30%~),train,zk_00844
train,3631,207,7.17125,16000,일단 알레르기성 자반증이 의심되면 전문 의료진을 찾아 상담 받을 것을 권하고 싶다,12,34,0.24277682510217413,mid(15~30%),train,zk_00845
train,3715,207,8.620625,16000,미세먼지가 기승을 부리면서 신선한 산소에 좋은 향까지 담겨 있다는 산소캔을 찾는 시민들이 늘고 있습니다,14,44,0.20195905830655736,mid(15~30%),train,zk_00846
train,3716,207,9.1690625,16000,북한의 핵개발 속도는 빨라지고 있지만 실질적인 군사적 대응책이 부족하다는 데 따른 위기감이 반영된 것으로 보인다,15,48,0.18987909691028565,mid(15~30%),train,zk_00847
train,3795,207,7.000125,16000,대전의 배재대도 이천 십 사 학년부터 법학부를 공무원법학과로 개편했다,9,30,0.2487117454351124,mid(15~30%),train,zk_00848
train,3893,207,12.187,16000,현대차는 현대차 에어백은 충돌 각도를 맞춰야 작동한다는 오해에 대해 이러한 표현은 섭섭할 수도 있다면서도 더 많은 사례 연구와 기술 정교화에 매진하고 있다고 밝혔다,23,69,0.14285823475949505,low(~15%),train,zk_00849
train,8419,208,7.537,16000,다른 지역에서는 그곳이 아무리 넓다 하더라도 푸야 라이몬디를 발견하기가 어려울 것입니다,11,38,0.2309955296555614,mid(15~30%),train,zk_00850
train,8421,208,6.6495625,16000,최순실 정국 이전부터 새누리당의 고정 지지 기반은 천천히 하지만 눈에 띄게 침식되고 있었다,13,38,0.2618237375788206,mid(15~30%),train,zk_00851
train,8445,208,9.48475,16000,이 점과 관련하여 국제 연합의 한 보고서는 공식 비공식 학습 공동체 참여 종교 활동을 통한 계속적인 발전을 권하였습니다,18,49,0.18355921948538087,mid(15~30%),train,zk_00852
train,8522,208,9.1623125,16000,단원고 학생들은 직업이 없기 때문에 도시 일용노임 월 백 구십 삼 만 원을 적용해 삼 억 원 정도의 배상 액수를 정했지요,21,47,0.19001898341864742,mid(15~30%),train,zk_00853
train,8534,208,9.595625,16000,영미권뿐만 아니라 중국에서도 베이징 상하이의 젊은층을 중심으로 크래프트 맥주가 선풍적인 인기를 얻고 있다고 파이낸셜타임스가 전했다,15,58,0.18143823951164892,mid(15~30%),train,zk_00854
train,8554,208,9.477375,16000,아울러 획정 기준은 현행 공직선거법을 근거로 게리맨더링을 방지하고 지역대표성을 확보하는 등 기본 원칙을 지킨다는 방침이다,15,53,0.18370205959075864,mid(15~30%),train,zk_00855
train,8598,208,11.859,16000,그래서 재소자들은 보통 구치소 내에 있는 미용실을 이용을 하게 되는데 이 경우에는 파마나 염색 이런 거 안 되고 커트만 가능하다 이런 것을 구체적으로 설명하고 있고요,25,68,0.1468094533277651,low(~15%),train,zk_00856
train,8604,208,6.9649375,16000,다수의 선정작을 가려낸 재난안전교육 및 한글 활용 등 여타 부문과 대조를 이루는 부분이다,13,37,0.24996825987511967,mid(15~30%),train,zk_00857
train,8727,208,8.88725,16000,어둠이 채 가시지 않은 이른 시각에 남루한 차림에 가방을 짊어진 삼십 에서 사십 대 남성들이 하나둘씩 모여들기 시작했다,18,49,0.19590011612298136,mid(15~30%),train,zk_00858
train,8806,208,5.5893125,16000,앵커 한 고등학교가 얼마 전 이 학년 학부모들에게 발송한 가정통신문입니다,10,31,0.31148970593681535,high(30%~),train,zk_00859
train,16519,209,5.3296875,16000,이름을 짓는 것이 하느님의 특성이라는 점은 성경에서도 분명히 나타납니다,9,31,0.32666330005539085,high(30%~),train,zk_00860
train,16563,209,8.213,16000,그리고 이내 우리 아들 리언에게도 하느님의 말씀에 순종하는 것이 얼마나 유익한지 가르쳐 주기 시작했어요,14,44,0.21198262596054626,mid(15~30%),train,zk_00861
train,16580,209,6.454625,16000,이 심지에 불을 붙이면 화약이 폭발해 그 앞에 있는 쇠구슬 총알이 발사되는 방식이다,13,34,0.26973113186497527,mid(15~30%),train,zk_00862
train,16582,209,5.8153125,16000,지난해 이들 크루즈관광객의 평균 체류기간은 오 쩜 구 사 시간,10,25,0.29938430772447155,mid(15~30%),train,zk_00863
train,16606,209,12.5399375,16000,백 열 아홉 개국 정상을 포함한 백 아흔 두 개국 대표단이 기후 변화 문제에 대처하기 위해 이천 구 년 십 이 월에 덴마크 코펜하겐에서 열린 이 모임에 참석했습니다,28,64,0.1388374788162992,low(~15%),train,zk_00864
train,16628,209,6.0858125,16000,정씨는 이천 십 삼 년 이 월 공공비정규직 노조 지회 설립을 주도했다,12,27,0.28607738194595483,mid(15~30%),train,zk_00865
train,16688,209,10.62125,16000,옥천군은 주민들의 불안이 수그러들 때까지 노인장애인복지관과 국민체육센터 체육센터 등 다중 이용시설을 당분간 폐쇄하는 방안을 고려하고 있다,16,61,0.1639179293410819,mid(15~30%),train,zk_00866
train,16924,209,5.64375,16000,중위그룹은 일 조 구천 억원 적자 하위그룹은 칠천 억원 의 적자를 기록했다,12,30,0.3084851928263949,high(30%~),train,zk_00867
train,16953,209,10.6715,16000,당시 현 회장은 사행사업을 한다는 한국마사회의 이미지를 개선하고자 추진한 테마파크 사업이 공개된 자리에서 특혜 의혹을 받는 자체가 참담하다,18,60,0.16314607196869851,mid(15~30%),train,zk_00868
train,16963,209,12.98125,16000,향후 기후변화에 따라 지역별 유역별 강수량 편차가 커지고 태풍 호우 가뭄 등 자연재해가 늘어남에 따라 수자원 활용 여건은 더욱 어려워질 것으로 전망된다,22,63,0.13411753929813894,low(~15%),train,zk_00869
train,20058,210,5.9596875,16000,이날 발표는 특위 회의가 길어지면서 예정된 오후 세 시를 한참 넘겨 이뤄졌다,12,31,0.2921316439853543,mid(15~30%),train,zk_00870
train,20077,210,5.6809375,16000,대학원 졸업 신규직원의 경우 이 비율이 십 오 쩜 구 퍼센트까지 상승했다,12,29,0.3064658442403153,high(30%~),train,zk_00871
train,20166,210,9.969875,16000,같은 해 팔 월 육 칠 일 일부 언론의 최태원 김승연 사면대상 포함 보도와는 달리 그 이전에 이미 최 회장 단독 사면 결론이 내려진 것이다,25,53,0.17462739573103636,mid(15~30%),train,zk_00872
train,20240,210,5.7655625,16000,조금 조이는 바지를 입어서 바지가 무릎 위까지 잘 안 올라가서 조금 젖었습니다,12,32,0.3019676409741402,high(30%~),train,zk_00873
train,20300,210,6.6596875,16000,효은에 따르면 대학교 동아리에서 만난 신천지 친구가 심리상담을 통해 신천지를 전도했다,11,37,0.2614256760567168,mid(15~30%),train,zk_00874
train,20342,210,7.8374375,16000,경찰은 처벌이 가벼운 폭력행위처벌법을 적용해 검찰에 넘겼으나 검찰은 처벌이 더 무거운 죄를 적용한 것이다,14,45,0.2221406304055332,mid(15~30%),train,zk_00875
train,20378,210,9.0936875,16000,십 이 일 오전 여덟 시께 대구 중구 동산의료원에서 치료받던 절도 피의자 현모씨가 이 층 여자 화장실 창문을 통해 달아났다,20,49,0.1914529509633981,mid(15~30%),train,zk_00876
train,20379,210,6.7258125,16000,이 회사는 또 차량유지비로 지난해 칠백 팔십 이 만원 이천 십 사 년 칠백 이 만원을 썼다,17,34,0.25885546274356686,mid(15~30%),train,zk_00877
train,20386,210,5.8035,16000,그러한 이유로 많은 과학자와 연구가들은 창조주의 존재를 믿습니다,8,28,0.2999936774384365,mid(15~30%),train,zk_00878
train,20460,210,6.5046875,16000,그런데 여기서 이런 식으로 성매매 업주한테 빌린 돈은 안 갚아도 된다는 교육을 했습니다,13,36,0.26765518051619946,mid(15~30%),train,zk_00879
train,13633,211,5.869625,16000,또 미국 무기들이 세계에서 가장 우수하다는 점도 영향을 미쳤다,9,26,0.29661406086657427,mid(15~30%),train,zk_00880
train,13634,211,7.135875,16000,그러고 나서 넌 성서에서 약속하는 이런 축복이 이루어질 거라고 생각하니 라고 물었습니다,12,37,0.24398035377777302,mid(15~30%),train,zk_00881
train,13765,211,10.441875,16000,비교적 짧은 생애 동안 아그리콜라가 핀란드어로 남긴 출판물은 열 권 정도에 지나지 않는데 대략 총 이천 사백 쪽에 달합니다,19,50,0.16673378172157455,mid(15~30%),train,zk_00882
train,13893,211,11.853125,16000,뉴 사이언티스트 지는 기술자들이 이 곤충의 비밀을 밝혀내기 위해 날갯짓을 하며 공중에 떠 있는 벌들을 초당 육천 프레임의 속도로 촬영했다라고 보도한다,21,63,0.14688221941588958,low(~15%),train,zk_00883
train,13901,211,9.07525,16000,또 붙을 건데 의경들 스트레스 받지 말고 그냥 두라 꽃 스티커가 평화시위의 새로운 상징으로 부각되고 있다,16,43,0.19184191146403307,mid(15~30%),train,zk_00884
train,13907,211,8.76475,16000,내 말을 전혀 믿지 않던 경찰의 태도가 조금 바뀌기 시작한 건 역설적이지만 시 인권센터 결정문 덕분이다,16,42,0.1986381022863135,mid(15~30%),train,zk_00885
train,13951,211,12.8539375,16000,사람들은 호박 구슬을 실에 꿰어 목에 걸고 다니면 머리와 목과 인후의 통증이 완화되고 호박으로 만든 팔찌는 류머티즘을 앓고 있는 사람들에게 도움이 된다고 믿었습니다,23,69,0.13544591351980403,low(~15%),train,zk_00886
train,13967,211,7.4751875,16000,사진은 김 전 원장이 지난달 정 후보 사무실을 찾아 야당 지지자들과 함께 찍은 사진,14,33,0.23290563708455023,mid(15~30%),train,zk_00887
train,13972,211,6.9905625,16000,그럴 때 부모가 자신의 감정을 솔직하게 표현해야 아이들도 속마음을 털어 놓게 되지요,12,35,0.24905196212950906,mid(15~30%),train,zk_00888
train,14025,211,8.3481875,16000,전셋값이 천정부지로 오르는 상황에서 월세 전환을 유도해서라도 주거 불안을 해소해야 하기 때문이다,12,42,0.20854985672206885,mid(15~30%),train,zk_00889
train,5523,212,8.520375,16000,어쨌든 지난해 오십 구 승를 거뒀던 미네소타는 벌써 지난해 승수의 약 십 퍼센트가량을 만들어냈다,14,40,0.2043352912300182,mid(15~30%),train,zk_00890
train,5550,212,7.9449375,16000,이는 경찰 한 명이 담당하는 주민이 적을수록 시민들이 우리 지역의 치안 상태가 좋다라고 느낀다는 말이다,15,43,0.21913492799835949,mid(15~30%),train,zk_00891
train,5646,212,6.990875,16000,결국 협회가 싸움을 걸었지만 소속기업들은 한걸음 뒤로 물러나 사태를 관망하고 있다,11,35,0.2490408292258074,mid(15~30%),train,zk_00892
train,5699,212,12.6251875,16000,신 회장은 일본롯데 계열사들의 유 월 정기주총과 금융기관 접촉 등을 마무리한 후 칠 월 이 삼 일께 귀국 현재 한국 롯데에서 진행되고 있는 검찰 수사에 적극 협조한다는 계획이다,28,71,0.13789999610017406,low(~15%),train,zk_00893
train,5727,212,6.5536875,16000,실제로 실손보험으로 피부관리나 미용 수술까지 받는 사례가 적발되기도 했다,9,32,0.26565400120374466,mid(15~30%),train,zk_00894
train,5766,212,8.3106875,16000,서부 이즈미르 지역에서 휴가 중이었던 것으로 전해진 에르도안 대통령은 한때 영국이나 독일로의 망명설도 나돌았다,14,48,0.20949088833071466,mid(15~30%),train,zk_00895
train,5880,212,6.3928125,16000,다른 동물의 생체 주기 즉 생체 리듬도 박테리아의 영향을 받을 수 있기 때문입니다,13,33,0.27233917888471876,mid(15~30%),train,zk_00896
train,5912,212,7.8126875,16000,이런 말씀을 조금 전에 하셨어요 오늘 중진회의 열어서 원칙은 지키되 추가할 게 있으면 추가하겠다,14,40,0.22284435503326688,mid(15~30%),train,zk_00897
train,5960,212,10.2438125,16000,정관용 이게 동행명령장이라고 하는 게 발부된다 하더라도 국회 운영위원회의 청와대 대상 국회 국정감사는 오늘로 끝나는 거 아닙니까,17,55,0.16995755310964214,mid(15~30%),train,zk_00898
train,5964,212,6.5785625,16000,앵커 한 고등학교가 얼마 전 이 학년 학부모들에게 발송한 가정통신문입니다,10,31,0.2646495046621456,mid(15~30%),train,zk_00899
train,18061,213,7.0409375,16000,일본은 아무리 사죄해도 충분하지 않을 만큼 막대한 범죄를 한국에 저질렀습니다,10,33,0.2472700981955835,mid(15~30%),train,zk_00900
train,18065,213,8.9833125,16000,삼백 팔십 만 마리의 닭은 살처분될 처지에 놓였고 가축보건 방역당국은 초긴장 상태에 휩싸였다,13,39,0.19380527027351727,mid(15~30%),train,zk_00901
train,18108,213,7.49375,16000,주민센터 직원이 가본 그의 숙소는 화장실도 없는 허름한 여인숙 단칸방이었다,10,32,0.23232871486424903,mid(15~30%),train,zk_00902
train,18129,213,10.0186875,16000,국내 경기가 여전히 침체된 상태에서 금리마저 올라가면 경기 회복 국면에 찬물을 끼얹을 수도 있다는 진단이다,15,45,0.17377658570685692,mid(15~30%),train,zk_00903
train,18182,213,8.3216875,16000,그는 단지 정복 경찰 두 사람의 모습이 창문에 비친 것을 보았을 뿐입니다,12,29,0.20921397336945977,mid(15~30%),train,zk_00904
train,18193,213,8.233125,16000,그 친구에게 방송에서 누군가에게 잘 보이려고 애쓰지 말고 그냥 있는 그대로의 모습을 보여 주라고 말했다,15,43,0.2114644569363354,mid(15~30%),train,zk_00905
train,18202,213,5.0921875,16000,그래서 채무증명서 이런 거 제출해서 휴학했었습니다 일 년,8,24,0.3418989004261855,high(30%~),train,zk_00906
train,18203,213,5.623,16000,또한 오래 근무하지 않고 일찍 청와대를 나온 이유도 석연치 않다,10,26,0.309623565181214,high(30%~),train,zk_00907
train,18221,213,10.2135625,16000,트럼프 행정부가 북한에 대한 군사적 압박을 높이는 상황에서 이뤄진 인터뷰인 만큼 한 부상의 입에 관심이 쏠렸습니다,16,48,0.17046092458081752,mid(15~30%),train,zk_00908
train,18222,213,9.18325,16000,그러나 박근혜 대통령이 지난해 산지관광 활성화를 위해 규제 완화를 지시한 이래 진척 속도가 빨라졌다,14,42,0.18958574655094507,mid(15~30%),train,zk_00909
train,1714,214,6.326,16000,우선 이름 주소 전화번호 전자 우편 주소를 기재하십시오,8,23,0.2752155085384076,mid(15~30%),train,zk_00910
train,1804,214,9.3856875,16000,하지만 그렇게 하기 위해서는 먼저 남자와 여자가 대화하는 방식에 차이가 있다는 것을 알아야 합니다,14,41,0.1854966199347641,mid(15~30%),train,zk_00911
train,1857,214,7.5223125,16000,그래서 그는 구할 수 있는 데까지 틴들의 번역판을 모두 구해서 불태워 버렸습니다,12,33,0.23144655410340453,mid(15~30%),train,zk_00912
train,1902,214,8.4379375,16000,때때로 예상치 못한 일이 일어날 것을 대비해서 시간을 여유 있게 계획하는 것이 도움이 됩니다,14,38,0.20633161919177123,mid(15~30%),train,zk_00913
train,1933,214,13.206125,16000,천 구백 이십 오 년에 미국 매사추세츠의 클래런스 버드사이가 생선 급속 냉동 기술을 개발한 후로 대구의 수요는 빠른 속도로 증가했습니다,20,56,0.1318337746321473,low(~15%),train,zk_00914
train,1966,214,8.143625,16000,마음만 먹으면 어떤 사람보다도 정신과 의사는 범행하기가 쉽고 편안한 위치에 있습니다,11,36,0.2137884918588425,mid(15~30%),train,zk_00915
train,1998,214,10.8508125,16000,교육부 관계자는 이영 차관이 해임을 포함해 조치를 논의하겠다고 밝혔고 그 후 진전된 내용은 없다고 했다,15,43,0.16045004067796453,mid(15~30%),train,zk_00916
train,2017,214,11.1031875,16000,미국은 시급히 북한 핵과 미사일 개발을 제한하고 비핵화와 평화협정으로 나아가도록 협상 방식을 재구축해야 한다,14,47,0.15680301778331368,mid(15~30%),train,zk_00917
train,2039,214,10.0105,16000,또한 운전자 열 명 중 여섯 명은 사람들이 난폭하거나 무모하게 운전하는 것을 정기적으로 본다고 말했다,15,42,0.1739187160495446,mid(15~30%),train,zk_00918
train,2043,214,10.8085625,16000,오 전 시장이 아니라 박근혜 대통령과 붙으라고 해도 하겠다며 중요한 것은 제가 당선되고 말고가 아니지 않느냐고 말했다,17,49,0.16107722992895365,mid(15~30%),train,zk_00919
train,18496,215,11.889,16000,경찰청장 바로 아래 계급인 치안정감 자리에는 호남과 충청 등 지역 안배를 고려해 각각 박경민 전남청장과 김양제 경찰중앙학교장이 발탁된 것으로 전해졌다,20,64,0.1464390030291838,low(~15%),train,zk_00920
train,18499,215,6.0588125,16000,개인적으로 이봉련 씨 팬인데 같이 연기할 수 있어서 너무 신기했어요,10,28,0.2873522339590417,mid(15~30%),train,zk_00921
train,18513,215,11.603125,16000,응시자가 자소서에서 본인의 역경 극복 과정을 설명하면서 사업을 하시던 아버지가 부도를 당해 할아버지부터 어업에 종사하여 회사에 다니던 아버지가 실직하고 식이다,20,69,0.15004693192687024,mid(15~30%),train,zk_00922
train,18518,215,5.6320625,16000,김현정 그게 마지막 투어였으니까 그 길로 호텔로 가셨을 거고,9,25,0.30912535274847647,high(30%~),train,zk_00923
train,18593,215,7.4054375,16000,영국 돈인 파운드화 가치도 브렉시트 쪽으로 결론이 나지 않는 것이라는 기대 속에 계속 올랐어,14,38,0.23509931817181176,mid(15~30%),train,zk_00924
train,18660,215,11.3144375,16000,그러면 적어도 변호인 접견이 끝난 다음에 만나고 가야 하는데 변호인 접견이 계속 길어지니까 그날은 시간적으로 안 될 것 같아서 그냥 갈 가능성이 크다고 보고요,24,65,0.15387537445091426,mid(15~30%),train,zk_00925
train,18671,215,7.281875,16000,삼성 내 나머지 계열사들뿐만 아니라 다른 대기업으로도 감원바람이 불고 있습니다,10,34,0.23908860108337016,mid(15~30%),train,zk_00926
train,18673,215,10.088375,16000,인생에 대한 앞날을 어른들이 길을 내주고 터주는 그런 자기 인생의 이야기들을 담아서 해주기 때문에 아이들이 감동하고 듣는 분들도 감동하죠,19,58,0.17257618863434065,mid(15~30%),train,zk_00927
train,18750,215,10.0365,16000,반면 노관규 후보는 더민주 기호 두 번을 크게 표시하고 또다시 우리 순천이 박근혜 정권과 새누리당에 속을 수는 없습니다라는 구호를 내세웠다,20,58,0.1734681718740563,mid(15~30%),train,zk_00928
train,18768,215,11.0408125,16000,노무현 전 대통령을 비하하는 내용의 호두과자 포장재를 사용한 식품업체가 이를 비난한 네티즌을 무더기로 고소했지만 대부분 불기소 처분을 받은 것으로 알려졌다,20,67,0.15768887543502494,mid(15~30%),train,zk_00929
train,13099,216,7.6618125,16000,저희들이 생각하는 가장 유력한 증거는 현재 화물차에 접수돼 있던 차량에 보면 블랙박스가 있지 않습니까,14,43,0.227232565011734,mid(15~30%),train,zk_00930
train,13162,216,7.107125,16000,조리사 영양사 학교 경비원 등의 경우 학교와 직접 계약한 경우에만 적용을 받는다,12,33,0.24496731196003535,mid(15~30%),train,zk_00931
train,13198,216,6.6621875,16000,사도들이 도움을 청하자 예수께서는 일어나 바람을 꾸짖으시며 바다더러 잠잠하여라,9,35,0.26132757551689534,mid(15~30%),train,zk_00932
train,13226,216,5.298625,16000,누군가 그의 방문에서 딱지를 떼어내고 근조를 써 붙였다,8,23,0.3285783211708634,high(30%~),train,zk_00933
train,13230,216,11.1718125,16000,간통 남녀가 짜고 법정에서 배우자를 상대로 오리발을 내밀기도 하고 피해 배우자는 더 많은 위자료를 얻기 위해 불법 도청을 서슴지 않는 경우도 많아지고 있다,23,64,0.15583982518628614,mid(15~30%),train,zk_00934
train,13245,216,7.571625,16000,그룹별 임원 보수가 가장 많은 곳은 삼성그룹으로 십 사 억 칠 천 사백 만원에 달했다,15,33,0.22993918835309016,mid(15~30%),train,zk_00935
train,13255,216,7.969,16000,푸이와 그의 형제자매 사진출처 봉황망 다섯째 공주 윈신윈신은 천 구백 십 칠 년에 태어났다,14,37,0.21847324720968328,mid(15~30%),train,zk_00936
train,13337,216,8.159625,16000,같은 제품이라 해도 아시아에서 사면 유럽보다 최대 육십 퍼센트 가까이 비싸게 줘야 한다,13,36,0.21336927947227552,mid(15~30%),train,zk_00937
train,13360,216,6.2965625,16000,그와 동시에 그러한 남자는 스스로 여호와 하느님을 불쾌하시게 하는 것입니다,10,32,0.27650218782295355,mid(15~30%),train,zk_00938
train,13421,216,6.058625,16000,하느님께서 그를 용서하기는 하셨지만 그 사건을 그냥 눈감아 주셨습니까,9,30,0.2873611268256355,mid(15~30%),train,zk_00939
train,7786,217,12.765875,16000,이전까지 언론 인터뷰에서 헌재 자문위원을 자신의 주요 이력 중 하나로 소개해왔던 최 전 총장은 총장 사퇴 후에도 한달 넘게 헌재 자문위원직을 유지해왔다,22,63,0.13638025650525062,low(~15%),train,zk_00940
train,7799,217,9.0814375,16000,또 외교적 논란이 큰 사안을 공론화를 외면하고 밀실에서 덜컥 결정한 것에 대한 절차적 문제를 제기하는 목소리도 있다,17,48,0.19171120288103796,mid(15~30%),train,zk_00941
train,7818,217,8.395125,16000,이게 뭐냐하면 데이비드 윤이 누구누구 맞습니까 하니까 이렇게 하니까 그걸 실명을 여기서 공개하면이라고 하거든요,14,48,0.2073838456263565,mid(15~30%),train,zk_00942
train,7845,217,9.393,16000,심지어 운전 여건이 좋을 때에도 차량 한 대만 관련된 대형 단독 충돌 사고의 십 퍼센트는 피로와 관련이 있었다,18,44,0.1853522098385996,mid(15~30%),train,zk_00943
train,8026,217,7.687,16000,최저임금 영향률이 높아졌다는 것은 그만큼 최저임금의 영향을 받는 노동자가 많아지고 있다는 뜻이다,12,42,0.2264880066363947,mid(15~30%),train,zk_00944
train,8035,217,10.9039375,16000,재정 열악한 지자체에 골프장은 달콤한 유혹지방자치단체가 골프장 유치 등에 열을 올린 건 지방세 때문이다,14,44,0.1596683131221145,mid(15~30%),train,zk_00945
train,8045,217,6.061375,16000,하지만 이같은 노동절 휴일수당은 여전히 많은 노동자에게 그림의 떡인 상황이다,10,33,0.28723075325548514,mid(15~30%),train,zk_00946
train,8074,217,9.48325,16000,정부가 설 연휴가 끝난 직후인 다음 달 이십 오 일부터 금연치료에 대해 건강보험을 지원한다,14,37,0.18358825371196227,mid(15~30%),train,zk_00947
train,8077,217,9.3789375,16000,이번에도 전국적으로 돌풍 천둥 번개가 동반되겠고 곳에 따라 여든 밀리미터 가량 내려 비의 양도 많겠습니다,15,44,0.18563012143048893,mid(15~30%),train,zk_00948
train,8104,217,6.326125,16000,교수들도 최소 총추위 구성 단계부터 강도 높은 개혁이 필요하다는 입장을 보이고 있다,12,35,0.27521007046398327,mid(15~30%),train,zk_00949
train,18923,218,9.69725,16000,불법 벌목업자들은 귀중한 나무들 심지어 국립공원에 있는 나무들까지 몰래 베어 가고 있습니다,12,39,0.179536807549972,mid(15~30%),train,zk_00950
train,18956,218,13.2039375,16000,사이언스지는 한국판 메르스 소식을 실시간으로 전하면서 한국에서 메르스가 급속히 확산되고 있는데도 불구하고 정부는 제대로 된 정보를 공개하지 않고 있다고 지적했다,20,70,0.13185561557027714,low(~15%),train,zk_00951
train,18957,218,5.2199375,16000,잘 훈련되고 무장한 이십 오 만 명가량이 이라크 전역으로 흩어졌다,10,27,0.3335314468830261,high(30%~),train,zk_00952
train,19075,218,5.106875,16000,이렇게 하는 것으로 잘 알려진 한 가지 예로 꿀벌이 있습니다,10,24,0.3409155906525941,high(30%~),train,zk_00953
train,19077,218,5.7303125,16000,혈관 건강은 생명을 좌지우지하는 중대한 질환과 관련이 많다,8,25,0.303825194003637,high(30%~),train,zk_00954
train,19130,218,10.9043125,16000,뉴 사이언티스트 지는 기술자들이 이 곤충의 비밀을 밝혀내기 위해 날갯짓을 하며 공중에 떠 있는 벌들을 초당 육천 프레임의 속도로 촬영했다라고 보도한다,21,63,0.15966282211867702,mid(15~30%),train,zk_00955
train,19160,218,10.873625,16000,정부가 이천 십 삼 년 소득공제를 세액공제로 바꾸고 올해 들어 연말정산 파동이 커지자 저소득층 및 중산층 세금을 깎으면서다,18,51,0.16011342188221186,mid(15~30%),train,zk_00956
train,19234,218,10.0355625,16000,노효동 특파원 미국 최대의 방산업체인 록히드마틴이 지난 이십 구 일 한 미 양국이 사드 문제를 논의 중이라고 했던 주장을 하루 만에 뒤집었다,22,57,0.17348437688609544,mid(15~30%),train,zk_00957
train,19236,218,6.72,16000,스노윙 치킨은 눈가루 같은 치즈 가루를 뿌린 메뉴를 뜻한다,9,24,0.2590793611627926,mid(15~30%),train,zk_00958
train,19259,218,10.49425,16000,윤 검사는 자신이 사건에 관여는 안하지만 검사들이 공소유지 할 때까지는 자리를 지키는 게 도리라는 생각을 내비친 것으로 전해졌다,18,54,0.16590164204340152,mid(15~30%),train,zk_00959
train,12955,108,6.787375,16000,그러나 다른 이유는 없었는지 다른 물증 확보에도 주력하고 있습니다,9,28,0.25650760522498994,mid(15~30%),val,zk_00960
train,12962,108,11.012125,16000,학습 장애의 증상 가운데는 말을 배우는 것이 늦거나 습관적으로 잘못 발음하거나 어린애 같은 말투를 계속 쓰는 것이 있습니다,18,51,0.1580996680489884,mid(15~30%),val,zk_00961
train,12969,108,12.49275,16000,영미권뿐만 아니라 중국에서도 베이징 상하이의 젊은층을 중심으로 크래프트 맥주가 선풍적인 인기를 얻고 있다고 파이낸셜타임스가 전했다,15,58,0.13936189445990405,low(~15%),val,zk_00962
train,12984,108,10.2815625,16000,따라서 남편이 아내를 신체적으로 자주 학대한다면 피해자는 별거할 수 있다,10,31,0.169333533401559,mid(15~30%),val,zk_00963
train,12993,108,7.63725,16000,그는 호남지역의 원심력 강화와 관련 호남은 언제나 시대의 깃발이었다,9,29,0.2279633777883356,mid(15~30%),val,zk_00964
train,13005,108,8.753625,16000,아그레망은 신임 대사를 파견할 때 상대국에 관례적으로 사전 동의를 받는 것을 말합니다,12,36,0.19889055185868326,mid(15~30%),val,zk_00965
train,13014,108,7.5818125,16000,도발에는 강력히 응징하고 대화의 문은 열어 놓을 것이라고 단호한 입장을 나타냈다,11,34,0.22963022456885687,mid(15~30%),val,zk_00966
train,13024,108,8.7713125,16000,헌법재판소의 양심적 병역거부에 대한 위헌 법률심판은 올가을께 내려질 것으로 보인다,10,36,0.19848948569714808,mid(15~30%),val,zk_00967
train,13031,108,8.847375,16000,쏘나타의 지난달 판매량은 전월 대비 일 쩜 구 퍼센트 감소해 두 달 연속 하락세를 기록했다,15,36,0.19678303530866117,mid(15~30%),val,zk_00968
train,13040,108,10.485875,16000,예를 들어 타협이 필요하겠지만 만약 국회선진화법이 개정된 이후에 과반수 표결만으로 그 법안이 폐지될 수 있다면,15,47,0.16603414660330837,mid(15~30%),val,zk_00969
train,19283,110,8.363875,16000,각 가게는 주방장 개성을 담은 라멘을 경쟁적으로 내놓고 방송도 이를 조명한다,11,32,0.20815869522368113,mid(15~30%),val,zk_00970
train,19291,110,10.7054375,16000,입소문이 나자 낙동강유역환경청은 지난해 삼 월 뉴트리아 퇴치전담반을 꾸리고 전씨를 퇴치반장으로 스카우트했다,12,48,0.16262887967109854,mid(15~30%),val,zk_00971
train,19295,110,8.907,16000,모든 게 불편하고 지루하고 무의미하게 느껴져 고민만 더 깊어지는 이들을 적잖이 봤거든요,12,37,0.19546573560278052,mid(15~30%),val,zk_00972
train,19313,110,8.66375,16000,박 대표는 동물보호법에는 야생생물법과 달리 고통이라는 단어가 없다,8,29,0.20095377948509202,mid(15~30%),val,zk_00973
train,19339,110,12.5464375,16000,우리는 그루지야 정부가 이러한 사건들을 수사하고 만인이 지닌 종교적 권리에 대한 존중심을 보장하기 위해 경계 태세를 늦추지 말 것을 촉구하는 바이다,21,62,0.138765550540858,low(~15%),val,zk_00974
train,19345,110,7.021125,16000,뇌 조직 일 그램에 수백만 개가 쌓여 있기도 했습니다,9,21,0.24796785515340722,mid(15~30%),val,zk_00975
train,19353,110,10.262375,16000,북한의 핵개발 속도는 빨라지고 있지만 실질적인 군사적 대응책이 부족하다는 데 따른 위기감이 반영된 것으로 보인다,15,48,0.16965013527706463,mid(15~30%),val,zk_00976
train,19372,110,7.469125,16000,다음 질문들에 답한 다음 성구에 있는 빈칸을 채워 넣으십시오,9,25,0.233094680704094,mid(15~30%),val,zk_00977
train,19417,110,7.405125,16000,그녀가 사실을 이야기 할 수 있도록 설득하는 것이 중요하다,9,24,0.2351092394813006,mid(15~30%),val,zk_00978
train,19418,110,9.2184375,16000,대선이 언제가 될지는 모르겠습니다만 사 월이라면 유 월쯤 대선이 이뤄진다는 것인데요,11,36,0.18886208286534092,mid(15~30%),val,zk_00979
test,285,112,10.6579375,16000,대한주택보증 입장에서는 손실 가능성을 최소화하기 위해 수수료를 높게 요구할 수밖에 없는 구조다,12,41,0.16335367954765792,mid(15~30%),val,zk_00980
test,286,112,12.9460625,16000,공식 순방기간은 육 일부터 구 일까지였지만 이 후보자 부부는 이보다 앞선 사 일 함께 출국해 부인은 칠 일 이 후보자는 구 일 각각 귀국했다,24,55,0.13448207182793734,low(~15%),val,zk_00981
test,291,112,11.0526875,16000,새로 길들이기 시작한 유익한 습관이 정착되기까지는 보통 시간이 걸리는데 수주에서 수개월이 걸리기도 합니다,13,46,0.15751945461354683,mid(15~30%),val,zk_00982
test,294,112,7.639375,16000,친노계파가 인사권 전횡을 할 수 없는 그런 보직을 줘서는 안 되구요,11,27,0.22789996655668376,mid(15~30%),val,zk_00983
test,296,112,10.1158125,16000,정씨는 금메달을 보여드려도 될까요라며 면접위원들에게 이 메달을 꺼내보였다고 한다,9,36,0.17210810372512994,mid(15~30%),val,zk_00984
test,299,112,9.543375,16000,이제 목표한 오백 만원을 채워 은행에 가져가려는데 천장 안에 넣은 손을 아무리 휘저어도 닿는 것이 없었다,16,43,0.1824316142888618,mid(15~30%),val,zk_00985
test,300,112,8.2430625,16000,에어컨이 가동되는 안락한 열차 안에서 갠 열차의 승객들은 최고의 서비스를 받습니다,11,35,0.21120952401051987,mid(15~30%),val,zk_00986
test,302,112,8.8468125,16000,그러니까 우리가 상상해 보시면 아시겠지만 우리가 해외 나가면 기껏 갖고 나가면 일 만 불이에요,14,39,0.1967955472113788,mid(15~30%),val,zk_00987
test,303,112,8.800375,16000,학교는 시설 관리에 따르는 잡다한 업무가 없어지고 사업자는 일정 기간 수익을 보장 받을 수 있었다,15,40,0.19783399082584163,mid(15~30%),val,zk_00988
test,305,112,8.4320625,16000,지구상에서 우크라이나와 우간다만큼이나 서로 다른 곳은 아마 거의 없을 것입니다,10,34,0.2064753797797355,mid(15~30%),val,zk_00989
train,4950,114,10.7505,16000,이들의 탈당이 현실화 될 경우 그 파장은 일파만파로 번져 결국 새정치민주연합은 분당에 직면할 것으로 예상된다,15,46,0.16194719380623843,mid(15~30%),val,zk_00990
train,4965,114,10.570125,16000,대통령 측은 녹취 파일의 내용에 따라 박 대통령의 탄핵사유를 부정할 증거로 활용해 심판 흐름을 바꾸는 전략을 펼칠 전망이다,18,51,0.16471075857797007,mid(15~30%),val,zk_00991
train,5074,114,5.8898125,16000,그래서 제가 당신들 북으로 간첩 보내는 길이 있을 거 아니냐,10,24,0.29559740772969706,mid(15~30%),val,zk_00992
train,5076,114,5.427375,16000,경찰에서 수사받고 있다는데 대체 무슨 일이냐고 따졌다,7,23,0.3207836766418326,high(30%~),val,zk_00993
train,5084,114,9.7328125,16000,올보르 구치소 관계자는 정 씨의 아기가 정 씨를 보러 면회를 올 수는 있어도 정 씨가 아기를 보러 나갈 수는 없다고 부인했다,21,49,0.17888080213339835,mid(15~30%),val,zk_00994
train,5203,114,6.444875,16000,소비자들 한국 경제 앞으로도 안 좋다그러면 앞으로는 어떨까요,8,26,0.27013918920288854,mid(15~30%),val,zk_00995
train,5212,114,7.9695625,16000,검찰은 석유공사가 캐나다 하베스트사의 정유공장을 인수하는 과정도 눈여겨보고 있다,9,36,0.21845782714094608,mid(15~30%),val,zk_00996
train,5237,114,10.9618125,16000,이를 바탕으로 계산했을 때 이천 오백 원짜리 국산맥주의 평균 주세는 한 캔 당 약 삼백 구십 오 원 수입맥주는 삼백 이십 원이된다,22,51,0.15882531351580462,mid(15~30%),val,zk_00997
train,5375,114,8.314375,16000,그러면 코르크와 함께 침전물을 쉽게 빼낼 수 있으며 그런 다음에 최종적으로 병에 코르크 마개를 할 수 있어요,17,44,0.2093979772398967,mid(15~30%),val,zk_00998
train,5382,114,9.5751875,16000,이러한 결과에 대해 거센 비난 여론이 쏟아지자 그리스 정부는 조세 포탈을 해온 예순 여덟 명의 의사를 고발했다,17,45,0.18182550545500714,mid(15~30%),val,zk_00999
train,12843,115,6.5724375,16000,그분은 그 일을 거듭 행하는 사람들에게 동의하는 사람들도 승인하지 않으십니다,10,33,0.2648961373940743,mid(15~30%),val,zk_01000
train,12845,115,6.0754375,16000,자기 세를 오히려 결집시키는 효과를 나타낼 수도 있는 것이죠,9,25,0.2865659151318677,mid(15~30%),val,zk_01001
train,12858,115,7.25725,16000,평균기온은 세 시간 단위로 하루 팔 차례 기온을 잰 뒤 이를 더해 평균 낸 것이다,15,31,0.23989986661806692,mid(15~30%),val,zk_01002
train,12861,115,6.637,16000,이런 문제는 최근 흔히들 말하는 작은 결혼식에 대한 이해의 문제에서부터 시작한다,11,34,0.2623193170128019,mid(15~30%),val,zk_01003
train,12877,115,7.857625,16000,이 돈은 자살로 처리된 군인에게만 지급하는 항목이기 때문에 무조건 지급할 수 없다는 말입니다,13,39,0.22156991546605576,mid(15~30%),val,zk_01004
train,12879,115,7.8325625,16000,목적은 다르지만 결국 모두 명품이 주는 보상심리에서 비롯됐다는 게 전문가들 분석이다,11,36,0.22227889110542892,mid(15~30%),val,zk_01005
train,12902,115,7.79825,16000,그리고는 데스크 밑에서 잭을 불법 단말기에 꽂고 정상적인 것처럼 위에 올려놓죠,11,33,0.22325692392703056,mid(15~30%),val,zk_01006
train,12906,115,9.1591875,16000,그리하여 증인들은 수많은 사람들의 마음속에서 하느님의 말씀에 대한 사랑이 다시 불타오르도록 도와 왔습니다,13,46,0.19008381551463666,mid(15~30%),val,zk_01007
train,12910,115,10.4280625,16000,호텔 더 플라자는 한 끼 식사 가격이 오십 만원에 달하는 상품을 내놓고 일흔 명분 예약을 받았는데 출시 이틀 만에 완판됐다,20,49,0.16695462910909542,mid(15~30%),val,zk_01008
train,12930,115,11.4338125,16000,이후 김씨 일당은 이천 팔 년부터 필리핀에 관광온 여행객들을 대상으로 십 여 차례 납치 강도 살인 행각을 벌여 오 억원을 빼앗았다,21,52,0.15226883482775025,mid(15~30%),val,zk_01009
train,2799,130,8.9283125,16000,이것은 제 이 형 당뇨병의 전조가 될 뿐 아니라 최근에 알려진 바에 따르면 치매의 위험을 상승시킬 수도 있다고 합니다,19,47,0.19499914536077967,mid(15~30%),val,zk_01010
train,2807,130,9.645625,16000,성과상여금 부당수령자의 수령액을 환수 조치하고 다음해 성과상여금을 지급하지 않는 한편 징계 조치하기로 했다,13,47,0.1804977186044415,mid(15~30%),val,zk_01011
train,2813,130,6.6634375,16000,극도의 감정적인 괴로움이나 우울증을 겪는 경우라면 의학적인 치료가 필요할 수도 있다,11,36,0.2612785528511322,mid(15~30%),val,zk_01012
train,2814,130,5.4438125,16000,여덟 명만 불러서 조사하고 말아서는 안되는 것 아닌가라고 말했다,9,27,0.31981507574222406,high(30%~),val,zk_01013
train,2816,130,11.943125,16000,이 단지는 지하철 분당선 서울숲역이 가까워 역세권 입지를 갖춘 데다 중랑천과 서울숲이 가까이에 있어 자연경관이 좋고 한강도 조망할 수 있다,20,58,0.14577535670220032,low(~15%),val,zk_01014
train,2831,130,9.450625,16000,흑인인 플래내건은 나를 이 끝까지 오게 한 것은 교회 총격사건이라면서 내 총알에 희생자 이름 이니셜이 새겨져 있다고 말했다,18,51,0.1842220283858439,mid(15~30%),val,zk_01015
train,2844,130,6.8726875,16000,국회 추천이라고 했으니까 새누리당은 사사건건 딴지를 걸면서 시간을 끌 것이다,10,33,0.2533235080183649,mid(15~30%),val,zk_01016
train,2846,130,6.1788125,16000,찢긴 플래카드들과 나무에 매단 리본들도 바람 따라 세차게 펄럭였다,9,28,0.2817715065822059,mid(15~30%),val,zk_01017
train,2850,130,5.6561875,16000,지난 이십 팔 일 한 온라인 커뮤니티에는 투고백의 진실을 아시나요,10,27,0.30780685877438935,high(30%~),val,zk_01018
train,2852,130,5.63625,16000,그곳에서 여호와의 천사가 불타는 덤불 가운데서 모세에게 나타났습니다,8,30,0.3088956854316196,high(30%~),val,zk_01019
train,12772,134,7.082875,16000,그래서 제가 당신들 북으로 간첩 보내는 길이 있을 거 아니냐,10,24,0.24580601902673227,mid(15~30%),val,zk_01020
train,12775,134,7.9798125,16000,책임있는 상담을 위한 변화였다는 설명이지만 고객들 역시 문의를 마치면 바로 전화를 끊는 식이었다,13,41,0.21817721995522651,mid(15~30%),val,zk_01021
train,12782,134,11.9813125,16000,이날 미국 에너지정보국은 지난주 원유 재고가 전주보다 육백 삼십 만 배럴 증가한 사 억 천 삼백 육 만 배럴을 기록했다고 밝혔다,21,51,0.14531073344543566,low(~15%),val,zk_01022
train,12786,134,9.2185,16000,급할수록 돌아가라 이해와 인내 사이노출 천장과 도장한 벽체로 포인트를 준 주택 방 모습,13,36,0.1888608024097159,mid(15~30%),val,zk_01023
train,12793,134,10.174625,16000,조합원들 눈치를 보느라 시중 금리를 감안하지 않은 급여율을 유지해왔고 운용 부실로 떠밀리다시피 급여율을 낮추게 된 것이다,16,52,0.17111326530599075,mid(15~30%),val,zk_01024
train,12794,134,9.183,16000,이 중 단지 백 종 정도의 진균류만 사람과 동물에게 질병을 일으키는 것으로 알려져 있습니다,14,37,0.1895909078747649,mid(15~30%),val,zk_01025
train,12797,134,11.1209375,16000,이씨는 중국 자국민이 자국에서 타국민을 상대로 낸 사고라며 중국 측의 잘못이 없다면 모를까 정서상 도의라는 게 있지 않냐고 반문했다,19,55,0.1565527462962512,mid(15~30%),val,zk_01026
train,12801,134,10.54875,16000,그는 이런 사태를 예견하고 일 년 전부터 하베르 코레라는 일 인 뉴스 사이트를 열어 언론 활동을 계속하고 있다,18,44,0.16504451304789347,mid(15~30%),val,zk_01027
train,12803,134,11.4573125,16000,안 의원의 선진화법 개정 찬성 주장으로 현재 정국 이슈로 부상한 선진화법 논의에 변화가 뒤따를지 주목된다,15,44,0.15195651746550215,mid(15~30%),val,zk_01028
train,12810,134,7.1284375,16000,그는 행정부가 밑에 있으면 나중에 통일될 경우 옮겨야 한다고 지적했다,10,29,0.24423491221098118,mid(15~30%),val,zk_01029
train,19441,138,7.5338125,16000,바이러스는 숙주 안에서만 서식하기에 숙주가 죽으면 바이러스도 생존할 수 없다,10,33,0.231093262145025,mid(15~30%),val,zk_01030
train,19448,138,7.17825,16000,정태인 괘씸할 뿐만 아니라 중국의 전략상으로서는 있을 수 없는 일이 되는 거죠,12,32,0.24254007690091123,mid(15~30%),val,zk_01031
train,19459,138,7.5000625,16000,또한 외국인들이 폰페이에 질병을 옮겨서 인구가 격감했다고 말하는 사람들도 있습니다,10,36,0.23213317315875248,mid(15~30%),val,zk_01032
train,19461,138,10.500375,16000,뭐니뭐니해도 가장 큰 위협은 기술장벽이 낮아진 가운데 후발 중소업체들의 공세를 이길 수 있는 대책이 없다는 것이다,16,48,0.16580486954170362,mid(15~30%),val,zk_01033
train,19462,138,10.54025,16000,서울중부경찰서 을지지구대 양모 경위와 이모 경장은 신고 내용과 유사한 오토바이를 발견했다는 공조 요청을 받고 현장에 출동했다,16,54,0.16517761030468595,mid(15~30%),val,zk_01034
train,19466,138,6.8891875,16000,이후 중국 정부에서 우리나라와 같이 표준화된 매뉴얼을 쓸 것으로 기대하고 있다,11,33,0.25271678365757444,mid(15~30%),val,zk_01035
train,19472,138,8.0646875,16000,만일 휴대 전화를 갖기로 결정하였다면 휴대 전화의 종이 아니라 주인이 되겠다고 결심하십시오,12,39,0.21588106259715162,mid(15~30%),val,zk_01036
train,19479,138,8.37425,16000,혹시라도 두 살과 네 살짜리 언니들이 카이라가 예쁘다고 손이나 발이라도 만지면 안되기 때문입니다,13,41,0.20790080389455368,mid(15~30%),val,zk_01037
train,19504,138,5.6465625,16000,삼성중공업의 영업이익이 팔 년 만에 최저수준으로 떨어졌다,7,25,0.3083315392354138,high(30%~),val,zk_01038
train,19506,138,9.7830625,16000,지난달 이십 삼 일도 티앙주 원전 일 호기 원자로가 펌프 부분에서 문제가 발생해 가동을 중단했다,15,39,0.17796199370227536,mid(15~30%),val,zk_01039
train,14891,140,6.528,16000,그 전까지는 평균 세 시간에 달하는 전시장 이동과정을 거쳐야 하는 것이다,11,30,0.266699342373463,mid(15~30%),val,zk_01040
train,14894,140,11.1756875,16000,또한 박 전 대통령 측은 앞으로 검찰 수사와 관련해 수사 내용에 대한 입장뿐 아니라 변호인단의 활동 상황 등도 소상하게 공개한다는 방침이다,21,57,0.15578579009246332,mid(15~30%),val,zk_01041
train,14927,140,6.726875,16000,김 씨와 장 씨가 강남의 한 음식점에서 함께 식사를 한 바로 다음 날이었다,13,29,0.25881457690442683,mid(15~30%),val,zk_01042
train,14940,140,7.9395625,16000,이동통신업체들이 가장 많은 보조금을 받을 수 있던 요금제 기준을 지금보다 낮추는 방안을 추진한다,13,41,0.21928328003135766,mid(15~30%),val,zk_01043
train,14943,140,8.083625,16000,중력파 천문학이 기존 천문학과 다른 점은 중력파로 볼 수 있는 현상은 터지기를 기다려야 한다,14,38,0.21537531825313103,mid(15~30%),val,zk_01044
train,14959,140,9.3284375,16000,사회모임에서는 별다른 신분 확인이 없는 데다 남들에게 어떻게 보이는지 무슨 말을 하는지가 중요하다는 점을 노린 것이다,16,50,0.1866350401140562,mid(15~30%),val,zk_01045
train,14965,140,8.61,16000,제 어머니는 아버지를 쫓아 중국 난징에서 충칭으로 우리와 함께 먼 길에 올랐다 병을 얻어 돌아가셨어요,15,42,0.2022082818831552,mid(15~30%),val,zk_01046
train,14970,140,6.5844375,16000,정문현 사업자 신고만 하면 그냥 별다른 검사 없이 그냥 할 수 있는 거죠,13,28,0.2644133697091006,mid(15~30%),val,zk_01047
train,14976,140,6.8139375,16000,사실 한 성서 필자는 마음속에서 일어나는 그러한 충돌을 싸움으로 묘사했습니다,10,33,0.25550767188779855,mid(15~30%),val,zk_01048
train,14978,140,5.649875,16000,그러면서 일기를 읽어 보고 소감을 써 주시겠다고 말씀하셨어요,8,26,0.30815076563887983,high(30%~),val,zk_01049
train,17401,145,6.12375,16000,가방을 비롯한 수하물들을 컨베이어 벨트 위에 가능한 한 납작하게 올려놓으십시오,10,34,0.28430509198023535,mid(15~30%),val,zk_01050
train,17404,145,6.2645625,16000,유닛 활동으로도 보여드릴 수 있는 게 많은 그룹이라고 생각합니다라고 답했다,10,32,0.2779145881318873,mid(15~30%),val,zk_01051
train,17431,145,8.2745,16000,르몬은 한 허리케인 구름의 한 세제곱미터에 들어 있는 물의 무게를 추산하여 그 값에 허리케인의 전체 부피를 곱해 보았다,18,49,0.21040707076125037,mid(15~30%),val,zk_01052
train,17435,145,11.74425,16000,이천 십 육 년 면접에서 이세영은 엑셀 컴퓨터활용능력 한국사 한자 병아리감별사 미니어처만들기 장의사 우주비행사 자격증을 갖고도 경력이 없다며 무시당한다,19,66,0.1482438901602032,low(~15%),val,zk_01053
train,17449,145,8.5663125,16000,또 이 광고들은 정확한 정부의 선팅 규제 기준이나 짙은 선팅을 했을 때 발생할 수 있는 위험 등에 대해서는 설명하지 않는다,20,49,0.203239527744752,mid(15~30%),val,zk_01054
train,17455,145,6.767875,16000,하지만 검찰 조사에서는 누구도 이 전 총리의 의혹과 관련해 비타 오백 상자를 거론한 인물이 없었다,15,40,0.25724667004251206,mid(15~30%),val,zk_01055
train,17469,145,6.2365,16000,파업의 영향으로 전철이 지연되는 등 불편을 겪은 시민들이 많았을 겁니다,10,30,0.2791651257939495,mid(15~30%),val,zk_01056
train,17492,145,8.4193125,16000,벌레가 든 도마뱀을 잡아 먹은 뱀은 무려 사십 인치에 달했지만 아직 성체가 되지 못한 어린 뱀으로 추정됐다,17,43,0.2067880610220806,mid(15~30%),val,zk_01057
train,17513,145,6.894,16000,일본에서는 당시의 태풍을 신풍 즉 국가를 수호한 신성한 바람이라고 일컫는다,10,32,0.252540369453723,mid(15~30%),val,zk_01058
train,17514,145,6.2635,16000,데니아 수가 클수록 실도 굵어져 천이 튼튼하다는 얘기고 무게도 제법 나간다는 뜻이다,12,35,0.2779617317815864,mid(15~30%),val,zk_01059
train,2151,160,6.46275,16000,성빈센트병원 제공신경외과 전문의들은 흔히 혈관을 택배기사에 비유한다,7,31,0.2693920246046909,mid(15~30%),val,zk_01060
train,2157,160,7.6054375,16000,그러나 새정치민주연합은 당시 야당이던 한나라당이 요청했다는 기존 입장을 고수하고 있다,10,38,0.22891691727319646,mid(15~30%),val,zk_01061
train,2163,160,9.9086875,16000,그들이 발견한 바에 따르면 악성 종양 세포는 어떤 방법으로인가 그러한 세포 시계를 무시하고 무한정 분열하였습니다,15,48,0.17570574377423512,mid(15~30%),val,zk_01062
train,2167,160,9.612875,16000,그래서 자원 봉사를 조직하는 사람들은 인력 부족으로 난감해하고 있으며 자원 봉사 프로그램에 참여할 인원을 구하느라고 애를 먹고 있다,18,56,0.18111265433223317,mid(15~30%),val,zk_01063
train,2176,160,10.913,16000,서울중부경찰서 을지지구대 양모 경위와 이모 경장은 신고 내용과 유사한 오토바이를 발견했다는 공조 요청을 받고 현장에 출동했다,16,54,0.15953571951012244,mid(15~30%),val,zk_01064
train,2181,160,12.345375,16000,미국 로스앤젤레스에서 서류상 등록만으로 학생비자를 유지시켜주는 가짜 대학교를 세워 수백만 달러를 벌어온 한국계 운영자 일당이 십 일 일 연방 당국의 단속에 적발됐다,22,70,0.14102555062231534,low(~15%),val,zk_01065
train,2194,160,9.360625,16000,와이제이콥스메디칼이요 안 수석은 먼저 박 씨가 보낸 선물에 대해 아내로부터 점수를 많이 땄다며 고마움을 표시합니다,15,49,0.18599327577100525,mid(15~30%),val,zk_01066
train,2197,160,9.2236875,16000,이런 결의의 취지에 비춰 퇴임 직후 사무총장이 피해야 할 정부직은 좁게는 임명직 넓게는 선출직까지 포괄하는 것으로 볼 수 있다,19,52,0.1887545850847577,mid(15~30%),val,zk_01067
train,2211,160,7.8719375,16000,하지만 성서에서 하느님께서는 그분이 땅 끝까지 전쟁을 그치게 하실 것이라고 약속하십니다,11,38,0.22116706427280022,mid(15~30%),val,zk_01068
train,2212,160,6.79225,16000,롯데마트는 당시 자체 브랜드 와이즐렉 가습기 살균제를 만들어 판매했다,9,30,0.2563235020816322,mid(15~30%),val,zk_01069
train,6400,169,8.0045625,16000,수도권에선 서울이 영 쩜 일 오 퍼센트를 기록하며 서른 아홉 주 연속 상승했고 경기와 인천도 오름세를 이어갔다,17,45,0.21750261891439615,mid(15~30%),val,zk_01070
train,6406,169,8.396625,16000,대학 내 군사 문화의 문제점을 짚는 이 글에는 예비역을 백 퍼센트 적으로 상정하고라는 문구가 포함돼 있었다,16,44,0.20734679791153782,mid(15~30%),val,zk_01071
train,6410,169,7.562875,16000,알 자우비의 가족은 아홉 개월간 여러 차례 서류작업 면접 등을 거치고 나서야 미국 이주 허가를 받았다,16,41,0.2302052205033094,mid(15~30%),val,zk_01072
train,6416,169,5.1450625,16000,급할수록 돌아가라 이해와 인내 사이노출 천장과 도장한 벽체로 포인트를 준 주택 방 모습,13,36,0.33838525907391137,high(30%~),val,zk_01073
train,6423,169,7.8231875,16000,해 공군및 해병대 특수부대들을 통합 관리하는 통합특수전사령부 예하 병력의 급증 때문이다,11,38,0.22254526138021952,mid(15~30%),val,zk_01074
train,6424,169,6.397875,16000,그는 불안한 마음이 없진 않지만 생활비로 월 육십 만원만 쓰기 때문에 일 년은 별걱정 없다,15,36,0.2721236827874827,mid(15~30%),val,zk_01075
train,6430,169,7.839625,16000,방승범 간사는 찾아오는 분들을 보면 한 번 대리기사를 시작하면 쉽게 빠져나가지 못하는 것 같다고 덧붙였다,15,44,0.22207864623804915,mid(15~30%),val,zk_01076
train,6435,169,8.771125,16000,김문수 전 경기지사는 십 삼 일 대구를 떠나 수도권 험지에 출마하라는 일각의 요구에 대해 저는 수성갑에 뼈를 묻어야 되겠다고 일축했다,20,55,0.19849372879920948,mid(15~30%),val,zk_01077
train,6437,169,6.7630625,16000,사례 일 은 영어유치원에 다니는 아이의 생활이라는 인터넷에서 떠도는 글을 재구성한 것이다,12,38,0.25742972314893825,mid(15~30%),val,zk_01078
train,6440,169,5.23675,16000,크리스티의 청각 장애는 여전히 우리 모두에게 도전이 되는 것입니다,9,28,0.3324606496422335,high(30%~),val,zk_01079
train,21606,172,6.04125,16000,각 가게는 주방장 개성을 담은 라멘을 경쟁적으로 내놓고 방송도 이를 조명한다,11,32,0.2881875947881591,mid(15~30%),val,zk_01080
train,21629,172,6.208625,16000,이천 십 오 년 우리나라 최저임금은 올해보다 칠 쩜 일 퍼센트 증가한 오천 오백 팔십 원이다,16,36,0.2804184995895172,mid(15~30%),val,zk_01081
train,21637,172,12.10125,16000,취임 후 최대폭 사면권 행사 기대 기업인 포함 여부에 관심 박근혜 대통령이 십 삼 일 광복 일흔 주년을 맞아 특별사면을 시행하겠다고 밝히면서 사면 절차와 대상에 관심이 쏠린다,27,71,0.14387053461534685,low(~15%),val,zk_01082
train,21669,172,6.066125,16000,핵무력건설에 대해선 그 역사적 연원을 돌아보며 길게 설명했으니 반복하지 않을게,10,34,0.2870058409633771,mid(15~30%),val,zk_01083
train,21688,172,7.1571875,16000,현지법인과 합작형태로 진출했던 중국은 물론 미국까지 실패하면서 막대한 투자금이 고스란히 부담이 됐다,12,44,0.2432538349755356,mid(15~30%),val,zk_01084
train,21690,172,6.8131875,16000,전 라운드서 선두를 질주하던 첼시가 크리스탈 팰리스에 발목을 잡히면서 이 위 토트넘에 추격 기회가 생겼다,15,44,0.25553579833432827,mid(15~30%),val,zk_01085
train,21703,172,7.463375,16000,그리고 아웃렛은 재고 상품을 싸게 판다고 해서 붙은 이름인데 이런 아웃렛들 정말 물건을 싸게 팔고 있을까요,16,44,0.23327426358905537,mid(15~30%),val,zk_01086
train,21734,172,5.6363125,16000,의학 물리학 생의학 공학 교수인 새뮤얼 위클라인 박사는 이렇게 말했습니다,10,31,0.3088922601459671,high(30%~),val,zk_01087
train,21741,172,11.224,16000,이 신호체계에서는 좌회전 신호 때 당연히 좌회전을 하고 직진 신호 때에도 맞은편에서 다가오는 차량이 없으면 비보호 좌회전을 할 수 있어 좌회전 차량의 소통이 원활해진다,24,70,0.15511522692569193,mid(15~30%),val,zk_01088
train,21756,172,10.2455625,16000,김문수 전 경기지사는 십 삼 일 대구를 떠나 수도권 험지에 출마하라는 일각의 요구에 대해 저는 수성갑에 뼈를 묻어야 되겠다고 일축했다,20,55,0.16992852339868758,mid(15~30%),val,zk_01089
train,12215,175,7.2005,16000,재무제표를 통해서도 기업들이 실물투자보다는 현금성 자산 불리기에 주력하고 있음을 확인할 수 있다,12,42,0.24179061273716634,mid(15~30%),val,zk_01090
train,12234,175,7.9966875,16000,이천 십 이 년 대선 때 국정원 댓글 사건 수사 외압 의혹을 제기했던 권 의원은 작년 칠 월 김한길 안철수 공동대표 때 전략 공천으로 당선됐다,25,55,0.21771681174410856,mid(15~30%),val,zk_01091
train,12238,175,6.474,16000,여덟 시간이나 집을 비웠는데도 재우기만하면 별문제 없을 것이라고 착각했습니다,9,34,0.26892389666573463,mid(15~30%),val,zk_01092
train,12246,175,5.9639375,16000,그에게 한국인이 모르는 민주주의가 무엇이라고 생각하느냐고 직설적으로 물었다,8,34,0.2919234661687796,mid(15~30%),val,zk_01093
train,12251,175,8.2300625,16000,짜왕은 월 매출 백 억 에서 백 삼십 억원을 기록하면서 신라면에 이어 두번째로 잘 팔리는 라면에 당당히 이름을 올렸다,19,47,0.2115431452694273,mid(15~30%),val,zk_01094
train,12267,175,7.33075,16000,서울이나 강원 영서 등 중북부에는 내일 하루만 열 에서 마흔 밀리미터가 오다 그치겠습니다,13,37,0.23749456836121355,mid(15~30%),val,zk_01095
train,12279,175,8.92525,16000,인스타그램의 경우도 검색란에 해시태그와 함께 영문으로 특정 성적 단어를 검색하면 검색 결과가 보이지 않는 등 자체 필터링이 되고 있다,19,56,0.19506605495800858,mid(15~30%),val,zk_01096
train,12283,175,7.9970625,16000,만약 사망할 정도로 큰 충격을 받았다면 부딪치는 소리가 크게 났을 텐데 남자친구가 인지하지 못했다는 것이 의아하다,16,48,0.21770660251985852,mid(15~30%),val,zk_01097
train,12291,175,7.1668125,16000,폭발로 인한 연기는 공항 밖 주차장까지 퍼져나갔고 사람들은 놀라 뛰쳐나가기 바쁩니다,11,36,0.24292714606583696,mid(15~30%),val,zk_01098
train,12297,175,9.071125,16000,대표적인 것이 이명박 정부의 경제정책을 비판하는 글을 다음 아고라 게시판에 올린 박아무개씨를 구속한 미네르바 사건입니다,15,52,0.19192914958331697,mid(15~30%),val,zk_01099
train,4065,188,6.93625,16000,이 여성은 흰색 긴팔 티에 무릎 위까지 내려오는 스커트와 단화를 착용한 것으로 보인다,13,35,0.2510020986864611,mid(15~30%),val,zk_01100
train,4121,188,6.2433125,16000,또한 분류한 내용을 눈에 잘 들어오도록 대여섯 개씩 작은 단위로 묶으십시오,11,31,0.27886050986779315,mid(15~30%),val,zk_01101
train,4124,188,5.34175,16000,특히 저는 어떤 말씀 드리고 싶냐하면 이런 얘기 해드리고 싶어요,10,26,0.32592564365871973,high(30%~),val,zk_01102
train,4221,188,5.999,16000,대부분은 복합적인 국제 정치 상황에서 나오는 좌절을 제게 쏟아내는 거다,10,30,0.29021725404466847,mid(15~30%),val,zk_01103
train,4233,188,10.0520625,16000,중국은 이밖에 만재배수량 이천 에서 사천 팔백 톤에 이르는 상륙함도 다수 보유하고 있는 등 상당한 상륙전 능력을 갖추고 있다,19,51,0.17319961023063338,mid(15~30%),val,zk_01104
train,4261,188,6.672,16000,아파트 안으로 들어가려면 별도의 출입카드가 있어야 해 외부인은 접근하기가 쉽지 않다,11,36,0.2609432414589278,mid(15~30%),val,zk_01105
train,4271,188,7.328125,16000,전체 공급 물량의 팔십 이 퍼센트인 천 팔백 이십 칠 가구가 강남 사 구에 집중됐다,15,32,0.23757964104241755,mid(15~30%),val,zk_01106
train,4281,188,12.7279375,16000,은행 예금을 인출해 도피자금을 마련한 두 사람은 이전까지 쓰던 휴대전화를 비롯해 의료보험 신용카드 교통카드 등 자신들의 행적을 노출할 수 있는 어떤 수단도 쓰지 않았다,24,70,0.13678675802846818,low(~15%),val,zk_01107
train,4317,188,9.1960625,16000,하지만 모나쿠스 가디언 지에서 보도하듯이 동물의 수에 대한 추산은 엄청나게 부정확한 과학이라고 말하지 않을 수 없습니다,16,51,0.18932160443820018,mid(15~30%),val,zk_01108
train,4387,188,7.4270625,16000,집에 아무도 없는 것을 의아해하던 두씨의 여동생은 거실에 생긴 구멍을 보고는 소스라치게 놀랐다,13,40,0.23441479144870078,mid(15~30%),val,zk_01109
train,11140,195,12.4703125,16000,만약 이 사건에서 문제가 된 행위를 형사 처벌하기로 국민적인 합의가 도출된다면 기존의 법으로는 처벌할 수 없기 때문에 그때는 형법이 개정돼야 한다,21,61,0.13961264459202335,low(~15%),val,zk_01110
train,11197,195,6.646625,16000,과학자들은 그들이 만든 기후 모델의 정확성과 신뢰성이 개선되기를 바라고 있습니다,10,35,0.2619394515282517,mid(15~30%),val,zk_01111
train,11243,195,5.4045,16000,연구진은 스마트폰 등에 사용하는 배터리의 수명이 닳는 원리도 알아냈다,9,30,0.3221414204855151,high(30%~),val,zk_01112
train,11309,195,5.8088125,16000,담화문을 발표하는 동안 아랫입술을 질끈 무는 모습을 여러차례 보이기도 했다,10,32,0.2997193156112314,mid(15~30%),val,zk_01113
train,11351,195,6.20075,16000,역경에 처할 때 아내가 보여 주는 힘과 적응력에 나는 지금도 계속 경탄하고 있습니다,13,34,0.28077463323210355,mid(15~30%),val,zk_01114
train,11434,195,10.2300625,16000,그마저도 남편이 다른 회사로 옮기면서 차가 필요해 중고차를 구매하자 지원대상에서 제외됐다,11,39,0.17018598928539938,mid(15~30%),val,zk_01115
train,11450,195,7.0563125,16000,성북구 정릉 이 동 일대를 다니는 마을버스의 첫 배차는 오후 한 시 삼십 분이었다,14,32,0.2467313213543145,mid(15~30%),val,zk_01116
train,11525,195,10.8813125,16000,서울권 대학 교직원 초봉 삼 천만원대 중견기업 수준서울권 대학 교직원의 초임 수준은 학교마다 다르지만 대체로 중견기업 수준이다,17,54,0.1600003039168268,mid(15~30%),val,zk_01117
train,11537,195,12.2538125,16000,업계에서는 중국이 고품질 석유 제품을 국제 수출 시장에 내놓게 되면 국제가격 하락으로 제품 마진이 축소될 수 있다고 우려한다,18,52,0.14207931670359458,low(~15%),val,zk_01118
train,11548,195,8.14375,16000,또한 운전자 열 명 중 여섯 명은 사람들이 난폭하거나 무모하게 운전하는 것을 정기적으로 본다고 말했다,15,42,0.2137852103777702,mid(15~30%),val,zk_01119
