sample_id,speaker,dataset_split,ratio_bin,n_words_replaced,original_text,replaced_tail,new_text,duration,word_count_ok
zk_00000,116,test,low,2,에르도안 정부는 시리아 내전 초기 시리아 반군에 사람과 무기 공급을 용인한 것으로 알려져 극단주의 무장세력 이슬람국가 세력의 성장을 돕는다는 비판도 받았다,칭찬도 받았다,에르도안 정부는 시리아 내전 초기 시리아 반군에 사람과 무기 공급을 용인한 것으로 알려져 극단주의 무장세력 이슬람국가 세력의 성장을 돕는다는 칭찬도 받았다,12.8385,True
zk_00000,116,test,mid,3,에르도안 정부는 시리아 내전 초기 시리아 반군에 사람과 무기 공급을 용인한 것으로 알려져 극단주의 무장세력 이슬람국가 세력의 성장을 돕는다는 비판도 받았다,방해한다는 칭찬도 받았다,에르도안 정부는 시리아 내전 초기 시리아 반군에 사람과 무기 공급을 용인한 것으로 알려져 극단주의 무장세력 이슬람국가 세력의 성장을 방해한다는 칭찬도 받았다,12.8385,True
zk_00000,116,test,high,5,에르도안 정부는 시리아 내전 초기 시리아 반군에 사람과 무기 공급을 용인한 것으로 알려져 극단주의 무장세력 이슬람국가 세력의 성장을 돕는다는 비판도 받았다,세력의 약화를 막는다는 평가도 받았다,에르도안 정부는 시리아 내전 초기 시리아 반군에 사람과 무기 공급을 용인한 것으로 알려져 극단주의 무장세력 이슬람국가 세력의 약화를 막는다는 평가도 받았다,12.8385,True
zk_00001,116,test,low,2,재무제표를 통해서도 기업들이 실물투자보다는 현금성 자산 불리기에 주력하고 있음을 확인할 수 있다,없지 않다,재무제표를 통해서도 기업들이 실물투자보다는 현금성 자산 불리기에 주력하고 있음을 확인할 없지 않다,8.16825,True
zk_00001,116,test,mid,3,재무제표를 통해서도 기업들이 실물투자보다는 현금성 자산 불리기에 주력하고 있음을 확인할 수 있다,확인할 수 없다,재무제표를 통해서도 기업들이 실물투자보다는 현금성 자산 불리기에 주력하고 있음을 확인할 수 없다,8.16825,True
zk_00001,116,test,high,5,재무제표를 통해서도 기업들이 실물투자보다는 현금성 자산 불리기에 주력하고 있음을 확인할 수 있다,주력하지 않음을 알 수 있다,재무제표를 통해서도 기업들이 실물투자보다는 현금성 자산 불리기에 주력하지 않음을 알 수 있다,8.16825,True
zk_00002,116,test,low,2,또한 외국인들이 폰페이에 질병을 옮겨서 인구가 격감했다고 말하는 사람들도 있습니다,사람들도 없습니다,또한 외국인들이 폰페이에 질병을 옮겨서 인구가 격감했다고 말하는 사람들도 없습니다,7.3209375,True
zk_00002,116,test,mid,3,또한 외국인들이 폰페이에 질병을 옮겨서 인구가 격감했다고 말하는 사람들도 있습니다,침묵하는 사람들도 있습니다,또한 외국인들이 폰페이에 질병을 옮겨서 인구가 격감했다고 침묵하는 사람들도 있습니다,7.3209375,True
zk_00002,116,test,high,5,또한 외국인들이 폰페이에 질병을 옮겨서 인구가 격감했다고 말하는 사람들도 있습니다,인구가 증가했다고 말하는 사람들도 있습니다,또한 외국인들이 폰페이에 질병을 옮겨서 인구가 증가했다고 말하는 사람들도 있습니다,7.3209375,True
zk_00003,116,test,low,2,여덟 명만 불러서 조사하고 말아서는 안되는 것 아닌가라고 말했다,맞다고 말했다,여덟 명만 불러서 조사하고 말아서는 안되는 것 맞다고 말했다,6.023875,True
zk_00003,116,test,mid,3,여덟 명만 불러서 조사하고 말아서는 안되는 것 아닌가라고 말했다,것 맞다고 했다,여덟 명만 불러서 조사하고 말아서는 안되는 것 맞다고 했다,6.023875,True
zk_00003,116,test,high,5,여덟 명만 불러서 조사하고 말아서는 안되는 것 아닌가라고 말했다,해야 하는 것이 맞다고 말했다,여덟 명만 불러서 조사하고 해야 하는 것이 맞다고 말했다,6.023875,True
zk_00004,116,test,low,2,홈쇼핑은 선택관광과 관련해선 상품 가격에 포함되지 않았다는 자막만 짧게 보여줬다,길게 설명했다,홈쇼핑은 선택관광과 관련해선 상품 가격에 포함되지 않았다는 자막만 길게 설명했다,8.100375,True
zk_00004,116,test,mid,3,홈쇼핑은 선택관광과 관련해선 상품 가격에 포함되지 않았다는 자막만 짧게 보여줬다,자막을 길게 표시했다,홈쇼핑은 선택관광과 관련해선 상품 가격에 포함되지 않았다는 자막을 길게 표시했다,8.100375,True
zk_00004,116,test,high,5,홈쇼핑은 선택관광과 관련해선 상품 가격에 포함되지 않았다는 자막만 짧게 보여줬다,포함되었다는 자막을 매우 길게 보여줬다,홈쇼핑은 선택관광과 관련해선 상품 가격에 포함되었다는 자막을 매우 길게 보여줬다,8.100375,True
zk_00005,116,test,low,2,대한변협은 당시 수사에 관여한 경찰들로부터 직무상범죄를 자인받았고 그 중 한 명에게 확인서를 작성받아 재판부에 증거로 제출했다,증거로 제시했다,대한변협은 당시 수사에 관여한 경찰들로부터 직무상범죄를 자인받았고 그 중 한 명에게 확인서를 작성받아 재판부에 증거로 제시했다,12.7201875,True
zk_00005,116,test,mid,3,대한변협은 당시 수사에 관여한 경찰들로부터 직무상범죄를 자인받았고 그 중 한 명에게 확인서를 작성받아 재판부에 증거로 제출했다,재판부에 제출하지 않았다,대한변협은 당시 수사에 관여한 경찰들로부터 직무상범죄를 자인받았고 그 중 한 명에게 확인서를 작성받아 재판부에 제출하지 않았다,12.7201875,True
zk_00005,116,test,high,5,대한변협은 당시 수사에 관여한 경찰들로부터 직무상범죄를 자인받았고 그 중 한 명에게 확인서를 작성받아 재판부에 증거로 제출했다,확인서를 작성받지 않고 즉시 폐기했다,대한변협은 당시 수사에 관여한 경찰들로부터 직무상범죄를 자인받았고 그 중 한 명에게 확인서를 작성받지 않고 즉시 폐기했다,12.7201875,True
zk_00006,116,test,low,2,사고 당시 청와대는 진도에서 여객선 조난신고가 왔냐며 배의 이름 도착 예정지 몇 톤 급인지에 정보를 요구했다,정보를 제공했다,사고 당시 청와대는 진도에서 여객선 조난신고가 왔냐며 배의 이름 도착 예정지 몇 톤 급인지에 정보를 제공했다,9.4350625,True
zk_00006,116,test,mid,3,사고 당시 청와대는 진도에서 여객선 조난신고가 왔냐며 배의 이름 도착 예정지 몇 톤 급인지에 정보를 요구했다,정보를 거부했다,사고 당시 청와대는 진도에서 여객선 조난신고가 왔냐며 배의 이름 도착 예정지 몇 톤 정보를 거부했다,9.4350625,False
zk_00006,116,test,high,5,사고 당시 청와대는 진도에서 여객선 조난신고가 왔냐며 배의 이름 도착 예정지 몇 톤 급인지에 정보를 요구했다,몇 톤 급인지에 정보를 제공했다,사고 당시 청와대는 진도에서 여객선 조난신고가 왔냐며 배의 이름 도착 예정지 몇 톤 급인지에 정보를 제공했다,9.4350625,True
zk_00007,116,test,low,2,시어머니 모시는 문제로 사이가 나빠져 별거했고 이혼을 고려하던 상태였다,무시하던 상태였다,시어머니 모시는 문제로 사이가 나빠져 별거했고 이혼을 무시하던 상태였다,7.461125,True
zk_00007,116,test,mid,3,시어머니 모시는 문제로 사이가 나빠져 별거했고 이혼을 고려하던 상태였다,재결합을 추진했다,시어머니 모시는 문제로 사이가 나빠져 별거했고 재결합을 추진했다,7.461125,False
zk_00007,116,test,high,5,시어머니 모시는 문제로 사이가 나빠져 별거했고 이혼을 고려하던 상태였다,좋아져 재결합하고 결혼을 지속하던 상태였다,시어머니 모시는 문제로 사이가 좋아져 재결합하고 결혼을 지속하던 상태였다,7.461125,True
zk_00008,116,test,low,2,때문에 박 대통령이 이때까지도 상황 파악을 제대로 못하고 있었던 것 아니냐는 지적이 나왔다,지적이 없었다,때문에 박 대통령이 이때까지도 상황 파악을 제대로 못하고 있었던 것 아니냐는 지적이 없었다,7.648125,True
zk_00008,116,test,mid,3,때문에 박 대통령이 이때까지도 상황 파악을 제대로 못하고 있었던 것 아니냐는 지적이 나왔다,맞다는 지적이 나왔다,때문에 박 대통령이 이때까지도 상황 파악을 제대로 못하고 있었던 것 맞다는 지적이 나왔다,7.648125,True
zk_00008,116,test,high,5,때문에 박 대통령이 이때까지도 상황 파악을 제대로 못하고 있었던 것 아니냐는 지적이 나왔다,없었던 것 아니냐는 주장이 제기되었다,때문에 박 대통령이 이때까지도 상황 파악을 제대로 못하고 없었던 것 아니냐는 주장이 제기되었다,7.648125,True
zk_00009,116,test,low,2,박 대통령의 지지율이 국정교과서 정국 이후 하락 추세를 보이고 있는 점도 작용했을 가능성이 있다,불가능해 보인다,박 대통령의 지지율이 국정교과서 정국 이후 하락 추세를 보이고 있는 점도 작용했을 불가능해 보인다,8.1958125,True
zk_00009,116,test,mid,3,박 대통령의 지지율이 국정교과서 정국 이후 하락 추세를 보이고 있는 점도 작용했을 가능성이 있다,작용하지 않았을 것이다,박 대통령의 지지율이 국정교과서 정국 이후 하락 추세를 보이고 있는 점도 작용하지 않았을 것이다,8.1958125,True
zk_00009,116,test,high,5,박 대통령의 지지율이 국정교과서 정국 이후 하락 추세를 보이고 있는 점도 작용했을 가능성이 있다,없는 점도 작용하지 않았을 것이다,박 대통령의 지지율이 국정교과서 정국 이후 하락 추세를 보이고 없는 점도 작용하지 않았을 것이다,8.1958125,True
zk_00010,121,test,low,2,유열씨는 일본 국적자로 분류되면서 군대를 가지 않았다,가고 있다,유열씨는 일본 국적자로 분류되면서 군대를 가고 있다,5.284,True
zk_00010,121,test,mid,3,유열씨는 일본 국적자로 분류되면서 군대를 가지 않았다,군대를 잘 다녀왔다,유열씨는 일본 국적자로 분류되면서 군대를 잘 다녀왔다,5.284,True
zk_00010,121,test,high,5,유열씨는 일본 국적자로 분류되면서 군대를 가지 않았다,국적자로 분류되면서 군대를 잘 다녀왔다,유열씨는 일본 국적자로 분류되면서 군대를 잘 다녀왔다,5.284,True
zk_00011,121,test,low,2,당시는 시민들이 귀가하는 시간대였는데요 버스가 제자리에 없자 적지 않은 승객들이 추운 날씨 속에 버스를 더 오랫동안 기다려야 했습니다,기다리지 않았습니다,당시는 시민들이 귀가하는 시간대였는데요 버스가 제자리에 없자 적지 않은 승객들이 추운 날씨 속에 버스를 더 오랫동안 기다리지 않았습니다,10.1035625,True
zk_00011,121,test,mid,3,당시는 시민들이 귀가하는 시간대였는데요 버스가 제자리에 없자 적지 않은 승객들이 추운 날씨 속에 버스를 더 오랫동안 기다려야 했습니다,곧바로 끝이 났습니다,당시는 시민들이 귀가하는 시간대였는데요 버스가 제자리에 없자 적지 않은 승객들이 추운 날씨 속에 버스를 더 곧바로 끝이 났습니다,10.1035625,True
zk_00011,121,test,high,5,당시는 시민들이 귀가하는 시간대였는데요 버스가 제자리에 없자 적지 않은 승객들이 추운 날씨 속에 버스를 더 오랫동안 기다려야 했습니다,버스를 곧바로 탈 수 있었습니다,당시는 시민들이 귀가하는 시간대였는데요 버스가 제자리에 없자 적지 않은 승객들이 추운 날씨 속에 버스를 곧바로 탈 수 있었습니다,10.1035625,True
zk_00012,121,test,low,2,그래야 아내가 내게서 위로와 힘을 얻을 수 있을 거라고 생각했거든요,아니라고 생각했거든요,그래야 아내가 내게서 위로와 힘을 얻을 수 있을 아니라고 생각했거든요,5.9018125,True
zk_00012,121,test,mid,3,그래야 아내가 내게서 위로와 힘을 얻을 수 있을 거라고 생각했거든요,없을 거라고 생각했거든요,그래야 아내가 내게서 위로와 힘을 얻을 수 없을 거라고 생각했거든요,5.9018125,True
zk_00012,121,test,high,5,그래야 아내가 내게서 위로와 힘을 얻을 수 있을 거라고 생각했거든요,얻을 수 없을 거라고 생각했거든요,그래야 아내가 내게서 위로와 힘을 얻을 수 없을 거라고 생각했거든요,5.9018125,True
zk_00013,121,test,low,2,인류 역사 시초에 한 영적 피조물이 전능하신 하느님을 반역했습니다,하느님을 경배했습니다,인류 역사 시초에 한 영적 피조물이 전능하신 하느님을 경배했습니다,6.5838125,True
zk_00013,121,test,mid,3,인류 역사 시초에 한 영적 피조물이 전능하신 하느님을 반역했습니다,전능하신 하느님을 경배했습니다,인류 역사 시초에 한 영적 피조물이 전능하신 하느님을 경배했습니다,6.5838125,True
zk_00013,121,test,high,5,인류 역사 시초에 한 영적 피조물이 전능하신 하느님을 반역했습니다,영적 피조물이 전능하신 하느님을 숭배했습니다,인류 역사 시초에 한 영적 피조물이 전능하신 하느님을 숭배했습니다,6.5838125,True
zk_00014,121,test,low,2,경찰이 오는 십 일부터 메르스 여파로 일시 중단했던 음주단속을 재개하고 최근 불거지고 있는 보복운전에 대한 특별단속을 시행한다,특별단속을 중단한다,경찰이 오는 십 일부터 메르스 여파로 일시 중단했던 음주단속을 재개하고 최근 불거지고 있는 보복운전에 대한 특별단속을 중단한다,9.8729375,True
zk_00014,121,test,mid,3,경찰이 오는 십 일부터 메르스 여파로 일시 중단했던 음주단속을 재개하고 최근 불거지고 있는 보복운전에 대한 특별단속을 시행한다,대한 특별단속을 중단한다,경찰이 오는 십 일부터 메르스 여파로 일시 중단했던 음주단속을 재개하고 최근 불거지고 있는 보복운전에 대한 특별단속을 중단한다,9.8729375,True
zk_00014,121,test,high,5,경찰이 오는 십 일부터 메르스 여파로 일시 중단했던 음주단속을 재개하고 최근 불거지고 있는 보복운전에 대한 특별단속을 시행한다,보복운전을 방치하기로 결정했다,경찰이 오는 십 일부터 메르스 여파로 일시 중단했던 음주단속을 재개하고 최근 불거지고 보복운전을 방치하기로 결정했다,9.8729375,False
zk_00015,121,test,low,2,독일을 보호하기 위하여 회스는 약 이백 만 명의 인명을 앗아 가는 일을 지휘하였는데 그중 대부분이 유대인이었습니다,대부분이 기독교인이었습니다,독일을 보호하기 위하여 회스는 약 이백 만 명의 인명을 앗아 가는 일을 지휘하였는데 그중 대부분이 기독교인이었습니다,9.5360625,True
zk_00015,121,test,mid,3,독일을 보호하기 위하여 회스는 약 이백 만 명의 인명을 앗아 가는 일을 지휘하였는데 그중 대부분이 유대인이었습니다,대부분이 기독교인들 이었습니다,독일을 보호하기 위하여 회스는 약 이백 만 명의 인명을 앗아 가는 일을 지휘하였는데 대부분이 기독교인들 이었습니다,9.5360625,True
zk_00015,121,test,high,5,독일을 보호하기 위하여 회스는 약 이백 만 명의 인명을 앗아 가는 일을 지휘하였는데 그중 대부분이 유대인이었습니다,일을 지휘하였는데 그중 대부분이 기독교인이었습니다,독일을 보호하기 위하여 회스는 약 이백 만 명의 인명을 앗아 가는 일을 지휘하였는데 그중 대부분이 기독교인이었습니다,9.5360625,True
zk_00016,121,test,low,2,글로벌 경제는 이천 칠 년 미국의 서브프라임 사태 이전까지 미국을 비롯한 선진국의 소비를 기초로 성장했다,기초로 쇠퇴했다,글로벌 경제는 이천 칠 년 미국의 서브프라임 사태 이전까지 미국을 비롯한 선진국의 소비를 기초로 쇠퇴했다,8.97,True
zk_00016,121,test,mid,3,글로벌 경제는 이천 칠 년 미국의 서브프라임 사태 이전까지 미국을 비롯한 선진국의 소비를 기초로 성장했다,투자를 통해 성장했다,글로벌 경제는 이천 칠 년 미국의 서브프라임 사태 이전까지 미국을 비롯한 선진국의 투자를 통해 성장했다,8.97,True
zk_00016,121,test,high,5,글로벌 경제는 이천 칠 년 미국의 서브프라임 사태 이전까지 미국을 비롯한 선진국의 소비를 기초로 성장했다,비롯한 선진국의 소비를 제한하였다,글로벌 경제는 이천 칠 년 미국의 서브프라임 사태 이전까지 미국을 비롯한 선진국의 소비를 제한하였다,8.97,False
zk_00017,121,test,low,2,아이 찾는다고 공원 터미널 등을 위험한 줄도 모르고 헤매고 다녔다고 말했다,안 갔다고,아이 찾는다고 공원 터미널 등을 위험한 줄도 모르고 헤매고 안 갔다고,6.5631875,True
zk_00017,121,test,mid,3,아이 찾는다고 공원 터미널 등을 위험한 줄도 모르고 헤매고 다녔다고 말했다,길을 찾았다고 말했다,아이 찾는다고 공원 터미널 등을 위험한 줄도 모르고 길을 찾았다고 말했다,6.5631875,True
zk_00017,121,test,high,5,아이 찾는다고 공원 터미널 등을 위험한 줄도 모르고 헤매고 다녔다고 말했다,길을 알고 정확히 갔다고 말했다,아이 찾는다고 공원 터미널 등을 위험한 길을 알고 정확히 갔다고 말했다,6.5631875,True
zk_00018,121,test,low,2,김성현씨를 매개하지 않고서도 차씨와 최씨 사이의 연결고리는 다양하다,연결고리는 없다,김성현씨를 매개하지 않고서도 차씨와 최씨 사이의 연결고리는 없다,6.7549375,True
zk_00018,121,test,mid,3,김성현씨를 매개하지 않고서도 차씨와 최씨 사이의 연결고리는 다양하다,사이의 연결고리는 단순하다,김성현씨를 매개하지 않고서도 차씨와 최씨 사이의 연결고리는 단순하다,6.7549375,True
zk_00018,121,test,high,5,김성현씨를 매개하지 않고서도 차씨와 최씨 사이의 연결고리는 다양하다,차씨와 최씨 사이는 연결되지 않았다,김성현씨를 매개하지 않고서도 차씨와 최씨 사이는 연결되지 않았다,6.7549375,True
zk_00019,121,test,low,2,농민들을 위해 가장 절실한 의료법인 설립도 준비 중이다,완료 됐다,농민들을 위해 가장 절실한 의료법인 설립도 완료 됐다,5.5433125,True
zk_00019,121,test,mid,3,농민들을 위해 가장 절실한 의료법인 설립도 준비 중이다,설립은 이미 완료됐다,농민들을 위해 가장 절실한 의료법인 설립은 이미 완료됐다,5.5433125,True
zk_00019,121,test,high,5,농민들을 위해 가장 절실한 의료법인 설립도 준비 중이다,의료법인 설립은 진행되지 않고 있다,농민들을 위해 가장 의료법인 설립은 진행되지 않고 있다,5.5433125,True
zk_00020,127,test,low,2,모래시계는 이미 오래 전에 고장이 났고 이제는 더 이상 작동하지 않는 것 같습니다,아닌 것 같습니다,모래시계는 이미 오래 전에 고장이 났고 이제는 더 이상 작동하지 않는 아닌 것 같습니다,6.53875,False
zk_00020,127,test,mid,3,모래시계는 이미 오래 전에 고장이 났고 이제는 더 이상 작동하지 않는 것 같습니다,하는 것 같습니다,모래시계는 이미 오래 전에 고장이 났고 이제는 더 이상 작동하지 하는 것 같습니다,6.53875,True
zk_00020,127,test,high,5,모래시계는 이미 오래 전에 고장이 났고 이제는 더 이상 작동하지 않는 것 같습니다,정상적으로 작동하는 것으로 보입니다,모래시계는 이미 오래 전에 고장이 났고 이제는 더 정상적으로 작동하는 것으로 보입니다,6.53875,False
zk_00021,127,test,low,2,입소문이 나자 낙동강유역환경청은 지난해 삼 월 뉴트리아 퇴치전담반을 꾸리고 전씨를 퇴치반장으로 스카우트했다,제명했다,입소문이 나자 낙동강유역환경청은 지난해 삼 월 뉴트리아 퇴치전담반을 꾸리고 전씨를 제명했다,9.14725,False
zk_00021,127,test,mid,3,입소문이 나자 낙동강유역환경청은 지난해 삼 월 뉴트리아 퇴치전담반을 꾸리고 전씨를 퇴치반장으로 스카우트했다,전씨를 퇴치반장으로 제외했다,입소문이 나자 낙동강유역환경청은 지난해 삼 월 뉴트리아 퇴치전담반을 꾸리고 전씨를 퇴치반장으로 제외했다,9.14725,True
zk_00021,127,test,high,5,입소문이 나자 낙동강유역환경청은 지난해 삼 월 뉴트리아 퇴치전담반을 꾸리고 전씨를 퇴치반장으로 스카우트했다,퇴치전담반을 해산하고 전씨를 제외시켰다,입소문이 나자 낙동강유역환경청은 지난해 삼 월 뉴트리아 퇴치전담반을 해산하고 전씨를 제외시켰다,9.14725,False
zk_00022,127,test,low,2,이전에는 경영학과가 취업시장에서 주목을 받았다면 몇년 전부터는 공대생들의 활약이 두드러졌다,활약이 미흡했다,이전에는 경영학과가 취업시장에서 주목을 받았다면 몇년 전부터는 공대생들의 활약이 미흡했다,7.0538125,True
zk_00022,127,test,mid,3,이전에는 경영학과가 취업시장에서 주목을 받았다면 몇년 전부터는 공대생들의 활약이 두드러졌다,공대생들의 부진이 심했다,이전에는 경영학과가 취업시장에서 주목을 받았다면 몇년 전부터는 공대생들의 부진이 심했다,7.0538125,True
zk_00022,127,test,high,5,이전에는 경영학과가 취업시장에서 주목을 받았다면 몇년 전부터는 공대생들의 활약이 두드러졌다,몇년 전부터는 공대생들의 부진이 심했다,이전에는 경영학과가 취업시장에서 주목을 받았다면 몇년 전부터는 공대생들의 부진이 심했다,7.0538125,True
zk_00023,127,test,low,2,그러면서도 사위에 대한 형량이 낮다는 이른바 봐주기 수사 논란에 대해선 정치인 인척을 봐주는 판검사가 있느냐고 발끈하며 결백을 주장했다,죄책감을 드러냈다,그러면서도 사위에 대한 형량이 낮다는 이른바 봐주기 수사 논란에 대해선 정치인 인척을 봐주는 판검사가 있느냐고 발끈하며 죄책감을 드러냈다,11.2328125,True
zk_00023,127,test,mid,3,그러면서도 사위에 대한 형량이 낮다는 이른바 봐주기 수사 논란에 대해선 정치인 인척을 봐주는 판검사가 있느냐고 발끈하며 결백을 주장했다,침착하며 죄책을 인정했다,그러면서도 사위에 대한 형량이 낮다는 이른바 봐주기 수사 논란에 대해선 정치인 인척을 봐주는 판검사가 있느냐고 침착하며 죄책을 인정했다,11.2328125,True
zk_00023,127,test,high,5,그러면서도 사위에 대한 형량이 낮다는 이른바 봐주기 수사 논란에 대해선 정치인 인척을 봐주는 판검사가 있느냐고 발끈하며 결백을 주장했다,판검사가 있느냐고 물었으며 유죄를 인정했다,그러면서도 사위에 대한 형량이 낮다는 이른바 봐주기 수사 논란에 대해선 정치인 인척을 봐주는 판검사가 있느냐고 물었으며 유죄를 인정했다,11.2328125,True
zk_00024,127,test,low,2,배상 방식의 종류는 무상수리에서부터 환불이나 반품 교환 위약금없이 렌털계약 해지 등 다양하다,거의 같다,배상 방식의 종류는 무상수리에서부터 환불이나 반품 교환 위약금없이 렌털계약 해지 거의 같다,9.2679375,True
zk_00024,127,test,mid,3,배상 방식의 종류는 무상수리에서부터 환불이나 반품 교환 위약금없이 렌털계약 해지 등 다양하다,유지 등 동일하다,배상 방식의 종류는 무상수리에서부터 환불이나 반품 교환 위약금없이 렌털계약 유지 등 동일하다,9.2679375,True
zk_00024,127,test,high,5,배상 방식의 종류는 무상수리에서부터 환불이나 반품 교환 위약금없이 렌털계약 해지 등 다양하다,위약금을 내고 렌털계약을 계속 유지한다,배상 방식의 종류는 무상수리에서부터 환불이나 반품 교환 위약금을 내고 렌털계약을 계속 유지한다,9.2679375,True
zk_00025,127,test,low,2,한 온라인 영어학원은 여자 아이돌 그룹의 앨범 재킷 사진에 나온 옷을 강사들에게 똑같이 입히고 비슷한 포즈로 포스터 촬영을 했다,촬영을 안했다,한 온라인 영어학원은 여자 아이돌 그룹의 앨범 재킷 사진에 나온 옷을 강사들에게 똑같이 입히고 비슷한 포즈로 포스터 촬영을 안했다,12.2986875,True
zk_00025,127,test,mid,3,한 온라인 영어학원은 여자 아이돌 그룹의 앨범 재킷 사진에 나온 옷을 강사들에게 똑같이 입히고 비슷한 포즈로 포스터 촬영을 했다,포스터 촬영을 거절했다,한 온라인 영어학원은 여자 아이돌 그룹의 앨범 재킷 사진에 나온 옷을 강사들에게 똑같이 입히고 비슷한 포즈로 포스터 촬영을 거절했다,12.2986875,True
zk_00025,127,test,high,5,한 온라인 영어학원은 여자 아이돌 그룹의 앨범 재킷 사진에 나온 옷을 강사들에게 똑같이 입히고 비슷한 포즈로 포스터 촬영을 했다,다른 포즈로 포스터 촬영을 했다,한 온라인 영어학원은 여자 아이돌 그룹의 앨범 재킷 사진에 나온 옷을 강사들에게 똑같이 입히고 다른 포즈로 포스터 촬영을 했다,12.2986875,True
zk_00026,127,test,low,2,어서 하는 목소리가 들리더니 또 기관총 소리가 들려왔습니다,소리가 안났습니다,어서 하는 목소리가 들리더니 또 기관총 소리가 안났습니다,5.727375,True
zk_00026,127,test,mid,3,어서 하는 목소리가 들리더니 또 기관총 소리가 들려왔습니다,기관총 소리가 사라졌습니다,어서 하는 목소리가 들리더니 또 기관총 소리가 사라졌습니다,5.727375,True
zk_00026,127,test,high,5,어서 하는 목소리가 들리더니 또 기관총 소리가 들려왔습니다,들리더니 더 이상 소리가 없었습니다,어서 하는 목소리가 들리더니 더 이상 소리가 없었습니다,5.727375,True
zk_00027,127,test,low,2,추 회장은 메르스 노출자 관리에 큰 공백이 있어 선의의 병원과 환자들의 피해가 지속적으로 발생하고 있다,해결되고 있다,추 회장은 메르스 노출자 관리에 큰 공백이 있어 선의의 병원과 환자들의 피해가 지속적으로 해결되고 있다,9.1158125,True
zk_00027,127,test,mid,3,추 회장은 메르스 노출자 관리에 큰 공백이 있어 선의의 병원과 환자들의 피해가 지속적으로 발생하고 있다,완전히 해결되어 있다,추 회장은 메르스 노출자 관리에 큰 공백이 있어 선의의 병원과 환자들의 피해가 완전히 해결되어 있다,9.1158125,True
zk_00027,127,test,high,5,추 회장은 메르스 노출자 관리에 큰 공백이 있어 선의의 병원과 환자들의 피해가 지속적으로 발생하고 있다,환자들의 피해가 이미 완전히 해결되었다,추 회장은 메르스 노출자 관리에 큰 공백이 있어 선의의 병원과 환자들의 피해가 이미 완전히 해결되었다,9.1158125,True
zk_00028,127,test,low,2,그런데 이런 시대착오적인 욕설까지 서슴지 않는 사람이 과연 이것만 했을까요,이것도 했어요,그런데 이런 시대착오적인 욕설까지 서슴지 않는 사람이 과연 이것도 했어요,7.8581875,True
zk_00028,127,test,mid,3,그런데 이런 시대착오적인 욕설까지 서슴지 않는 사람이 과연 이것만 했을까요,분명 더 했어요,그런데 이런 시대착오적인 욕설까지 서슴지 않는 사람이 분명 더 했어요,7.8581875,True
zk_00028,127,test,high,5,그런데 이런 시대착오적인 욕설까지 서슴지 않는 사람이 과연 이것만 했을까요,하는 사람이 과연 이것만 했을까요,그런데 이런 시대착오적인 욕설까지 서슴지 하는 사람이 과연 이것만 했을까요,7.8581875,True
zk_00029,127,test,low,2,주변국들이 이런 사업을 가만히 지켜보고 있을 리가 없다,리가 있다,주변국들이 이런 사업을 가만히 지켜보고 있을 리가 있다,6.3295,True
zk_00029,127,test,mid,3,주변국들이 이런 사업을 가만히 지켜보고 있을 리가 없다,있을 수도 있다,주변국들이 이런 사업을 가만히 지켜보고 있을 수도 있다,6.3295,True
zk_00029,127,test,high,5,주변국들이 이런 사업을 가만히 지켜보고 있을 리가 없다,반드시 적극적으로 개입하고 있을 것이다,주변국들이 이런 사업을 반드시 적극적으로 개입하고 있을 것이다,6.3295,True
zk_00030,136,test,low,2,출시와 함께 바나나 트렌드를 업은 초코파이 바나나는 사 월 한 달간 이천 만개가 팔렸다,개도 못팔렸다,출시와 함께 바나나 트렌드를 업은 초코파이 바나나는 사 월 한 달간 이천 개도 못팔렸다,8.8165,True
zk_00030,136,test,mid,3,출시와 함께 바나나 트렌드를 업은 초코파이 바나나는 사 월 한 달간 이천 만개가 팔렸다,이천만개가 안팔렸다,출시와 함께 바나나 트렌드를 업은 초코파이 바나나는 사 월 한 달간 이천만개가 안팔렸다,8.8165,False
zk_00030,136,test,high,5,출시와 함께 바나나 트렌드를 업은 초코파이 바나나는 사 월 한 달간 이천 만개가 팔렸다,한 달간 이천만개가 안팔렸다,출시와 함께 바나나 트렌드를 업은 초코파이 바나나는 사 월 한 달간 이천만개가 안팔렸다,8.8165,False
zk_00031,136,test,low,2,이런 상황에서 상호주의 원칙만을 주장해 한 사람의 인권이 침해되는 일이 벌어지고 있는 겁니다,없는 겁니다,이런 상황에서 상호주의 원칙만을 주장해 한 사람의 인권이 침해되는 일이 벌어지고 없는 겁니다,8.5538125,True
zk_00031,136,test,mid,3,이런 상황에서 상호주의 원칙만을 주장해 한 사람의 인권이 침해되는 일이 벌어지고 있는 겁니다,막혀있는 것 같습니다,이런 상황에서 상호주의 원칙만을 주장해 한 사람의 인권이 침해되는 일이 막혀있는 것 같습니다,8.5538125,True
zk_00031,136,test,high,5,이런 상황에서 상호주의 원칙만을 주장해 한 사람의 인권이 침해되는 일이 벌어지고 있는 겁니다,보호되는 일이 벌어지고 있는 겁니다,이런 상황에서 상호주의 원칙만을 주장해 한 사람의 인권이 보호되는 일이 벌어지고 있는 겁니다,8.5538125,True
zk_00032,136,test,low,2,세계 금융시장이 흔들리면 한국 경제 역시 직간접적인 충격을 피할 수 없을 전망이다,있을 전망이다,세계 금융시장이 흔들리면 한국 경제 역시 직간접적인 충격을 피할 수 있을 전망이다,8.0110625,True
zk_00032,136,test,mid,3,세계 금융시장이 흔들리면 한국 경제 역시 직간접적인 충격을 피할 수 없을 전망이다,있을 수 있다,세계 금융시장이 흔들리면 한국 경제 역시 직간접적인 충격을 피할 있을 수 있다,8.0110625,True
zk_00032,136,test,high,5,세계 금융시장이 흔들리면 한국 경제 역시 직간접적인 충격을 피할 수 없을 전망이다,충격을 충분히 완화할 수 있다,세계 금융시장이 흔들리면 한국 경제 역시 직간접적인 충격을 충분히 완화할 수 있다,8.0110625,True
zk_00033,136,test,low,2,평양에서 단란하게 가정을 꾸리며 행복하게 잘 살았어요,못 살았어요,평양에서 단란하게 가정을 꾸리며 행복하게 못 살았어요,5.6999375,True
zk_00033,136,test,mid,3,평양에서 단란하게 가정을 꾸리며 행복하게 잘 살았어요,불행하게 잘 살았어요,평양에서 단란하게 가정을 꾸리며 불행하게 잘 살았어요,5.6999375,True
zk_00033,136,test,high,5,평양에서 단란하게 가정을 꾸리며 행복하게 잘 살았어요,가정을 포기하며 불행하게 살았어요,평양에서 단란하게 가정을 포기하며 불행하게 살았어요,5.6999375,False
zk_00034,136,test,low,2,경향신문 박근혜 대통령과 비선실세인 최순실씨의 관계를 풍자한 그림,칭찬한 그림,경향신문 박근혜 대통령과 비선실세인 최순실씨의 관계를 칭찬한 그림,9.325125,True
zk_00034,136,test,mid,3,경향신문 박근혜 대통령과 비선실세인 최순실씨의 관계를 풍자한 그림,관계를 찬양한 그림,경향신문 박근혜 대통령과 비선실세인 최순실씨의 관계를 찬양한 그림,9.325125,True
zk_00034,136,test,high,5,경향신문 박근혜 대통령과 비선실세인 최순실씨의 관계를 풍자한 그림,비선실세인 최순실씨의 결백을 입증한 글,경향신문 박근혜 대통령과 비선실세인 최순실씨의 결백을 입증한 글,9.325125,True
zk_00035,136,test,low,2,아밀카는 휘날리는 스카프가 차축에 감기기 더 쉬운 형태의 차라는 점도 이를 뒷받침한다,이를 부정한다,아밀카는 휘날리는 스카프가 차축에 감기기 더 쉬운 형태의 차라는 점도 이를 부정한다,8.4491875,True
zk_00035,136,test,mid,3,아밀카는 휘날리는 스카프가 차축에 감기기 더 쉬운 형태의 차라는 점도 이를 뒷받침한다,점도 이를 부인한다,아밀카는 휘날리는 스카프가 차축에 감기기 더 쉬운 형태의 차라는 점도 이를 부인한다,8.4491875,True
zk_00035,136,test,high,5,아밀카는 휘날리는 스카프가 차축에 감기기 더 쉬운 형태의 차라는 점도 이를 뒷받침한다,형태의 차라는 점도 이를 부정한다,아밀카는 휘날리는 스카프가 차축에 감기기 더 쉬운 형태의 차라는 점도 이를 부정한다,8.4491875,True
zk_00036,136,test,low,2,한편 타이즈는 현재 민병대와 후티 반군이 교전 중에 있다,끝났다,한편 타이즈는 현재 민병대와 후티 반군이 교전 끝났다,6.4835625,False
zk_00036,136,test,mid,3,한편 타이즈는 현재 민병대와 후티 반군이 교전 중에 있다,휴전 중에 있다,한편 타이즈는 현재 민병대와 후티 반군이 휴전 중에 있다,6.4835625,True
zk_00036,136,test,high,5,한편 타이즈는 현재 민병대와 후티 반군이 교전 중에 있다,후티 반군이 평화협상에 참여했다,한편 타이즈는 현재 민병대와 후티 반군이 평화협상에 참여했다,6.4835625,False
zk_00037,136,test,low,2,이른바 동네의원 외래진료 본인부담금 노인정액제가 현행대로 당분간 유지될 것으로 보인다,것으로 드러난다,이른바 동네의원 외래진료 본인부담금 노인정액제가 현행대로 당분간 유지될 것으로 드러난다,9.1265,True
zk_00037,136,test,mid,3,이른바 동네의원 외래진료 본인부담금 노인정액제가 현행대로 당분간 유지될 것으로 보인다,변할 것으로 보인다,이른바 동네의원 외래진료 본인부담금 노인정액제가 현행대로 당분간 변할 것으로 보인다,9.1265,True
zk_00037,136,test,high,5,이른바 동네의원 외래진료 본인부담금 노인정액제가 현행대로 당분간 유지될 것으로 보인다,곧 전면적으로 개편될 것으로 보인다,이른바 동네의원 외래진료 본인부담금 노인정액제가 곧 전면적으로 개편될 것으로 보인다,9.1265,True
zk_00038,136,test,low,2,또 적절하지 않다 이런 비판은 피하기는 어려울 것 같습니다,틀렸을 겁니다,또 적절하지 않다 이런 비판은 피하기는 어려울 틀렸을 겁니다,5.9546875,True
zk_00038,136,test,mid,3,또 적절하지 않다 이런 비판은 피하기는 어려울 것 같습니다,쉬울 것 같습니다,또 적절하지 않다 이런 비판은 피하기는 쉬울 것 같습니다,5.9546875,True
zk_00038,136,test,high,5,또 적절하지 않다 이런 비판은 피하기는 어려울 것 같습니다,칭찬을 받을 것 같습니다,또 적절하지 않다 이런 칭찬을 받을 것 같습니다,5.9546875,False
zk_00039,136,test,low,2,건강 전문가들도 영양과 건강에 대해 흔히 의견의 일치를 보지 못합니다,잘 봅니다,건강 전문가들도 영양과 건강에 대해 흔히 의견의 일치를 잘 봅니다,8.822875,True
zk_00039,136,test,mid,3,건강 전문가들도 영양과 건강에 대해 흔히 의견의 일치를 보지 못합니다,완전히 일치합니다,건강 전문가들도 영양과 건강에 대해 흔히 의견의 완전히 일치합니다,8.822875,False
zk_00039,136,test,high,5,건강 전문가들도 영양과 건강에 대해 흔히 의견의 일치를 보지 못합니다,흔히 의견의 일치를 잘 봅니다,건강 전문가들도 영양과 건강에 대해 흔히 의견의 일치를 잘 봅니다,8.822875,True
zk_00040,141,test,low,2,이 고사총은 대공용이 주임무지만 사람 특히 정적이나 정치범 등을 대상으로 한 것은 북한 외에는 없다는 것이 전문가들의 전언이다,일반인의 추측이다,이 고사총은 대공용이 주임무지만 사람 특히 정적이나 정치범 등을 대상으로 한 것은 북한 외에는 없다는 것이 일반인의 추측이다,10.9168125,True
zk_00040,141,test,mid,3,이 고사총은 대공용이 주임무지만 사람 특히 정적이나 정치범 등을 대상으로 한 것은 북한 외에는 없다는 것이 전문가들의 전언이다,것이 전문가들의 반박이다,이 고사총은 대공용이 주임무지만 사람 특히 정적이나 정치범 등을 대상으로 한 것은 북한 외에는 없다는 것이 전문가들의 반박이다,10.9168125,True
zk_00040,141,test,high,5,이 고사총은 대공용이 주임무지만 사람 특히 정적이나 정치범 등을 대상으로 한 것은 북한 외에는 없다는 것이 전문가들의 전언이다,외에도 많다는 것이 전문가들의 전언이다,이 고사총은 대공용이 주임무지만 사람 특히 정적이나 정치범 등을 대상으로 한 것은 북한 외에도 많다는 것이 전문가들의 전언이다,10.9168125,True
zk_00041,141,test,low,2,그랬더니 강남구 쪽에서 좋은 의견을 내주시는데 왜 제가 안 받겠느냐,받겠느냐 → 주겠느냐,그랬더니 강남구 쪽에서 좋은 의견을 내주시는데 왜 제가 받겠느냐 → 주겠느냐,6.5249375,False
zk_00041,141,test,mid,3,그랬더니 강남구 쪽에서 좋은 의견을 내주시는데 왜 제가 안 받겠느냐,제가 꼭 받겠습니다,그랬더니 강남구 쪽에서 좋은 의견을 내주시는데 왜 제가 꼭 받겠습니다,6.5249375,True
zk_00041,141,test,high,5,그랬더니 강남구 쪽에서 좋은 의견을 내주시는데 왜 제가 안 받겠느냐,내주시는데 왜 제가 안 드리겠냐,그랬더니 강남구 쪽에서 좋은 의견을 내주시는데 왜 제가 안 드리겠냐,6.5249375,True
zk_00042,141,test,low,2,이 수치는 전 세계의 남녀노소 일 인당 백 육십 이 달러에 해당하는 액수이다,해당하지 않는다,이 수치는 전 세계의 남녀노소 일 인당 백 육십 이 달러에 해당하지 않는다,6.94125,True
zk_00042,141,test,mid,3,이 수치는 전 세계의 남녀노소 일 인당 백 육십 이 달러에 해당하는 액수이다,달러보다 훨씬 적다,이 수치는 전 세계의 남녀노소 일 인당 백 육십 이 달러보다 훨씬 적다,6.94125,True
zk_00042,141,test,high,5,이 수치는 전 세계의 남녀노소 일 인당 백 육십 이 달러에 해당하는 액수이다,육십 이 달러보다 훨씬 적다,이 수치는 전 세계의 남녀노소 일 인당 백 육십 이 달러보다 훨씬 적다,6.94125,True
zk_00043,141,test,low,2,또한 이른바 과도기에 있는 나라들 특히 동유럽의 나라들과 구소련의 공화국들에 살고 있는 사람들 중에도 영양 부족 상태에 있는 사람이 이천 칠백 만 명이나 됩니다,명이나 모자랍니다,또한 이른바 과도기에 있는 나라들 특히 동유럽의 나라들과 구소련의 공화국들에 살고 있는 사람들 중에도 영양 부족 상태에 있는 사람이 이천 칠백 만 명이나 모자랍니다,12.5399375,True
zk_00043,141,test,mid,3,또한 이른바 과도기에 있는 나라들 특히 동유럽의 나라들과 구소련의 공화국들에 살고 있는 사람들 중에도 영양 부족 상태에 있는 사람이 이천 칠백 만 명이나 됩니다,명도 모자랍니다,또한 이른바 과도기에 있는 나라들 특히 동유럽의 나라들과 구소련의 공화국들에 살고 있는 사람들 중에도 영양 부족 상태에 있는 사람이 이천 칠백 명도 모자랍니다,12.5399375,False
zk_00043,141,test,high,5,또한 이른바 과도기에 있는 나라들 특히 동유럽의 나라들과 구소련의 공화국들에 살고 있는 사람들 중에도 영양 부족 상태에 있는 사람이 이천 칠백 만 명이나 됩니다,이천 칠백 만 명이 부족합니다,또한 이른바 과도기에 있는 나라들 특히 동유럽의 나라들과 구소련의 공화국들에 살고 있는 사람들 중에도 영양 부족 상태에 있는 사람이 이천 칠백 만 명이 부족합니다,12.5399375,True
zk_00044,141,test,low,2,지하철 일 호선과 칠 호선이 만나는 구로구 온수동도 평당 비용이 삼 만 육천 원 정도로 저렴했다,정도로 비쌌다,지하철 일 호선과 칠 호선이 만나는 구로구 온수동도 평당 비용이 삼 만 육천 원 정도로 비쌌다,8.3621875,True
zk_00044,141,test,mid,3,지하철 일 호선과 칠 호선이 만나는 구로구 온수동도 평당 비용이 삼 만 육천 원 정도로 저렴했다,원 정도로 비쌌다,지하철 일 호선과 칠 호선이 만나는 구로구 온수동도 평당 비용이 삼 만 육천 원 정도로 비쌌다,8.3621875,True
zk_00044,141,test,high,5,지하철 일 호선과 칠 호선이 만나는 구로구 온수동도 평당 비용이 삼 만 육천 원 정도로 저렴했다,삼십만 원 정도로 매우 비쌌다,지하철 일 호선과 칠 호선이 만나는 구로구 온수동도 평당 비용이 삼 삼십만 원 정도로 매우 비쌌다,8.3621875,True
zk_00045,141,test,low,2,어제 새누리당 유승민 원내대표가 담배가격 인상 후 담배를 피우는 어르신들의 고통이 크니 저가담배 정책을 검토해보라는 얘길 했는데 후폭풍이 거셉니다,후폭풍이 약합니다,어제 새누리당 유승민 원내대표가 담배가격 인상 후 담배를 피우는 어르신들의 고통이 크니 저가담배 정책을 검토해보라는 얘길 했는데 후폭풍이 약합니다,12.0205,True
zk_00045,141,test,mid,3,어제 새누리당 유승민 원내대표가 담배가격 인상 후 담배를 피우는 어르신들의 고통이 크니 저가담배 정책을 검토해보라는 얘길 했는데 후폭풍이 거셉니다,했는데 반응이 좋습니다,어제 새누리당 유승민 원내대표가 담배가격 인상 후 담배를 피우는 어르신들의 고통이 크니 저가담배 정책을 검토해보라는 얘길 했는데 반응이 좋습니다,12.0205,True
zk_00045,141,test,high,5,어제 새누리당 유승민 원내대표가 담배가격 인상 후 담배를 피우는 어르신들의 고통이 크니 저가담배 정책을 검토해보라는 얘길 했는데 후폭풍이 거셉니다,검토해보라는 얘길 했는데 호응이 적습니다,어제 새누리당 유승민 원내대표가 담배가격 인상 후 담배를 피우는 어르신들의 고통이 크니 저가담배 정책을 검토해보라는 얘길 했는데 호응이 적습니다,12.0205,True
zk_00046,141,test,low,2,부친은 누군가 동행해 우리 둘만의 시간을 허락하지 않았고 만남은 냉랭했다며 숙소로 안내하지도 않았고 어쩌다 다쳤는지 전투에 참여했는지도 말하지 않았다고 전했다,했다고 전했다,부친은 누군가 동행해 우리 둘만의 시간을 허락하지 않았고 만남은 냉랭했다며 숙소로 안내하지도 않았고 어쩌다 다쳤는지 전투에 참여했는지도 말하지 했다고 전했다,11.8655625,True
zk_00046,141,test,mid,3,부친은 누군가 동행해 우리 둘만의 시간을 허락하지 않았고 만남은 냉랭했다며 숙소로 안내하지도 않았고 어쩌다 다쳤는지 전투에 참여했는지도 말하지 않았다고 전했다,말했다고 확실히 전했다,부친은 누군가 동행해 우리 둘만의 시간을 허락하지 않았고 만남은 냉랭했다며 숙소로 안내하지도 않았고 어쩌다 다쳤는지 전투에 참여했는지도 말했다고 확실히 전했다,11.8655625,True
zk_00046,141,test,high,5,부친은 누군가 동행해 우리 둘만의 시간을 허락하지 않았고 만남은 냉랭했다며 숙소로 안내하지도 않았고 어쩌다 다쳤는지 전투에 참여했는지도 말하지 않았다고 전했다,전투에 참여했다고 분명히 말했다고 전했다,부친은 누군가 동행해 우리 둘만의 시간을 허락하지 않았고 만남은 냉랭했다며 숙소로 안내하지도 않았고 어쩌다 다쳤는지 전투에 참여했다고 분명히 말했다고 전했다,11.8655625,True
zk_00047,141,test,low,2,한일 양국이 위안부 문제에 대해 합의했다고 선언한 지 불과 하루도 되지 않아 후폭풍이 불어 닥쳤다,물러서 갔다,한일 양국이 위안부 문제에 대해 합의했다고 선언한 지 불과 하루도 되지 않아 후폭풍이 물러서 갔다,7.749,True
zk_00047,141,test,mid,3,한일 양국이 위안부 문제에 대해 합의했다고 선언한 지 불과 하루도 되지 않아 후폭풍이 불어 닥쳤다,침묵이 흐르고 있었다,한일 양국이 위안부 문제에 대해 합의했다고 선언한 지 불과 하루도 되지 않아 침묵이 흐르고 있었다,7.749,True
zk_00047,141,test,high,5,한일 양국이 위안부 문제에 대해 합의했다고 선언한 지 불과 하루도 되지 않아 후폭풍이 불어 닥쳤다,성공하여 엄청난 찬사가 쏟아졌다,한일 양국이 위안부 문제에 대해 합의했다고 선언한 지 불과 하루도 성공하여 엄청난 찬사가 쏟아졌다,7.749,False
zk_00048,141,test,low,2,현재 태풍 찬홈은 중국 상하이 남쪽 해안 가까이 올라왔습니다,멀어져 내려갔습니다,현재 태풍 찬홈은 중국 상하이 남쪽 해안 멀어져 내려갔습니다,6.5573125,True
zk_00048,141,test,mid,3,현재 태풍 찬홈은 중국 상하이 남쪽 해안 가까이 올라왔습니다,깊은 바다로 내려갔습니다,현재 태풍 찬홈은 중국 상하이 남쪽 깊은 바다로 내려갔습니다,6.5573125,True
zk_00048,141,test,high,5,현재 태풍 찬홈은 중국 상하이 남쪽 해안 가까이 올라왔습니다,상하이 북쪽 해안 멀리 내려갔습니다,현재 태풍 찬홈은 중국 상하이 북쪽 해안 멀리 내려갔습니다,6.5573125,True
zk_00049,141,test,low,2,이준삼 특파원 중국에서 개인의 성과 이름을 지을 수 있는 성명권을 제한하는 취지의 첫 판결이 나왔다고 중국언론들이 이십 오 일 보도했다,일 부인했다,이준삼 특파원 중국에서 개인의 성과 이름을 지을 수 있는 성명권을 제한하는 취지의 첫 판결이 나왔다고 중국언론들이 이십 오 일 부인했다,11.0530625,True
zk_00049,141,test,mid,3,이준삼 특파원 중국에서 개인의 성과 이름을 지을 수 있는 성명권을 제한하는 취지의 첫 판결이 나왔다고 중국언론들이 이십 오 일 보도했다,오 일 부인했다,이준삼 특파원 중국에서 개인의 성과 이름을 지을 수 있는 성명권을 제한하는 취지의 첫 판결이 나왔다고 중국언론들이 이십 오 일 부인했다,11.0530625,True
zk_00049,141,test,high,5,이준삼 특파원 중국에서 개인의 성과 이름을 지을 수 있는 성명권을 제한하는 취지의 첫 판결이 나왔다고 중국언론들이 이십 오 일 보도했다,중국언론들이 이십 오 일 부인했다,이준삼 특파원 중국에서 개인의 성과 이름을 지을 수 있는 성명권을 제한하는 취지의 첫 판결이 나왔다고 중국언론들이 이십 오 일 부인했다,11.0530625,True
zk_00050,146,test,low,2,계속해서 여러분의 적들을 사랑하고 여러분을 박해하는 사람들을 위하여 기도하십시오,방해하지 마십시오,계속해서 여러분의 적들을 사랑하고 여러분을 박해하는 사람들을 방해하지 마십시오,6.1940625,True
zk_00050,146,test,mid,3,계속해서 여러분의 적들을 사랑하고 여러분을 박해하는 사람들을 위하여 기도하십시오,사람들을 무시하십시오,계속해서 여러분의 적들을 사랑하고 여러분을 박해하는 사람들을 무시하십시오,6.1940625,False
zk_00050,146,test,high,5,계속해서 여러분의 적들을 사랑하고 여러분을 박해하는 사람들을 위하여 기도하십시오,박해하는 사람들을 원망하십시오,계속해서 여러분의 적들을 사랑하고 박해하는 사람들을 원망하십시오,6.1940625,False
zk_00051,146,test,low,2,다만 그는 김 대표가 가져온 정보가 효과가 하나도 없었다,많이 있었다,다만 그는 김 대표가 가져온 정보가 효과가 많이 있었다,5.4324375,True
zk_00051,146,test,mid,3,다만 그는 김 대표가 가져온 정보가 효과가 하나도 없었다,효과가 매우 컸다,다만 그는 김 대표가 가져온 정보가 효과가 매우 컸다,5.4324375,True
zk_00051,146,test,high,5,다만 그는 김 대표가 가져온 정보가 효과가 하나도 없었다,가져온 정보가 매우 효과적으로 작용했다,다만 그는 김 대표가 가져온 정보가 매우 효과적으로 작용했다,5.4324375,True
zk_00052,146,test,low,2,그리고 가장 큰 문제는 상당수 이용자들이 이 면책제도를 자차보험으로 혼동하고 있다는 점입니다,없다는 점입니다,그리고 가장 큰 문제는 상당수 이용자들이 이 면책제도를 자차보험으로 혼동하고 없다는 점입니다,7.7099375,True
zk_00052,146,test,mid,3,그리고 가장 큰 문제는 상당수 이용자들이 이 면책제도를 자차보험으로 혼동하고 있다는 점입니다,구분하고 있다는 점입니다,그리고 가장 큰 문제는 상당수 이용자들이 이 면책제도를 자차보험으로 구분하고 있다는 점입니다,7.7099375,True
zk_00052,146,test,high,5,그리고 가장 큰 문제는 상당수 이용자들이 이 면책제도를 자차보험으로 혼동하고 있다는 점입니다,면책제도를 자차보험과 구분하고 있다는 점입니다,그리고 가장 큰 문제는 상당수 이용자들이 이 면책제도를 자차보험과 구분하고 있다는 점입니다,7.7099375,True
zk_00053,146,test,low,2,아직 사각지역에서 버려지는 아이들과 제도 속에 포함되지 못하는 아이들에 대한 특별한 조치는 제대로 이루어질 필요가 있다,필요 없다,아직 사각지역에서 버려지는 아이들과 제도 속에 포함되지 못하는 아이들에 대한 특별한 조치는 제대로 이루어질 필요 없다,8.9739375,True
zk_00053,146,test,mid,3,아직 사각지역에서 버려지는 아이들과 제도 속에 포함되지 못하는 아이들에 대한 특별한 조치는 제대로 이루어질 필요가 있다,이루어질 수 없다,아직 사각지역에서 버려지는 아이들과 제도 속에 포함되지 못하는 아이들에 대한 특별한 조치는 제대로 이루어질 수 없다,8.9739375,True
zk_00053,146,test,high,5,아직 사각지역에서 버려지는 아이들과 제도 속에 포함되지 못하는 아이들에 대한 특별한 조치는 제대로 이루어질 필요가 있다,조치는 제대로 이루어질 필요가 없다,아직 사각지역에서 버려지는 아이들과 제도 속에 포함되지 못하는 아이들에 대한 특별한 조치는 제대로 이루어질 필요가 없다,8.9739375,True
zk_00054,146,test,low,2,월세 문제로 종종 만나는 건물 관리인이 이 건물에서 황씨를 아는 유일한 사람이었다,여러 사람이었다,월세 문제로 종종 만나는 건물 관리인이 이 건물에서 황씨를 아는 여러 사람이었다,6.85175,True
zk_00054,146,test,mid,3,월세 문제로 종종 만나는 건물 관리인이 이 건물에서 황씨를 아는 유일한 사람이었다,모르는 많은 사람들,월세 문제로 종종 만나는 건물 관리인이 이 건물에서 황씨를 모르는 많은 사람들,6.85175,True
zk_00054,146,test,high,5,월세 문제로 종종 만나는 건물 관리인이 이 건물에서 황씨를 아는 유일한 사람이었다,건물에서 황씨를 전혀 모르는 사람이었다,월세 문제로 종종 만나는 건물 관리인이 이 건물에서 황씨를 전혀 모르는 사람이었다,6.85175,True
zk_00055,146,test,low,2,다만 다른 건 두렵지 않은데 내가 조두순 사건의 피해자라는 걸 주변 사람들이 아는 것이 스트레스라고 말한다,즐거움이라고 한다,다만 다른 건 두렵지 않은데 내가 조두순 사건의 피해자라는 걸 주변 사람들이 아는 것이 즐거움이라고 한다,7.709375,True
zk_00055,146,test,mid,3,다만 다른 건 두렵지 않은데 내가 조두순 사건의 피해자라는 걸 주변 사람들이 아는 것이 스트레스라고 말한다,것이 행복이라고 말한다,다만 다른 건 두렵지 않은데 내가 조두순 사건의 피해자라는 걸 주변 사람들이 아는 것이 행복이라고 말한다,7.709375,True
zk_00055,146,test,high,5,다만 다른 건 두렵지 않은데 내가 조두순 사건의 피해자라는 걸 주변 사람들이 아는 것이 스트레스라고 말한다,사람들이 모르는 것이 행복이라고 말한다,다만 다른 건 두렵지 않은데 내가 조두순 사건의 피해자라는 걸 주변 사람들이 모르는 것이 행복이라고 말한다,7.709375,True
zk_00056,146,test,low,2,울산의 경우 도시 근교농업을 발전시켜 공급하는 체계를 갖춰야 한다며 앞으로 신규 품목 단지를 발굴 농가들에 인센티브를 제공하는 등 관련 투자를 강화할 예정이라고 말했다,취소했다고 말했다,울산의 경우 도시 근교농업을 발전시켜 공급하는 체계를 갖춰야 한다며 앞으로 신규 품목 단지를 발굴 농가들에 인센티브를 제공하는 등 관련 투자를 강화할 취소했다고 말했다,13.207,True
zk_00056,146,test,mid,3,울산의 경우 도시 근교농업을 발전시켜 공급하는 체계를 갖춰야 한다며 앞으로 신규 품목 단지를 발굴 농가들에 인센티브를 제공하는 등 관련 투자를 강화할 예정이라고 말했다,약화할 예정이라고 말했다,울산의 경우 도시 근교농업을 발전시켜 공급하는 체계를 갖춰야 한다며 앞으로 신규 품목 단지를 발굴 농가들에 인센티브를 제공하는 등 관련 투자를 약화할 예정이라고 말했다,13.207,True
zk_00056,146,test,high,5,울산의 경우 도시 근교농업을 발전시켜 공급하는 체계를 갖춰야 한다며 앞으로 신규 품목 단지를 발굴 농가들에 인센티브를 제공하는 등 관련 투자를 강화할 예정이라고 말했다,관련 투자를 중단할 계획이라고 말했다,울산의 경우 도시 근교농업을 발전시켜 공급하는 체계를 갖춰야 한다며 앞으로 신규 품목 단지를 발굴 농가들에 인센티브를 제공하는 등 관련 투자를 중단할 계획이라고 말했다,13.207,True
zk_00057,146,test,low,2,주민들이 증거로 제출한 사진과 영상을 보면 실제로 야구경기장의 일부 조명이 아파트 쪽으로 비쳐 눈이 부실 정도의 강한 빛을 발산하고 있는 것을 알 수 있다,수 없다,주민들이 증거로 제출한 사진과 영상을 보면 실제로 야구경기장의 일부 조명이 아파트 쪽으로 비쳐 눈이 부실 정도의 강한 빛을 발산하고 있는 것을 알 수 없다,11.624375,True
zk_00057,146,test,mid,3,주민들이 증거로 제출한 사진과 영상을 보면 실제로 야구경기장의 일부 조명이 아파트 쪽으로 비쳐 눈이 부실 정도의 강한 빛을 발산하고 있는 것을 알 수 있다,알 수 없다,주민들이 증거로 제출한 사진과 영상을 보면 실제로 야구경기장의 일부 조명이 아파트 쪽으로 비쳐 눈이 부실 정도의 강한 빛을 발산하고 있는 것을 알 수 없다,11.624375,True
zk_00057,146,test,high,5,주민들이 증거로 제출한 사진과 영상을 보면 실제로 야구경기장의 일부 조명이 아파트 쪽으로 비쳐 눈이 부실 정도의 강한 빛을 발산하고 있는 것을 알 수 있다,없는 것을 알 수 있다,주민들이 증거로 제출한 사진과 영상을 보면 실제로 야구경기장의 일부 조명이 아파트 쪽으로 비쳐 눈이 부실 정도의 강한 빛을 발산하고 없는 것을 알 수 있다,11.624375,True
zk_00058,146,test,low,2,그럴 때 부모가 자신의 감정을 솔직하게 표현해야 아이들도 속마음을 털어 놓게 되지요,잡게 되지요,그럴 때 부모가 자신의 감정을 솔직하게 표현해야 아이들도 속마음을 털어 잡게 되지요,7.0501875,True
zk_00058,146,test,mid,3,그럴 때 부모가 자신의 감정을 솔직하게 표현해야 아이들도 속마음을 털어 놓게 되지요,감춰두게 될 것이지요,그럴 때 부모가 자신의 감정을 솔직하게 표현해야 아이들도 속마음을 감춰두게 될 것이지요,7.0501875,True
zk_00058,146,test,high,5,그럴 때 부모가 자신의 감정을 솔직하게 표현해야 아이들도 속마음을 털어 놓게 되지요,아이들도 속마음을 더 감추게 되지요,그럴 때 부모가 자신의 감정을 솔직하게 표현해야 아이들도 속마음을 더 감추게 되지요,7.0501875,True
zk_00059,146,test,low,2,앞으로 오 년밖에 남지 않은 전면적 샤오캉 사회가 가장 소외받고 의료혜택을 전혀 보지 못하는 정신질환자들을 외면한다면 과연 진정한 샤오캉 사회라 할 수 있을까,수 없을까,앞으로 오 년밖에 남지 않은 전면적 샤오캉 사회가 가장 소외받고 의료혜택을 전혀 보지 못하는 정신질환자들을 외면한다면 과연 진정한 샤오캉 사회라 할 수 없을까,13.2931875,True
zk_00059,146,test,mid,3,앞으로 오 년밖에 남지 않은 전면적 샤오캉 사회가 가장 소외받고 의료혜택을 전혀 보지 못하는 정신질환자들을 외면한다면 과연 진정한 샤오캉 사회라 할 수 있을까,할 수 없을까,앞으로 오 년밖에 남지 않은 전면적 샤오캉 사회가 가장 소외받고 의료혜택을 전혀 보지 못하는 정신질환자들을 외면한다면 과연 진정한 샤오캉 사회라 할 수 없을까,13.2931875,True
zk_00059,146,test,high,5,앞으로 오 년밖에 남지 않은 전면적 샤오캉 사회가 가장 소외받고 의료혜택을 전혀 보지 못하는 정신질환자들을 외면한다면 과연 진정한 샤오캉 사회라 할 수 있을까,샤오캉 사회라 할 수 없을까,앞으로 오 년밖에 남지 않은 전면적 샤오캉 사회가 가장 소외받고 의료혜택을 전혀 보지 못하는 정신질환자들을 외면한다면 과연 진정한 샤오캉 사회라 할 수 없을까,13.2931875,True
zk_00060,147,test,low,2,천 구백 육십 년대 초반 우리는 남부 아프리카에서 여행하는 봉사를 수행하라는 임무를 받았습니다,거부 했습니다,천 구백 육십 년대 초반 우리는 남부 아프리카에서 여행하는 봉사를 수행하라는 거부 했습니다,8.086,True
zk_00060,147,test,mid,3,천 구백 육십 년대 초반 우리는 남부 아프리카에서 여행하는 봉사를 수행하라는 임무를 받았습니다,거부하라는 지시를 받았습니다,천 구백 육십 년대 초반 우리는 남부 아프리카에서 여행하는 봉사를 거부하라는 지시를 받았습니다,8.086,True
zk_00060,147,test,high,5,천 구백 육십 년대 초반 우리는 남부 아프리카에서 여행하는 봉사를 수행하라는 임무를 받았습니다,여행하는 봉사를 거부하라는 임무를 받았습니다,천 구백 육십 년대 초반 우리는 남부 아프리카에서 여행하는 봉사를 거부하라는 임무를 받았습니다,8.086,True
zk_00061,147,test,low,2,그러한 청소년들이 우울증을 이겨 내는 데 무엇이 도움이 됩니까,방해가 됩니까,그러한 청소년들이 우울증을 이겨 내는 데 무엇이 방해가 됩니까,6.1204375,True
zk_00061,147,test,mid,3,그러한 청소년들이 우울증을 이겨 내는 데 무엇이 도움이 됩니까,무엇이 해가 됩니까,그러한 청소년들이 우울증을 이겨 내는 데 무엇이 해가 됩니까,6.1204375,True
zk_00061,147,test,high,5,그러한 청소년들이 우울증을 이겨 내는 데 무엇이 도움이 됩니까,내는 데 무엇이 방해가 됩니까,그러한 청소년들이 우울증을 이겨 내는 데 무엇이 방해가 됩니까,6.1204375,True
zk_00062,147,test,low,2,성과상여금 부당수령자의 수령액을 환수 조치하고 다음해 성과상여금을 지급하지 않는 한편 징계 조치하기로 했다,방치하기로 했다,성과상여금 부당수령자의 수령액을 환수 조치하고 다음해 성과상여금을 지급하지 않는 한편 징계 방치하기로 했다,11.470625,True
zk_00062,147,test,mid,3,성과상여금 부당수령자의 수령액을 환수 조치하고 다음해 성과상여금을 지급하지 않는 한편 징계 조치하기로 했다,면직 처리하기로 했다,성과상여금 부당수령자의 수령액을 환수 조치하고 다음해 성과상여금을 지급하지 않는 한편 면직 처리하기로 했다,11.470625,True
zk_00062,147,test,high,5,성과상여금 부당수령자의 수령액을 환수 조치하고 다음해 성과상여금을 지급하지 않는 한편 징계 조치하기로 했다,하는 한편 포상 결정하기로 했다,성과상여금 부당수령자의 수령액을 환수 조치하고 다음해 성과상여금을 지급하지 하는 한편 포상 결정하기로 했다,11.470625,True
zk_00063,147,test,low,2,이처럼 배우자의 외도가 검은 머리가 파뿌리가 될 때까지 고락을 함께해온 노부부의 주된 이혼 사유가 되는 셈이다,못하는 셈이다,이처럼 배우자의 외도가 검은 머리가 파뿌리가 될 때까지 고락을 함께해온 노부부의 주된 이혼 사유가 못하는 셈이다,9.8136875,True
zk_00063,147,test,mid,3,이처럼 배우자의 외도가 검은 머리가 파뿌리가 될 때까지 고락을 함께해온 노부부의 주된 이혼 사유가 되는 셈이다,사유가 아닐뿐이다,이처럼 배우자의 외도가 검은 머리가 파뿌리가 될 때까지 고락을 함께해온 노부부의 주된 이혼 사유가 아닐뿐이다,9.8136875,False
zk_00063,147,test,high,5,이처럼 배우자의 외도가 검은 머리가 파뿌리가 될 때까지 고락을 함께해온 노부부의 주된 이혼 사유가 되는 셈이다,주된 이혼 사유가 아닐 것이다,이처럼 배우자의 외도가 검은 머리가 파뿌리가 될 때까지 고락을 함께해온 노부부의 주된 이혼 사유가 아닐 것이다,9.8136875,True
zk_00064,147,test,low,2,주 사장은 최근 몇 년 동안 증권가에서 뜨거운 인물이었다,차가운 인물이었다,주 사장은 최근 몇 년 동안 증권가에서 차가운 인물이었다,6.554625,True
zk_00064,147,test,mid,3,주 사장은 최근 몇 년 동안 증권가에서 뜨거운 인물이었다,증권가에서 잊혀진 인물이었다,주 사장은 최근 몇 년 동안 증권가에서 잊혀진 인물이었다,6.554625,True
zk_00064,147,test,high,5,주 사장은 최근 몇 년 동안 증권가에서 뜨거운 인물이었다,년 동안 증권가에서 외면받은 인물이었다,주 사장은 최근 몇 년 동안 증권가에서 외면받은 인물이었다,6.554625,True
zk_00065,147,test,low,2,사실상 가계대출 증가세에 브레이크가 걸리지 않고 있는 것이다,없는 것이다,사실상 가계대출 증가세에 브레이크가 걸리지 않고 없는 것이다,6.679375,True
zk_00065,147,test,mid,3,사실상 가계대출 증가세에 브레이크가 걸리지 않고 있는 것이다,하고 있는 것이다,사실상 가계대출 증가세에 브레이크가 걸리지 하고 있는 것이다,6.679375,True
zk_00065,147,test,high,5,사실상 가계대출 증가세에 브레이크가 걸리지 않고 있는 것이다,브레이크가 잘 작동하고 있는 것이다,사실상 가계대출 증가세에 브레이크가 잘 작동하고 있는 것이다,6.679375,True
zk_00066,147,test,low,2,경주 지역 인사들의 건의에 박 대통령이 구체적으로 어떻게 반응했는지는 알 수 없다,할 있다,경주 지역 인사들의 건의에 박 대통령이 구체적으로 어떻게 반응했는지는 알 할 있다,9.4824375,True
zk_00066,147,test,mid,3,경주 지역 인사들의 건의에 박 대통령이 구체적으로 어떻게 반응했는지는 알 수 없다,명확히 알 수 있다,경주 지역 인사들의 건의에 박 대통령이 구체적으로 어떻게 반응했는지는 명확히 알 수 있다,9.4824375,False
zk_00066,147,test,high,5,경주 지역 인사들의 건의에 박 대통령이 구체적으로 어떻게 반응했는지는 알 수 없다,어떻게 반응했는지는 분명히 알 수 있다,경주 지역 인사들의 건의에 박 대통령이 구체적으로 어떻게 반응했는지는 분명히 알 수 있다,9.4824375,False
zk_00067,147,test,low,2,그러나 서면이나 전화보고는 쌍방향 소통이 아닌 일방적 지시 성격이 강하다,성격이 약하다,그러나 서면이나 전화보고는 쌍방향 소통이 아닌 일방적 지시 성격이 약하다,6.8425,True
zk_00067,147,test,mid,3,그러나 서면이나 전화보고는 쌍방향 소통이 아닌 일방적 지시 성격이 강하다,권유하는 성격이 약하다,그러나 서면이나 전화보고는 쌍방향 소통이 아닌 일방적 권유하는 성격이 약하다,6.8425,True
zk_00067,147,test,high,5,그러나 서면이나 전화보고는 쌍방향 소통이 아닌 일방적 지시 성격이 강하다,상호 협의 대화 성격이 강하다,그러나 서면이나 전화보고는 쌍방향 소통이 상호 협의 대화 성격이 강하다,6.8425,True
zk_00068,147,test,low,2,사례 일 은 영어유치원에 다니는 아이의 생활이라는 인터넷에서 떠도는 글을 재구성한 것이다,분석한 것이다,사례 일 은 영어유치원에 다니는 아이의 생활이라는 인터넷에서 떠도는 글을 분석한 것이다,8.1158125,True
zk_00068,147,test,mid,3,사례 일 은 영어유치원에 다니는 아이의 생활이라는 인터넷에서 떠도는 글을 재구성한 것이다,글을 삭제한 것이다,사례 일 은 영어유치원에 다니는 아이의 생활이라는 인터넷에서 떠도는 글을 삭제한 것이다,8.1158125,True
zk_00068,147,test,high,5,사례 일 은 영어유치원에 다니는 아이의 생활이라는 인터넷에서 떠도는 글을 재구성한 것이다,인터넷에서 직접 창작된 것이다,사례 일 은 영어유치원에 다니는 아이의 생활이라는 인터넷에서 직접 창작된 것이다,8.1158125,False
zk_00069,147,test,low,2,이번 시음은 오스트리아 출신의 소믈리에 거장인 안드레아스 비크호프가 맡았다,비크호프가 거절했다,이번 시음은 오스트리아 출신의 소믈리에 거장인 안드레아스 비크호프가 거절했다,7.0171875,True
zk_00069,147,test,mid,3,이번 시음은 오스트리아 출신의 소믈리에 거장인 안드레아스 비크호프가 맡았다,안드레아스 비크호프가 거절했다,이번 시음은 오스트리아 출신의 소믈리에 거장인 안드레아스 비크호프가 거절했다,7.0171875,True
zk_00069,147,test,high,5,이번 시음은 오스트리아 출신의 소믈리에 거장인 안드레아스 비크호프가 맡았다,소믈리에 초보자가 담당하기로 했다,이번 시음은 오스트리아 출신의 소믈리에 초보자가 담당하기로 했다,7.0171875,False
zk_00070,149,test,low,2,이 일 자동차업계에 따르면 임팔라는 지난달 삼십 일 일 하루에만 구백 대가 넘는 계약이 이뤄진 것으로 파악됐다,것으로 추정된다,이 일 자동차업계에 따르면 임팔라는 지난달 삼십 일 일 하루에만 구백 대가 넘는 계약이 이뤄진 것으로 추정된다,8.512875,True
zk_00070,149,test,mid,3,이 일 자동차업계에 따르면 임팔라는 지난달 삼십 일 일 하루에만 구백 대가 넘는 계약이 이뤄진 것으로 파악됐다,이루어지지 못한 것으로,이 일 자동차업계에 따르면 임팔라는 지난달 삼십 일 일 하루에만 구백 대가 넘는 계약이 이루어지지 못한 것으로,8.512875,True
zk_00070,149,test,high,5,이 일 자동차업계에 따르면 임팔라는 지난달 삼십 일 일 하루에만 구백 대가 넘는 계약이 이뤄진 것으로 파악됐다,미만의 계약이 무산된 것으로 파악됐다,이 일 자동차업계에 따르면 임팔라는 지난달 삼십 일 일 하루에만 구백 대가 미만의 계약이 무산된 것으로 파악됐다,8.512875,True
zk_00071,149,test,low,2,다른 지역에서는 그곳이 아무리 넓다 하더라도 푸야 라이몬디를 발견하기가 어려울 것입니다,쉬울 것입니다,다른 지역에서는 그곳이 아무리 넓다 하더라도 푸야 라이몬디를 발견하기가 쉬울 것입니다,7.272,True
zk_00071,149,test,mid,3,다른 지역에서는 그곳이 아무리 넓다 하더라도 푸야 라이몬디를 발견하기가 어려울 것입니다,발견하기가 쉬울 것입니다,다른 지역에서는 그곳이 아무리 넓다 하더라도 푸야 라이몬디를 발견하기가 쉬울 것입니다,7.272,True
zk_00071,149,test,high,5,다른 지역에서는 그곳이 아무리 넓다 하더라도 푸야 라이몬디를 발견하기가 어려울 것입니다,푸야 라이몬디를 발견하기가 쉬울 것입니다,다른 지역에서는 그곳이 아무리 넓다 하더라도 푸야 라이몬디를 발견하기가 쉬울 것입니다,7.272,True
zk_00072,149,test,low,2,지금 어딘가에서 냉정하게 열심히 쓰고 있다는 한강 작가의 그 다음 작품 그 작품도 기대하고 있겠습니다,우려하고 있겠습니다,지금 어딘가에서 냉정하게 열심히 쓰고 있다는 한강 작가의 그 다음 작품 그 작품도 우려하고 있겠습니다,8.574625,True
zk_00072,149,test,mid,3,지금 어딘가에서 냉정하게 열심히 쓰고 있다는 한강 작가의 그 다음 작품 그 작품도 기대하고 있겠습니다,작품도 기대하지 않겠습니다,지금 어딘가에서 냉정하게 열심히 쓰고 있다는 한강 작가의 그 다음 작품 그 작품도 기대하지 않겠습니다,8.574625,True
zk_00072,149,test,high,5,지금 어딘가에서 냉정하게 열심히 쓰고 있다는 한강 작가의 그 다음 작품 그 작품도 기대하고 있겠습니다,작품 그 작품도 기대하지 않겠습니다,지금 어딘가에서 냉정하게 열심히 쓰고 있다는 한강 작가의 그 다음 작품 그 작품도 기대하지 않겠습니다,8.574625,True
zk_00073,149,test,low,2,애플 입장에선 이천 십 이 년 맥북 프로 레티나 버전 이후 처음으로 맥북 디자인을 확 바꿨다,천천히 바꿨다,애플 입장에선 이천 십 이 년 맥북 프로 레티나 버전 이후 처음으로 맥북 디자인을 천천히 바꿨다,7.33775,True
zk_00073,149,test,mid,3,애플 입장에선 이천 십 이 년 맥북 프로 레티나 버전 이후 처음으로 맥북 디자인을 확 바꿨다,디자인을 안 바꿨다,애플 입장에선 이천 십 이 년 맥북 프로 레티나 버전 이후 처음으로 맥북 디자인을 안 바꿨다,7.33775,True
zk_00073,149,test,high,5,애플 입장에선 이천 십 이 년 맥북 프로 레티나 버전 이후 처음으로 맥북 디자인을 확 바꿨다,맥북 디자인을 조금도 바꾸지 않았다,애플 입장에선 이천 십 이 년 맥북 프로 레티나 버전 이후 맥북 디자인을 조금도 바꾸지 않았다,7.33775,True
zk_00074,149,test,low,2,박 대통령의 입장 표명과 사과를 요구하는 정치권의 요구에 곧장 맞서서 대응하기도 힘든 상황이었다,정말 즐거웠다,박 대통령의 입장 표명과 사과를 요구하는 정치권의 요구에 곧장 맞서서 대응하기도 정말 즐거웠다,7.5668125,True
zk_00074,149,test,mid,3,박 대통령의 입장 표명과 사과를 요구하는 정치권의 요구에 곧장 맞서서 대응하기도 힘든 상황이었다,대응하기도 쉬운 상황이었다,박 대통령의 입장 표명과 사과를 요구하는 정치권의 요구에 곧장 맞서서 대응하기도 쉬운 상황이었다,7.5668125,True
zk_00074,149,test,high,5,박 대통령의 입장 표명과 사과를 요구하는 정치권의 요구에 곧장 맞서서 대응하기도 힘든 상황이었다,충분히 여유있게 대응할 수 있었다,박 대통령의 입장 표명과 사과를 요구하는 정치권의 요구에 충분히 여유있게 대응할 수 있었다,7.5668125,True
zk_00075,149,test,low,2,재발 완화형과는 달리 재발기와 재발기 사이에도 병이 진행된다,병이 낫는다,재발 완화형과는 달리 재발기와 재발기 사이에도 병이 낫는다,5.8478125,True
zk_00075,149,test,mid,3,재발 완화형과는 달리 재발기와 재발기 사이에도 병이 진행된다,사이에도 병이 멈춘다,재발 완화형과는 달리 재발기와 재발기 사이에도 병이 멈춘다,5.8478125,True
zk_00075,149,test,high,5,재발 완화형과는 달리 재발기와 재발기 사이에도 병이 진행된다,재발기와 재발기 사이에는 병이 멈춘다,재발 완화형과는 달리 재발기와 재발기 사이에는 병이 멈춘다,5.8478125,True
zk_00076,149,test,low,2,그러나 서면이나 전화보고는 쌍방향 소통이 아닌 일방적 지시 성격이 강하다,성격이 약하다,그러나 서면이나 전화보고는 쌍방향 소통이 아닌 일방적 지시 성격이 약하다,6.7025625,True
zk_00076,149,test,mid,3,그러나 서면이나 전화보고는 쌍방향 소통이 아닌 일방적 지시 성격이 강하다,지시 성격이 약하다,그러나 서면이나 전화보고는 쌍방향 소통이 아닌 일방적 지시 성격이 약하다,6.7025625,True
zk_00076,149,test,high,5,그러나 서면이나 전화보고는 쌍방향 소통이 아닌 일방적 지시 성격이 강하다,쌍방향 협의 성격이 매우 강하다,그러나 서면이나 전화보고는 쌍방향 소통이 쌍방향 협의 성격이 매우 강하다,6.7025625,True
zk_00077,149,test,low,2,경남에서도 열 여덟 개 시 군 가운데 열 한 개 시 군만 월 삼 만 십 만원의 수당을 준다,수당을 뺀다,경남에서도 열 여덟 개 시 군 가운데 열 한 개 시 군만 월 삼 만 십 만원의 수당을 뺀다,6.6115,True
zk_00077,149,test,mid,3,경남에서도 열 여덟 개 시 군 가운데 열 한 개 시 군만 월 삼 만 십 만원의 수당을 준다,만원의 수당을 뺀다,경남에서도 열 여덟 개 시 군 가운데 열 한 개 시 군만 월 삼 만 십 만원의 수당을 뺀다,6.6115,True
zk_00077,149,test,high,5,경남에서도 열 여덟 개 시 군 가운데 열 한 개 시 군만 월 삼 만 십 만원의 수당을 준다,만 십 만원의 수당을 뺀다,경남에서도 열 여덟 개 시 군 가운데 열 한 개 시 군만 월 삼 만 십 만원의 수당을 뺀다,6.6115,True
zk_00078,149,test,low,2,그녀는 그 과정을 힘들어 하지 않고 재밌게 받아들인다,심각하게 받아들인다,그녀는 그 과정을 힘들어 하지 않고 심각하게 받아들인다,5.3913125,True
zk_00078,149,test,mid,3,그녀는 그 과정을 힘들어 하지 않고 재밌게 받아들인다,불쾌하게 거부하고 있다,그녀는 그 과정을 힘들어 하지 불쾌하게 거부하고 있다,5.3913125,True
zk_00078,149,test,high,5,그녀는 그 과정을 힘들어 하지 않고 재밌게 받아들인다,힘들어하며 거부하고 싫어한다,그녀는 그 과정을 힘들어하며 거부하고 싫어한다,5.3913125,False
zk_00079,149,test,low,2,연구진은 아이에게서 유전자 변이가 일어날 가능성이 일 퍼센트 미만일 것으로 추정하고 있습니다,부정하고 있습니다,연구진은 아이에게서 유전자 변이가 일어날 가능성이 일 퍼센트 미만일 것으로 부정하고 있습니다,7.378,True
zk_00079,149,test,mid,3,연구진은 아이에게서 유전자 변이가 일어날 가능성이 일 퍼센트 미만일 것으로 추정하고 있습니다,것으로 부정하고 있습니다,연구진은 아이에게서 유전자 변이가 일어날 가능성이 일 퍼센트 미만일 것으로 부정하고 있습니다,7.378,True
zk_00079,149,test,high,5,연구진은 아이에게서 유전자 변이가 일어날 가능성이 일 퍼센트 미만일 것으로 추정하고 있습니다,퍼센트 이상일 것으로 예상하고 있습니다,연구진은 아이에게서 유전자 변이가 일어날 가능성이 일 퍼센트 이상일 것으로 예상하고 있습니다,7.378,True
zk_00080,155,test,low,2,그리고 다시 경남기업의 신기수 회장의 도움을 받고 주변 지인들의 도움을 받아서 성북동으로 이사를 가지 않습니까,갑니다 마,그리고 다시 경남기업의 신기수 회장의 도움을 받고 주변 지인들의 도움을 받아서 성북동으로 이사를 갑니다 마,10.2061875,True
zk_00080,155,test,mid,3,그리고 다시 경남기업의 신기수 회장의 도움을 받고 주변 지인들의 도움을 받아서 성북동으로 이사를 가지 않습니까,이사를 갈 겁니까,그리고 다시 경남기업의 신기수 회장의 도움을 받고 주변 지인들의 도움을 받아서 성북동으로 이사를 갈 겁니까,10.2061875,True
zk_00080,155,test,high,5,그리고 다시 경남기업의 신기수 회장의 도움을 받고 주변 지인들의 도움을 받아서 성북동으로 이사를 가지 않습니까,받아서 강남으로 이사를 가지 않습니다,그리고 다시 경남기업의 신기수 회장의 도움을 받고 주변 지인들의 도움을 받아서 강남으로 이사를 가지 않습니다,10.2061875,True
zk_00081,155,test,low,2,이런 추세라면 한국은행이 관련통계를 내기 시작한 이천 이 년 이후 처음으로 연간 이용 건수가 한 억건 아래로 떨어질 수 있다는 전망이 나온다,전망이 없다,이런 추세라면 한국은행이 관련통계를 내기 시작한 이천 이 년 이후 처음으로 연간 이용 건수가 한 억건 아래로 떨어질 수 있다는 전망이 없다,12.2190625,True
zk_00081,155,test,mid,3,이런 추세라면 한국은행이 관련통계를 내기 시작한 이천 이 년 이후 처음으로 연간 이용 건수가 한 억건 아래로 떨어질 수 있다는 전망이 나온다,없다는 전망이 나온다,이런 추세라면 한국은행이 관련통계를 내기 시작한 이천 이 년 이후 처음으로 연간 이용 건수가 한 억건 아래로 떨어질 수 없다는 전망이 나온다,12.2190625,True
zk_00081,155,test,high,5,이런 추세라면 한국은행이 관련통계를 내기 시작한 이천 이 년 이후 처음으로 연간 이용 건수가 한 억건 아래로 떨어질 수 있다는 전망이 나온다,오를 수 있다는 전망이 나온다,이런 추세라면 한국은행이 관련통계를 내기 시작한 이천 이 년 이후 처음으로 연간 이용 건수가 한 억건 아래로 오를 수 있다는 전망이 나온다,12.2190625,True
zk_00082,155,test,low,2,미군 태평양 사령부는 실제 지난 팔 일 칼 빈슨호가 북쪽으로 선수를 돌렸다고 밝혔다,돌리지 않았다,미군 태평양 사령부는 실제 지난 팔 일 칼 빈슨호가 북쪽으로 선수를 돌리지 않았다,8.2258125,True
zk_00082,155,test,mid,3,미군 태평양 사령부는 실제 지난 팔 일 칼 빈슨호가 북쪽으로 선수를 돌렸다고 밝혔다,선수를 유지했다고 밝혔다,미군 태평양 사령부는 실제 지난 팔 일 칼 빈슨호가 북쪽으로 선수를 유지했다고 밝혔다,8.2258125,True
zk_00082,155,test,high,5,미군 태평양 사령부는 실제 지난 팔 일 칼 빈슨호가 북쪽으로 선수를 돌렸다고 밝혔다,빈슨호가 남쪽으로 선수를 돌렸다고 밝혔다,미군 태평양 사령부는 실제 지난 팔 일 칼 빈슨호가 남쪽으로 선수를 돌렸다고 밝혔다,8.2258125,True
zk_00083,155,test,low,2,그 후 천사들이라고 불리는 하느님의 다른 아들들도 창조되었습니다,아들들도 죽었습니다,그 후 천사들이라고 불리는 하느님의 다른 아들들도 죽었습니다,6.2229375,True
zk_00083,155,test,mid,3,그 후 천사들이라고 불리는 하느님의 다른 아들들도 창조되었습니다,다른 아들들도 죽었습니다,그 후 천사들이라고 불리는 하느님의 다른 아들들도 죽었습니다,6.2229375,True
zk_00083,155,test,high,5,그 후 천사들이라고 불리는 하느님의 다른 아들들도 창조되었습니다,불리는 하느님의 다른 아들들은 멸망했습니다,그 후 천사들이라고 불리는 하느님의 다른 아들들은 멸망했습니다,6.2229375,True
zk_00084,155,test,low,2,식당 사장의 눈에 누엔티는 한국 남성과 결혼해 집을 사려고 착실하게 일하는 막내딸 같은 아이였다,다른 아이였다,식당 사장의 눈에 누엔티는 한국 남성과 결혼해 집을 사려고 착실하게 일하는 막내딸 다른 아이였다,10.0339375,True
zk_00084,155,test,mid,3,식당 사장의 눈에 누엔티는 한국 남성과 결혼해 집을 사려고 착실하게 일하는 막내딸 같은 아이였다,맏딸 같은 아이였다,식당 사장의 눈에 누엔티는 한국 남성과 결혼해 집을 사려고 착실하게 일하는 맏딸 같은 아이였다,10.0339375,True
zk_00084,155,test,high,5,식당 사장의 눈에 누엔티는 한국 남성과 결혼해 집을 사려고 착실하게 일하는 막내딸 같은 아이였다,게을리하는 맏형 같은 못난 아이였다,식당 사장의 눈에 누엔티는 한국 남성과 결혼해 집을 사려고 게을리하는 맏형 같은 못난 아이였다,10.0339375,True
zk_00085,155,test,low,2,저는 제 대통령직 임기 단축을 포함한 저의 진퇴 문제를 국회의 결정에 맡기겠습니다,직접 결정하겠습니다,저는 제 대통령직 임기 단축을 포함한 저의 진퇴 문제를 국회의 직접 결정하겠습니다,7.4470625,True
zk_00085,155,test,mid,3,저는 제 대통령직 임기 단축을 포함한 저의 진퇴 문제를 국회의 결정에 맡기겠습니다,독단적으로 결정하겠습니다,저는 제 대통령직 임기 단축을 포함한 저의 진퇴 문제를 독단적으로 결정하겠습니다,7.4470625,False
zk_00085,155,test,high,5,저는 제 대통령직 임기 단축을 포함한 저의 진퇴 문제를 국회의 결정에 맡기겠습니다,진퇴 문제를 스스로 결정해 버리겠습니다,저는 제 대통령직 임기 단축을 포함한 저의 진퇴 문제를 스스로 결정해 버리겠습니다,7.4470625,True
zk_00086,155,test,low,2,몰디브 방송위원회는 국가안보에 위해를 줄 수 있는 어떤 내용도 방송하지 말 것도 지시했다,것도 금지했다,몰디브 방송위원회는 국가안보에 위해를 줄 수 있는 어떤 내용도 방송하지 말 것도 금지했다,8.9844375,True
zk_00086,155,test,mid,3,몰디브 방송위원회는 국가안보에 위해를 줄 수 있는 어떤 내용도 방송하지 말 것도 지시했다,말 것도 금했다,몰디브 방송위원회는 국가안보에 위해를 줄 수 있는 어떤 내용도 방송하지 말 것도 금했다,8.9844375,True
zk_00086,155,test,high,5,몰디브 방송위원회는 국가안보에 위해를 줄 수 있는 어떤 내용도 방송하지 말 것도 지시했다,내용도 방송하도록 적극 지시했다,몰디브 방송위원회는 국가안보에 위해를 줄 수 있는 어떤 내용도 방송하도록 적극 지시했다,8.9844375,False
zk_00087,155,test,low,2,청와대의 조오영 전 행정관이 서초구청의 조이제 전 국장을 통해 정보를 입수한 게 맞는지 사실관계부터 들여다볼 필요가 있다,필요 없다,청와대의 조오영 전 행정관이 서초구청의 조이제 전 국장을 통해 정보를 입수한 게 맞는지 사실관계부터 들여다볼 필요 없다,10.4575625,True
zk_00087,155,test,mid,3,청와대의 조오영 전 행정관이 서초구청의 조이제 전 국장을 통해 정보를 입수한 게 맞는지 사실관계부터 들여다볼 필요가 있다,외면할 수 있다,청와대의 조오영 전 행정관이 서초구청의 조이제 전 국장을 통해 정보를 입수한 게 맞는지 사실관계부터 외면할 수 있다,10.4575625,True
zk_00087,155,test,high,5,청와대의 조오영 전 행정관이 서초구청의 조이제 전 국장을 통해 정보를 입수한 게 맞는지 사실관계부터 들여다볼 필요가 있다,맞다고 그냥 받아들여야 한다,청와대의 조오영 전 행정관이 서초구청의 조이제 전 국장을 통해 정보를 입수한 게 맞다고 그냥 받아들여야 한다,10.4575625,False
zk_00088,155,test,low,2,또 적절하지 않다 이런 비판은 피하기는 어려울 것 같습니다,것 같지않습니다,또 적절하지 않다 이런 비판은 피하기는 어려울 것 같지않습니다,6.3475625,True
zk_00088,155,test,mid,3,또 적절하지 않다 이런 비판은 피하기는 어려울 것 같습니다,쉬울 것 같습니다,또 적절하지 않다 이런 비판은 피하기는 쉬울 것 같습니다,6.3475625,True
zk_00088,155,test,high,5,또 적절하지 않다 이런 비판은 피하기는 어려울 것 같습니다,비판은 피할 수 있을 것입니다,또 적절하지 않다 이런 비판은 피할 수 있을 것입니다,6.3475625,True
zk_00089,155,test,low,2,당시 현 회장은 사행사업을 한다는 한국마사회의 이미지를 개선하고자 추진한 테마파크 사업이 공개된 자리에서 특혜 의혹을 받는 자체가 참담하다,자체가 훌륭하다,당시 현 회장은 사행사업을 한다는 한국마사회의 이미지를 개선하고자 추진한 테마파크 사업이 공개된 자리에서 특혜 의혹을 받는 자체가 훌륭하다,12.3324375,True
zk_00089,155,test,mid,3,당시 현 회장은 사행사업을 한다는 한국마사회의 이미지를 개선하고자 추진한 테마파크 사업이 공개된 자리에서 특혜 의혹을 받는 자체가 참담하다,주는 것이 자랑스럽다,당시 현 회장은 사행사업을 한다는 한국마사회의 이미지를 개선하고자 추진한 테마파크 사업이 공개된 자리에서 특혜 의혹을 주는 것이 자랑스럽다,12.3324375,True
zk_00089,155,test,high,5,당시 현 회장은 사행사업을 한다는 한국마사회의 이미지를 개선하고자 추진한 테마파크 사업이 공개된 자리에서 특혜 의혹을 받는 자체가 참담하다,특혜를 받는 것이 자랑스럽기만 하다,당시 현 회장은 사행사업을 한다는 한국마사회의 이미지를 개선하고자 추진한 테마파크 사업이 공개된 자리에서 특혜를 받는 것이 자랑스럽기만 하다,12.3324375,True
zk_00090,159,test,low,2,천 구백 삼십 팔 년에는 지원병 제도를 도입했고 일본어와 일본사를 필수과목으로 하는 조선교육령을 실시했다,조선교육령을 거부했다,천 구백 삼십 팔 년에는 지원병 제도를 도입했고 일본어와 일본사를 필수과목으로 하는 조선교육령을 거부했다,8.323,True
zk_00090,159,test,mid,3,천 구백 삼십 팔 년에는 지원병 제도를 도입했고 일본어와 일본사를 필수과목으로 하는 조선교육령을 실시했다,폐지하려고 했다,천 구백 삼십 팔 년에는 지원병 제도를 도입했고 일본어와 일본사를 필수과목으로 폐지하려고 했다,8.323,False
zk_00090,159,test,high,5,천 구백 삼십 팔 년에는 지원병 제도를 도입했고 일본어와 일본사를 필수과목으로 하는 조선교육령을 실시했다,일본사를 선택과목으로 허용하였다,천 구백 삼십 팔 년에는 지원병 제도를 도입했고 일본어와 일본사를 선택과목으로 허용하였다,8.323,False
zk_00091,159,test,low,2,오 일 오후 두 시 서울 종로구 대학로 마로니에 공원에서 열린 서울지역 대학생들의 박근혜 정권 퇴진,정권 연장,오 일 오후 두 시 서울 종로구 대학로 마로니에 공원에서 열린 서울지역 대학생들의 박근혜 정권 연장,7.658625,True
zk_00091,159,test,mid,3,오 일 오후 두 시 서울 종로구 대학로 마로니에 공원에서 열린 서울지역 대학생들의 박근혜 정권 퇴진,박근혜 정권 지지,오 일 오후 두 시 서울 종로구 대학로 마로니에 공원에서 열린 서울지역 대학생들의 박근혜 정권 지지,7.658625,True
zk_00091,159,test,high,5,오 일 오후 두 시 서울 종로구 대학로 마로니에 공원에서 열린 서울지역 대학생들의 박근혜 정권 퇴진,서울지역 대학생들의 박근혜 정권 지지,오 일 오후 두 시 서울 종로구 대학로 마로니에 공원에서 열린 서울지역 대학생들의 박근혜 정권 지지,7.658625,True
zk_00092,159,test,low,2,양자간의 무역협상은 일본의 농업과 소고기 분야를 보호하기 위한 노력과 양국의 자동차 시장에 대한 분쟁으로 좌절돼왔다,분쟁으로 발전했다,양자간의 무역협상은 일본의 농업과 소고기 분야를 보호하기 위한 노력과 양국의 자동차 시장에 대한 분쟁으로 발전했다,8.96275,True
zk_00092,159,test,mid,3,양자간의 무역협상은 일본의 농업과 소고기 분야를 보호하기 위한 노력과 양국의 자동차 시장에 대한 분쟁으로 좌절돼왔다,대한 분쟁으로 촉진돼왔다,양자간의 무역협상은 일본의 농업과 소고기 분야를 보호하기 위한 노력과 양국의 자동차 시장에 대한 분쟁으로 촉진돼왔다,8.96275,True
zk_00092,159,test,high,5,양자간의 무역협상은 일본의 농업과 소고기 분야를 보호하기 위한 노력과 양국의 자동차 시장에 대한 분쟁으로 좌절돼왔다,자동차 시장에 대한 협력으로 성장해왔다,양자간의 무역협상은 일본의 농업과 소고기 분야를 보호하기 위한 노력과 양국의 자동차 시장에 대한 협력으로 성장해왔다,8.96275,True
zk_00093,159,test,low,2,박재홍 이어서 크림빵 뺑소니 사건 수사에 도움을 주시고 계시는 네티즌입니다,없는 네티즌입니다,박재홍 이어서 크림빵 뺑소니 사건 수사에 도움을 주시고 없는 네티즌입니다,6.2906875,True
zk_00093,159,test,mid,3,박재홍 이어서 크림빵 뺑소니 사건 수사에 도움을 주시고 계시는 네티즌입니다,비판하고 있는 네티즌입니다,박재홍 이어서 크림빵 뺑소니 사건 수사에 도움을 비판하고 있는 네티즌입니다,6.2906875,True
zk_00093,159,test,high,5,박재홍 이어서 크림빵 뺑소니 사건 수사에 도움을 주시고 계시는 네티즌입니다,수사를 방해하고 있는 악의적인 네티즌입니다,박재홍 이어서 크림빵 뺑소니 사건 수사를 방해하고 있는 악의적인 네티즌입니다,6.2906875,True
zk_00094,159,test,low,2,영남권 광역단체장들은 지난해 이미 정부의 결정에 승복한다고 합의한 만큼 일단 정부 발표에 승복할 수밖에 없다는 입장이다,있다는 입장이다,영남권 광역단체장들은 지난해 이미 정부의 결정에 승복한다고 합의한 만큼 일단 정부 발표에 승복할 수밖에 있다는 입장이다,9.2880625,True
zk_00094,159,test,mid,3,영남권 광역단체장들은 지난해 이미 정부의 결정에 승복한다고 합의한 만큼 일단 정부 발표에 승복할 수밖에 없다는 입장이다,할 수 있다고 본다,영남권 광역단체장들은 지난해 이미 정부의 결정에 승복한다고 합의한 만큼 일단 정부 발표에 승복할 할 수 있다고 본다,9.2880625,False
zk_00094,159,test,high,5,영남권 광역단체장들은 지난해 이미 정부의 결정에 승복한다고 합의한 만큼 일단 정부 발표에 승복할 수밖에 없다는 입장이다,발표에 강하게 이의를 제기한다는 입장이다,영남권 광역단체장들은 지난해 이미 정부의 결정에 승복한다고 합의한 만큼 일단 정부 발표에 강하게 이의를 제기한다는 입장이다,9.2880625,True
zk_00095,159,test,low,2,평소 규정과 절차에 맞는 업무 처리를 중시하던 그는 군 내부에 문제를 제기했다,문제를 해결했다,평소 규정과 절차에 맞는 업무 처리를 중시하던 그는 군 내부에 문제를 해결했다,6.8748125,True
zk_00095,159,test,mid,3,평소 규정과 절차에 맞는 업무 처리를 중시하던 그는 군 내부에 문제를 제기했다,내부에 문제를 은폐했다,평소 규정과 절차에 맞는 업무 처리를 중시하던 그는 군 내부에 문제를 은폐했다,6.8748125,True
zk_00095,159,test,high,5,평소 규정과 절차에 맞는 업무 처리를 중시하던 그는 군 내부에 문제를 제기했다,그는 군 내부에 문제를 은폐했다,평소 규정과 절차에 맞는 업무 처리를 중시하던 그는 군 내부에 문제를 은폐했다,6.8748125,True
zk_00096,159,test,low,2,이날 미국 에너지정보국은 지난주 원유 재고가 전주보다 육백 삼십 만 배럴 증가한 사 억 천 삼백 여섯 만배럴을 기록했다고 밝혔다,기록하지 않았다,이날 미국 에너지정보국은 지난주 원유 재고가 전주보다 육백 삼십 만 배럴 증가한 사 억 천 삼백 여섯 만배럴을 기록하지 않았다,10.3325625,True
zk_00096,159,test,mid,3,이날 미국 에너지정보국은 지난주 원유 재고가 전주보다 육백 삼십 만 배럴 증가한 사 억 천 삼백 여섯 만배럴을 기록했다고 밝혔다,최저점을 기록했다고 밝혔다,이날 미국 에너지정보국은 지난주 원유 재고가 전주보다 육백 삼십 만 배럴 증가한 사 억 천 삼백 여섯 최저점을 기록했다고 밝혔다,10.3325625,True
zk_00096,159,test,high,5,이날 미국 에너지정보국은 지난주 원유 재고가 전주보다 육백 삼십 만 배럴 증가한 사 억 천 삼백 여섯 만배럴을 기록했다고 밝혔다,삼백 여섯 만배럴을 미달했다고 밝혔다,이날 미국 에너지정보국은 지난주 원유 재고가 전주보다 육백 삼십 만 배럴 증가한 사 억 천 삼백 여섯 만배럴을 미달했다고 밝혔다,10.3325625,True
zk_00097,159,test,low,2,후속 대책으로 판매 제품 전량을 신제품으로 교환하기로 했다,반환하기로 했다,후속 대책으로 판매 제품 전량을 신제품으로 반환하기로 했다,5.1239375,True
zk_00097,159,test,mid,3,후속 대책으로 판매 제품 전량을 신제품으로 교환하기로 했다,교환을 거부하기로 했다,후속 대책으로 판매 제품 전량을 교환을 거부하기로 했다,5.1239375,True
zk_00097,159,test,high,5,후속 대책으로 판매 제품 전량을 신제품으로 교환하기로 했다,제품 전량을 반품하기로 최종 결정했다,후속 대책으로 판매 제품 전량을 반품하기로 최종 결정했다,5.1239375,True
zk_00098,159,test,low,2,연금 가입 등 은퇴 이후 소득 준비가 실제로 나아진 요인도 있지만 눈높이가 낮아진 요인도 작용한 것이다,작용하지 않았다,연금 가입 등 은퇴 이후 소득 준비가 실제로 나아진 요인도 있지만 눈높이가 낮아진 요인도 작용하지 않았다,8.256,True
zk_00098,159,test,mid,3,연금 가입 등 은퇴 이후 소득 준비가 실제로 나아진 요인도 있지만 눈높이가 낮아진 요인도 작용한 것이다,요인도 작용하지 않았다,연금 가입 등 은퇴 이후 소득 준비가 실제로 나아진 요인도 있지만 눈높이가 낮아진 요인도 작용하지 않았다,8.256,True
zk_00098,159,test,high,5,연금 가입 등 은퇴 이후 소득 준비가 실제로 나아진 요인도 있지만 눈높이가 낮아진 요인도 작용한 것이다,눈높이가 높아진 요인도 작용한 것이다,연금 가입 등 은퇴 이후 소득 준비가 실제로 나아진 요인도 있지만 눈높이가 높아진 요인도 작용한 것이다,8.256,True
zk_00099,159,test,low,2,이제 퇴근하면 뭐 할 거냐고 묻자 이씨와 최씨 그리고 김동윤씨가 각자 대답했다,대답하지 않았다,이제 퇴근하면 뭐 할 거냐고 묻자 이씨와 최씨 그리고 김동윤씨가 대답하지 않았다,6.1705,True
zk_00099,159,test,mid,3,이제 퇴근하면 뭐 할 거냐고 묻자 이씨와 최씨 그리고 김동윤씨가 각자 대답했다,김동윤씨가 답변을 거부했다,이제 퇴근하면 뭐 할 거냐고 묻자 이씨와 최씨 그리고 김동윤씨가 답변을 거부했다,6.1705,True
zk_00099,159,test,high,5,이제 퇴근하면 뭐 할 거냐고 묻자 이씨와 최씨 그리고 김동윤씨가 각자 대답했다,최씨 그리고 김동윤씨가 침묵을 지켰다,이제 퇴근하면 뭐 할 거냐고 묻자 이씨와 최씨 그리고 김동윤씨가 침묵을 지켰다,6.1705,True
zk_00100,161,test,low,2,이와 관련 김 대표는 최근 언론 인터뷰에서 문 전 대표가 김 대표를 삼고초려할 때 대선까지 당을 이끌어달라고 했나는 질문에 그렇게 얘기했다고 언급한 바 있다,없어 보인다,이와 관련 김 대표는 최근 언론 인터뷰에서 문 전 대표가 김 대표를 삼고초려할 때 대선까지 당을 이끌어달라고 했나는 질문에 그렇게 얘기했다고 언급한 없어 보인다,12.38425,True
zk_00100,161,test,mid,3,이와 관련 김 대표는 최근 언론 인터뷰에서 문 전 대표가 김 대표를 삼고초려할 때 대선까지 당을 이끌어달라고 했나는 질문에 그렇게 얘기했다고 언급한 바 있다,언급한 바 없다,이와 관련 김 대표는 최근 언론 인터뷰에서 문 전 대표가 김 대표를 삼고초려할 때 대선까지 당을 이끌어달라고 했나는 질문에 그렇게 얘기했다고 언급한 바 없다,12.38425,True
zk_00100,161,test,high,5,이와 관련 김 대표는 최근 언론 인터뷰에서 문 전 대표가 김 대표를 삼고초려할 때 대선까지 당을 이끌어달라고 했나는 질문에 그렇게 얘기했다고 언급한 바 있다,그렇게 얘기한 적이 없다고 했다,이와 관련 김 대표는 최근 언론 인터뷰에서 문 전 대표가 김 대표를 삼고초려할 때 대선까지 당을 이끌어달라고 했나는 질문에 그렇게 얘기한 적이 없다고 했다,12.38425,True
zk_00101,161,test,low,2,재계약 과정에서도 수당 상여금 요청을 번번이 거부당한 박씨는 결국 올 이 월 서울지방노동위원회에 차별시정 신청을 냈다,신청을 취소했다,재계약 과정에서도 수당 상여금 요청을 번번이 거부당한 박씨는 결국 올 이 월 서울지방노동위원회에 차별시정 신청을 취소했다,9.9109375,True
zk_00101,161,test,mid,3,재계약 과정에서도 수당 상여금 요청을 번번이 거부당한 박씨는 결국 올 이 월 서울지방노동위원회에 차별시정 신청을 냈다,차별시정 신청을 취소했다,재계약 과정에서도 수당 상여금 요청을 번번이 거부당한 박씨는 결국 올 이 월 서울지방노동위원회에 차별시정 신청을 취소했다,9.9109375,True
zk_00101,161,test,high,5,재계약 과정에서도 수당 상여금 요청을 번번이 거부당한 박씨는 결국 올 이 월 서울지방노동위원회에 차별시정 신청을 냈다,월 서울지방노동위원회에 차별시정 신청을 취소했다,재계약 과정에서도 수당 상여금 요청을 번번이 거부당한 박씨는 결국 올 이 월 서울지방노동위원회에 차별시정 신청을 취소했다,9.9109375,True
zk_00102,161,test,low,2,박정희 향수는 그쯤에서 박정희가 죽었기 때문에 나타난 현상이다,숨겨진 본질이다,박정희 향수는 그쯤에서 박정희가 죽었기 때문에 숨겨진 본질이다,5.5439375,True
zk_00102,161,test,mid,3,박정희 향수는 그쯤에서 박정희가 죽었기 때문에 나타난 현상이다,때문에 나타난 가능성이다,박정희 향수는 그쯤에서 박정희가 죽었기 때문에 나타난 가능성이다,5.5439375,True
zk_00102,161,test,high,5,박정희 향수는 그쯤에서 박정희가 죽었기 때문에 나타난 현상이다,박정희가 살았기 때문에 나타난 현상이다,박정희 향수는 그쯤에서 박정희가 살았기 때문에 나타난 현상이다,5.5439375,True
zk_00103,161,test,low,2,동시 다량 정밀타격이 가능한 미사일 전력과 전담 투입 작전부대를 운용해 김정은 등 북한 전쟁지휘부를 직접 겨냥해 응징 보복하는 체계를 말한다,체계를 거부한다,동시 다량 정밀타격이 가능한 미사일 전력과 전담 투입 작전부대를 운용해 김정은 등 북한 전쟁지휘부를 직접 겨냥해 응징 보복하는 체계를 거부한다,10.0178125,True
zk_00103,161,test,mid,3,동시 다량 정밀타격이 가능한 미사일 전력과 전담 투입 작전부대를 운용해 김정은 등 북한 전쟁지휘부를 직접 겨냥해 응징 보복하는 체계를 말한다,용서하는 체계를 말한다,동시 다량 정밀타격이 가능한 미사일 전력과 전담 투입 작전부대를 운용해 김정은 등 북한 전쟁지휘부를 직접 겨냥해 응징 용서하는 체계를 말한다,10.0178125,True
zk_00103,161,test,high,5,동시 다량 정밀타격이 가능한 미사일 전력과 전담 투입 작전부대를 운용해 김정은 등 북한 전쟁지휘부를 직접 겨냥해 응징 보복하는 체계를 말한다,겨냥해 용서 관용하는 체계를 말한다,동시 다량 정밀타격이 가능한 미사일 전력과 전담 투입 작전부대를 운용해 김정은 등 북한 전쟁지휘부를 직접 겨냥해 용서 관용하는 체계를 말한다,10.0178125,True
zk_00104,161,test,low,2,그런데 간 김에 우리 내외가 피검사 등 건강검진을 했다,건강검진을 안했다,그런데 간 김에 우리 내외가 피검사 등 건강검진을 안했다,5.09425,True
zk_00104,161,test,mid,3,그런데 간 김에 우리 내외가 피검사 등 건강검진을 했다,등 건강검진을 미뤘다,그런데 간 김에 우리 내외가 피검사 등 건강검진을 미뤘다,5.09425,True
zk_00104,161,test,high,5,그런데 간 김에 우리 내외가 피검사 등 건강검진을 했다,내외가 피검사 등을 거부했었다,그런데 간 김에 우리 내외가 피검사 등을 거부했었다,5.09425,False
zk_00105,161,test,low,2,이들 병원은 격리시설 마련 등의 준비를 거친 후 오는 십 오 일부터 순차적으로 안심병원 운영에 들어간다,운영을 중단한다,이들 병원은 격리시설 마련 등의 준비를 거친 후 오는 십 오 일부터 순차적으로 안심병원 운영을 중단한다,8.7735,True
zk_00105,161,test,mid,3,이들 병원은 격리시설 마련 등의 준비를 거친 후 오는 십 오 일부터 순차적으로 안심병원 운영에 들어간다,안심병원 운영을 중단한다,이들 병원은 격리시설 마련 등의 준비를 거친 후 오는 십 오 일부터 순차적으로 안심병원 운영을 중단한다,8.7735,True
zk_00105,161,test,high,5,이들 병원은 격리시설 마련 등의 준비를 거친 후 오는 십 오 일부터 순차적으로 안심병원 운영에 들어간다,일부터 순차적으로 안심병원 운영을 중단한다,이들 병원은 격리시설 마련 등의 준비를 거친 후 오는 십 오 일부터 순차적으로 안심병원 운영을 중단한다,8.7735,True
zk_00106,161,test,low,2,머스크의 상상력이 현실에서 펼쳐질 가능성이 커지면서 개발업체를 향한 투자도 이어지고 있다,끝나고 있다,머스크의 상상력이 현실에서 펼쳐질 가능성이 커지면서 개발업체를 향한 투자도 끝나고 있다,6.6376875,True
zk_00106,161,test,mid,3,머스크의 상상력이 현실에서 펼쳐질 가능성이 커지면서 개발업체를 향한 투자도 이어지고 있다,투자가 중단되고 있다,머스크의 상상력이 현실에서 펼쳐질 가능성이 커지면서 개발업체를 향한 투자가 중단되고 있다,6.6376875,True
zk_00106,161,test,high,5,머스크의 상상력이 현실에서 펼쳐질 가능성이 커지면서 개발업체를 향한 투자도 이어지고 있다,개발업체를 향한 투자가 중단되고 있다,머스크의 상상력이 현실에서 펼쳐질 가능성이 커지면서 개발업체를 향한 투자가 중단되고 있다,6.6376875,True
zk_00107,161,test,low,2,멋진 동물들 중 하나 어쩌면 위풍당당한 사자나 거대한 시베리아호랑이를 안거나 쓰다듬어 보기를 바란 적이 있습니까,없는 걸까요,멋진 동물들 중 하나 어쩌면 위풍당당한 사자나 거대한 시베리아호랑이를 안거나 쓰다듬어 보기를 바란 없는 걸까요,9.2179375,True
zk_00107,161,test,mid,3,멋진 동물들 중 하나 어쩌면 위풍당당한 사자나 거대한 시베리아호랑이를 안거나 쓰다듬어 보기를 바란 적이 있습니까,바란 적이 없습니까,멋진 동물들 중 하나 어쩌면 위풍당당한 사자나 거대한 시베리아호랑이를 안거나 쓰다듬어 보기를 바란 적이 없습니까,9.2179375,True
zk_00107,161,test,high,5,멋진 동물들 중 하나 어쩌면 위풍당당한 사자나 거대한 시베리아호랑이를 안거나 쓰다듬어 보기를 바란 적이 있습니까,때려보기를 바란 적이 있었습니까,멋진 동물들 중 하나 어쩌면 위풍당당한 사자나 거대한 시베리아호랑이를 안거나 때려보기를 바란 적이 있었습니까,9.2179375,False
zk_00108,161,test,low,2,박정희 전 대통령이 사십 년전 창원기계공업단지를 지정했고 같은해에 거제에 조선공업단지를 지정했다,조선공업단지를 해제했다,박정희 전 대통령이 사십 년전 창원기계공업단지를 지정했고 같은해에 거제에 조선공업단지를 해제했다,8.708375,True
zk_00108,161,test,mid,3,박정희 전 대통령이 사십 년전 창원기계공업단지를 지정했고 같은해에 거제에 조선공업단지를 지정했다,거제에 조선공업단지를 해제했다,박정희 전 대통령이 사십 년전 창원기계공업단지를 지정했고 같은해에 거제에 조선공업단지를 해제했다,8.708375,True
zk_00108,161,test,high,5,박정희 전 대통령이 사십 년전 창원기계공업단지를 지정했고 같은해에 거제에 조선공업단지를 지정했다,거제에 조선공업단지를 지정하지 않았다,박정희 전 대통령이 사십 년전 창원기계공업단지를 거제에 조선공업단지를 지정하지 않았다,8.708375,False
zk_00109,161,test,low,2,학교 무상급식 지원을 중단한 홍준표 경남도지사가 이 의원의 질의를 듣고 있다,무시하고 있다,학교 무상급식 지원을 중단한 홍준표 경남도지사가 이 의원의 질의를 무시하고 있다,7.1775625,True
zk_00109,161,test,mid,3,학교 무상급식 지원을 중단한 홍준표 경남도지사가 이 의원의 질의를 듣고 있다,질의를 거부하고 있다,학교 무상급식 지원을 중단한 홍준표 경남도지사가 이 의원의 질의를 거부하고 있다,7.1775625,True
zk_00109,161,test,high,5,학교 무상급식 지원을 중단한 홍준표 경남도지사가 이 의원의 질의를 듣고 있다,이 의원의 질의를 무시하고 있다,학교 무상급식 지원을 중단한 홍준표 경남도지사가 이 의원의 질의를 무시하고 있다,7.1775625,True
zk_00110,162,test,low,2,하지만 사실 우리 각자에게는 그보다 훨씬 더 가치 있는 액체가 몇 리터씩 있습니다,리터씩 없습니다,하지만 사실 우리 각자에게는 그보다 훨씬 더 가치 있는 액체가 몇 리터씩 없습니다,6.51125,True
zk_00110,162,test,mid,3,하지만 사실 우리 각자에게는 그보다 훨씬 더 가치 있는 액체가 몇 리터씩 있습니다,몇 리터씩 없습니다,하지만 사실 우리 각자에게는 그보다 훨씬 더 가치 있는 액체가 몇 리터씩 없습니다,6.51125,True
zk_00110,162,test,high,5,하지만 사실 우리 각자에게는 그보다 훨씬 더 가치 있는 액체가 몇 리터씩 있습니다,없는 액체가 몇 리터씩 없습니다,하지만 사실 우리 각자에게는 그보다 훨씬 더 가치 없는 액체가 몇 리터씩 없습니다,6.51125,True
zk_00111,162,test,low,2,삼성그룹 안팎에선 이 지분을 모두 매각해 경영권을 넘기는 방안이 유력하게 보고 있습니다,외면하고 있습니다,삼성그룹 안팎에선 이 지분을 모두 매각해 경영권을 넘기는 방안이 유력하게 외면하고 있습니다,7.2535,True
zk_00111,162,test,mid,3,삼성그룹 안팎에선 이 지분을 모두 매각해 경영권을 넘기는 방안이 유력하게 보고 있습니다,부정적으로 보고 있습니다,삼성그룹 안팎에선 이 지분을 모두 매각해 경영권을 넘기는 방안이 부정적으로 보고 있습니다,7.2535,True
zk_00111,162,test,high,5,삼성그룹 안팎에선 이 지분을 모두 매각해 경영권을 넘기는 방안이 유력하게 보고 있습니다,막기는 방안이 유력하게 보고 있습니다,삼성그룹 안팎에선 이 지분을 모두 매각해 경영권을 막기는 방안이 유력하게 보고 있습니다,7.2535,True
zk_00112,162,test,low,2,각 언론사에서 대선주자 취재를 전담하는 마크맨도 아예 없다,많이 있다,각 언론사에서 대선주자 취재를 전담하는 마크맨도 많이 있다,5.611625,True
zk_00112,162,test,mid,3,각 언론사에서 대선주자 취재를 전담하는 마크맨도 아예 없다,마크맨도 아주 많다,각 언론사에서 대선주자 취재를 전담하는 마크맨도 아주 많다,5.611625,True
zk_00112,162,test,high,5,각 언론사에서 대선주자 취재를 전담하는 마크맨도 아예 없다,취재를 전담하는 마크맨이 많이 있다,각 언론사에서 대선주자 취재를 전담하는 마크맨이 많이 있다,5.611625,True
zk_00113,162,test,low,2,정연국 대변인은 국민이 큰 충격에 빠져 있는데 이른 시일 내에 귀국해 의혹을 해소시켜야 한다고 촉구했다,한다고 반박했다,정연국 대변인은 국민이 큰 충격에 빠져 있는데 이른 시일 내에 귀국해 의혹을 해소시켜야 한다고 반박했다,8.1835625,True
zk_00113,162,test,mid,3,정연국 대변인은 국민이 큰 충격에 빠져 있는데 이른 시일 내에 귀국해 의혹을 해소시켜야 한다고 촉구했다,방치해야 한다고 주장했다,정연국 대변인은 국민이 큰 충격에 빠져 있는데 이른 시일 내에 귀국해 의혹을 방치해야 한다고 주장했다,8.1835625,True
zk_00113,162,test,high,5,정연국 대변인은 국민이 큰 충격에 빠져 있는데 이른 시일 내에 귀국해 의혹을 해소시켜야 한다고 촉구했다,귀국해 의혹을 키워야 한다고 촉구했다,정연국 대변인은 국민이 큰 충격에 빠져 있는데 이른 시일 내에 귀국해 의혹을 키워야 한다고 촉구했다,8.1835625,True
zk_00114,162,test,low,2,아울러 획정 기준은 현행 공직선거법을 근거로 게리맨더링을 방지하고 지역대표성을 확보하는 등 기본 원칙을 지킨다는 방침이다,버린다는 방침이다,아울러 획정 기준은 현행 공직선거법을 근거로 게리맨더링을 방지하고 지역대표성을 확보하는 등 기본 원칙을 버린다는 방침이다,10.1823125,True
zk_00114,162,test,mid,3,아울러 획정 기준은 현행 공직선거법을 근거로 게리맨더링을 방지하고 지역대표성을 확보하는 등 기본 원칙을 지킨다는 방침이다,원칙을 무시한다는 방침이다,아울러 획정 기준은 현행 공직선거법을 근거로 게리맨더링을 방지하고 지역대표성을 확보하는 등 기본 원칙을 무시한다는 방침이다,10.1823125,True
zk_00114,162,test,high,5,아울러 획정 기준은 현행 공직선거법을 근거로 게리맨더링을 방지하고 지역대표성을 확보하는 등 기본 원칙을 지킨다는 방침이다,등 기본 원칙을 무시한다는 방침이다,아울러 획정 기준은 현행 공직선거법을 근거로 게리맨더링을 방지하고 지역대표성을 확보하는 등 기본 원칙을 무시한다는 방침이다,10.1823125,True
zk_00115,162,test,low,2,뇌 먹는 아메바로 불리는 이 단세포 생물은 강이나 호수에 번식하다가 코나 입을 통해 사람의 몸에 들어가 뇌나 척추로 침투한다,척추를 피한다,뇌 먹는 아메바로 불리는 이 단세포 생물은 강이나 호수에 번식하다가 코나 입을 통해 사람의 몸에 들어가 뇌나 척추를 피한다,10.0259375,True
zk_00115,162,test,mid,3,뇌 먹는 아메바로 불리는 이 단세포 생물은 강이나 호수에 번식하다가 코나 입을 통해 사람의 몸에 들어가 뇌나 척추로 침투한다,뇌나 척추를 피한다,뇌 먹는 아메바로 불리는 이 단세포 생물은 강이나 호수에 번식하다가 코나 입을 통해 사람의 몸에 들어가 뇌나 척추를 피한다,10.0259375,True
zk_00115,162,test,high,5,뇌 먹는 아메바로 불리는 이 단세포 생물은 강이나 호수에 번식하다가 코나 입을 통해 사람의 몸에 들어가 뇌나 척추로 침투한다,몸 밖으로 완전히 배출되어 간다,뇌 먹는 아메바로 불리는 이 단세포 생물은 강이나 호수에 번식하다가 코나 입을 통해 사람의 몸 밖으로 완전히 배출되어 간다,10.0259375,True
zk_00116,162,test,low,2,서울중앙지법 형사합의 이십 칠 부는 십 칠 일 공직선거법 위반 혐의로 기소된 양씨 등 일곱 명에 대해 각각 벌금 칠백 만 에서 천 오백 만원을 선고했다,무죄를 선고했다,서울중앙지법 형사합의 이십 칠 부는 십 칠 일 공직선거법 위반 혐의로 기소된 양씨 등 일곱 명에 대해 각각 벌금 칠백 만 에서 천 오백 무죄를 선고했다,10.7233125,True
zk_00116,162,test,mid,3,서울중앙지법 형사합의 이십 칠 부는 십 칠 일 공직선거법 위반 혐의로 기소된 양씨 등 일곱 명에 대해 각각 벌금 칠백 만 에서 천 오백 만원을 선고했다,오백 만원을 감면했다,서울중앙지법 형사합의 이십 칠 부는 십 칠 일 공직선거법 위반 혐의로 기소된 양씨 등 일곱 명에 대해 각각 벌금 칠백 만 에서 천 오백 만원을 감면했다,10.7233125,True
zk_00116,162,test,high,5,서울중앙지법 형사합의 이십 칠 부는 십 칠 일 공직선거법 위반 혐의로 기소된 양씨 등 일곱 명에 대해 각각 벌금 칠백 만 에서 천 오백 만원을 선고했다,에서 천 오백 만원을 감면했다,서울중앙지법 형사합의 이십 칠 부는 십 칠 일 공직선거법 위반 혐의로 기소된 양씨 등 일곱 명에 대해 각각 벌금 칠백 만 에서 천 오백 만원을 감면했다,10.7233125,True
zk_00117,162,test,low,2,만약 사망할 정도로 큰 충격을 받았다면 부딪치는 소리가 크게 났을 텐데 남자친구가 인지하지 못했다는 것이 의아하다,것이 자연스럽다,만약 사망할 정도로 큰 충격을 받았다면 부딪치는 소리가 크게 났을 텐데 남자친구가 인지하지 못했다는 것이 자연스럽다,9.2148125,True
zk_00117,162,test,mid,3,만약 사망할 정도로 큰 충격을 받았다면 부딪치는 소리가 크게 났을 텐데 남자친구가 인지하지 못했다는 것이 의아하다,했다는 것이 당연하다,만약 사망할 정도로 큰 충격을 받았다면 부딪치는 소리가 크게 났을 텐데 남자친구가 인지하지 했다는 것이 당연하다,9.2148125,True
zk_00117,162,test,high,5,만약 사망할 정도로 큰 충격을 받았다면 부딪치는 소리가 크게 났을 텐데 남자친구가 인지하지 못했다는 것이 의아하다,남자친구가 인지했다는 것이 당연하다,만약 사망할 정도로 큰 충격을 받았다면 부딪치는 소리가 크게 났을 텐데 남자친구가 인지했다는 것이 당연하다,9.2148125,False
zk_00118,162,test,low,2,개인별 체크 결과에 따라 그에 맞는 예방 운동을 진행한다,운동을 중단한다,개인별 체크 결과에 따라 그에 맞는 예방 운동을 중단한다,4.9638125,True
zk_00118,162,test,mid,3,개인별 체크 결과에 따라 그에 맞는 예방 운동을 진행한다,예방 운동을 중단한다,개인별 체크 결과에 따라 그에 맞는 예방 운동을 중단한다,4.9638125,True
zk_00118,162,test,high,5,개인별 체크 결과에 따라 그에 맞는 예방 운동을 진행한다,그에 맞는 예방 운동을 피한다,개인별 체크 결과에 따라 그에 맞는 예방 운동을 피한다,4.9638125,True
zk_00119,162,test,low,2,이전에 제기됐던 성능문제도 다양한 개발툴이 등장하면서 차츰 개선되고 있어 앞으로 더욱 이런 추세는 지속될 것으로 예상된다,불가능할 것이다,이전에 제기됐던 성능문제도 다양한 개발툴이 등장하면서 차츰 개선되고 있어 앞으로 더욱 이런 추세는 지속될 불가능할 것이다,9.575125,True
zk_00119,162,test,mid,3,이전에 제기됐던 성능문제도 다양한 개발툴이 등장하면서 차츰 개선되고 있어 앞으로 더욱 이런 추세는 지속될 것으로 예상된다,곧 끝날 것으로,이전에 제기됐던 성능문제도 다양한 개발툴이 등장하면서 차츰 개선되고 있어 앞으로 더욱 이런 추세는 곧 끝날 것으로,9.575125,True
zk_00119,162,test,high,5,이전에 제기됐던 성능문제도 다양한 개발툴이 등장하면서 차츰 개선되고 있어 앞으로 더욱 이런 추세는 지속될 것으로 예상된다,이런 추세는 곧 사라질 것이다,이전에 제기됐던 성능문제도 다양한 개발툴이 등장하면서 차츰 개선되고 있어 앞으로 더욱 이런 추세는 곧 사라질 것이다,9.575125,True
zk_00120,173,test,low,2,오백 유로 지폐로 이용해 수백만 달러를 조성할 때 그 무게는 이 쩜 이 파운드에 불과하다,파운드를 초과한다,오백 유로 지폐로 이용해 수백만 달러를 조성할 때 그 무게는 이 쩜 이 파운드를 초과한다,6.836875,True
zk_00120,173,test,mid,3,오백 유로 지폐로 이용해 수백만 달러를 조성할 때 그 무게는 이 쩜 이 파운드에 불과하다,이 파운드를 초과한다,오백 유로 지폐로 이용해 수백만 달러를 조성할 때 그 무게는 이 쩜 이 파운드를 초과한다,6.836875,True
zk_00120,173,test,high,5,오백 유로 지폐로 이용해 수백만 달러를 조성할 때 그 무게는 이 쩜 이 파운드에 불과하다,이 정도 이 파운드는 많다,오백 유로 지폐로 이용해 수백만 달러를 조성할 때 그 무게는 이 정도 이 파운드는 많다,6.836875,True
zk_00121,173,test,low,2,외부투자를 속속 받으며 부상하던 여기어때와 야놀자가 해킹 파문과 성매매 논란에 휩싸이면서 전례 없는 혼란에 빠졌다,질서를 잡았다,외부투자를 속속 받으며 부상하던 여기어때와 야놀자가 해킹 파문과 성매매 논란에 휩싸이면서 전례 없는 질서를 잡았다,9.252375,True
zk_00121,173,test,mid,3,외부투자를 속속 받으며 부상하던 여기어때와 야놀자가 해킹 파문과 성매매 논란에 휩싸이면서 전례 없는 혼란에 빠졌다,명확한 판단을 했다,외부투자를 속속 받으며 부상하던 여기어때와 야놀자가 해킹 파문과 성매매 논란에 휩싸이면서 전례 명확한 판단을 했다,9.252375,True
zk_00121,173,test,high,5,외부투자를 속속 받으며 부상하던 여기어때와 야놀자가 해킹 파문과 성매매 논란에 휩싸이면서 전례 없는 혼란에 빠졌다,휩싸이면서 예상대로 질서를 잘 유지했다,외부투자를 속속 받으며 부상하던 여기어때와 야놀자가 해킹 파문과 성매매 논란에 휩싸이면서 예상대로 질서를 잘 유지했다,9.252375,True
zk_00122,173,test,low,2,이번 경매 낙찰 회사인 기요무라의 기무라 기요시 사장은 쓰키지시장 최후의 새해 첫경매 낙찰자가 돼서 감개무량하다,돼서 한탄스럽다,이번 경매 낙찰 회사인 기요무라의 기무라 기요시 사장은 쓰키지시장 최후의 새해 첫경매 낙찰자가 돼서 한탄스럽다,8.94525,True
zk_00122,173,test,mid,3,이번 경매 낙찰 회사인 기요무라의 기무라 기요시 사장은 쓰키지시장 최후의 새해 첫경매 낙찰자가 돼서 감개무량하다,낙찰자가 아니라 섭섭하다,이번 경매 낙찰 회사인 기요무라의 기무라 기요시 사장은 쓰키지시장 최후의 새해 첫경매 낙찰자가 아니라 섭섭하다,8.94525,True
zk_00122,173,test,high,5,이번 경매 낙찰 회사인 기요무라의 기무라 기요시 사장은 쓰키지시장 최후의 새해 첫경매 낙찰자가 돼서 감개무량하다,새해 첫경매 낙찰에 실패해서 아쉽다,이번 경매 낙찰 회사인 기요무라의 기무라 기요시 사장은 쓰키지시장 최후의 새해 첫경매 낙찰에 실패해서 아쉽다,8.94525,True
zk_00123,173,test,low,2,정부가 이천 십 삼 년 소득공제를 세액공제로 바꾸고 올해 들어 연말정산 파동이 커지자 저소득층 및 중산층 세금을 깎으면서다,세금을 걷으면서다,정부가 이천 십 삼 년 소득공제를 세액공제로 바꾸고 올해 들어 연말정산 파동이 커지자 저소득층 및 중산층 세금을 걷으면서다,9.396375,True
zk_00123,173,test,mid,3,정부가 이천 십 삼 년 소득공제를 세액공제로 바꾸고 올해 들어 연말정산 파동이 커지자 저소득층 및 중산층 세금을 깎으면서다,중산층 세금을 올리면서다,정부가 이천 십 삼 년 소득공제를 세액공제로 바꾸고 올해 들어 연말정산 파동이 커지자 저소득층 및 중산층 세금을 올리면서다,9.396375,True
zk_00123,173,test,high,5,정부가 이천 십 삼 년 소득공제를 세액공제로 바꾸고 올해 들어 연말정산 파동이 커지자 저소득층 및 중산층 세금을 깎으면서다,저소득층 및 중산층 세금을 올리면서다,정부가 이천 십 삼 년 소득공제를 세액공제로 바꾸고 올해 들어 연말정산 파동이 커지자 저소득층 및 중산층 세금을 올리면서다,9.396375,True
zk_00124,173,test,low,2,울산의 경우 도시 근교농업을 발전시켜 공급하는 체계를 갖춰야 한다며 앞으로 신규 품목 단지를 발굴 농가들에 인센티브를 제공하는 등 관련 투자를 강화할 예정이라고 말했다,거짓이라고 말했다,울산의 경우 도시 근교농업을 발전시켜 공급하는 체계를 갖춰야 한다며 앞으로 신규 품목 단지를 발굴 농가들에 인센티브를 제공하는 등 관련 투자를 강화할 거짓이라고 말했다,12.6455625,True
zk_00124,173,test,mid,3,울산의 경우 도시 근교농업을 발전시켜 공급하는 체계를 갖춰야 한다며 앞으로 신규 품목 단지를 발굴 농가들에 인센티브를 제공하는 등 관련 투자를 강화할 예정이라고 말했다,약화할 예정이라고 말했다,울산의 경우 도시 근교농업을 발전시켜 공급하는 체계를 갖춰야 한다며 앞으로 신규 품목 단지를 발굴 농가들에 인센티브를 제공하는 등 관련 투자를 약화할 예정이라고 말했다,12.6455625,True
zk_00124,173,test,high,5,울산의 경우 도시 근교농업을 발전시켜 공급하는 체계를 갖춰야 한다며 앞으로 신규 품목 단지를 발굴 농가들에 인센티브를 제공하는 등 관련 투자를 강화할 예정이라고 말했다,관련 투자를 축소할 예정이라고 말했다,울산의 경우 도시 근교농업을 발전시켜 공급하는 체계를 갖춰야 한다며 앞으로 신규 품목 단지를 발굴 농가들에 인센티브를 제공하는 등 관련 투자를 축소할 예정이라고 말했다,12.6455625,True
zk_00125,173,test,low,2,고추는 씨를 뿌려서 재배하기도 하고 모종을 하기도 합니다,하지도 않습니다,고추는 씨를 뿌려서 재배하기도 하고 모종을 하지도 않습니다,5.0511875,True
zk_00125,173,test,mid,3,고추는 씨를 뿌려서 재배하기도 하고 모종을 하기도 합니다,모종을 피하기도 합니다,고추는 씨를 뿌려서 재배하기도 하고 모종을 피하기도 합니다,5.0511875,True
zk_00125,173,test,high,5,고추는 씨를 뿌려서 재배하기도 하고 모종을 하기도 합니다,구매하기만 하고 있을 뿐입니다,고추는 씨를 뿌려서 구매하기만 하고 있을 뿐입니다,5.0511875,False
zk_00126,173,test,low,2,이들은 달 주변에 있는 지구와 달의 중력이 영 이 되는 중간 지점인 라그랑쥬포인트에 정지 우주선이나 우주우주정거장을 두게 된다,못하게 된다,이들은 달 주변에 있는 지구와 달의 중력이 영 이 되는 중간 지점인 라그랑쥬포인트에 정지 우주선이나 우주우주정거장을 못하게 된다,10.00525,True
zk_00126,173,test,mid,3,이들은 달 주변에 있는 지구와 달의 중력이 영 이 되는 중간 지점인 라그랑쥬포인트에 정지 우주선이나 우주우주정거장을 두게 된다,우주정거장을 철거하게 된다,이들은 달 주변에 있는 지구와 달의 중력이 영 이 되는 중간 지점인 라그랑쥬포인트에 정지 우주선이나 우주정거장을 철거하게 된다,10.00525,True
zk_00126,173,test,high,5,이들은 달 주변에 있는 지구와 달의 중력이 영 이 되는 중간 지점인 라그랑쥬포인트에 정지 우주선이나 우주우주정거장을 두게 된다,정지 우주선을 철거하게 될 것이다,이들은 달 주변에 있는 지구와 달의 중력이 영 이 되는 중간 지점인 라그랑쥬포인트에 정지 우주선을 철거하게 될 것이다,10.00525,True
zk_00127,173,test,low,2,연금 가입 등 은퇴 이후 소득 준비가 실제로 나아진 요인도 있지만 눈높이가 낮아진 요인도 작용한 것이다,작용하지 않았다,연금 가입 등 은퇴 이후 소득 준비가 실제로 나아진 요인도 있지만 눈높이가 낮아진 요인도 작용하지 않았다,8.05475,True
zk_00127,173,test,mid,3,연금 가입 등 은퇴 이후 소득 준비가 실제로 나아진 요인도 있지만 눈높이가 낮아진 요인도 작용한 것이다,요인도 작용하지 않았다,연금 가입 등 은퇴 이후 소득 준비가 실제로 나아진 요인도 있지만 눈높이가 낮아진 요인도 작용하지 않았다,8.05475,True
zk_00127,173,test,high,5,연금 가입 등 은퇴 이후 소득 준비가 실제로 나아진 요인도 있지만 눈높이가 낮아진 요인도 작용한 것이다,눈높이가 높아진 요인도 작용한 것이다,연금 가입 등 은퇴 이후 소득 준비가 실제로 나아진 요인도 있지만 눈높이가 높아진 요인도 작용한 것이다,8.05475,True
zk_00128,173,test,low,2,사람들이 규정을 계속 준수하게 하기 위해 그 목회자들은 말하자면 지옥의 불을 지핀 다음 그 불을 계속 활활 타오르게 하였습니다,꺼버렸습니다,사람들이 규정을 계속 준수하게 하기 위해 그 목회자들은 말하자면 지옥의 불을 지핀 다음 그 불을 계속 활활 꺼버렸습니다,9.1528125,False
zk_00128,173,test,mid,3,사람들이 규정을 계속 준수하게 하기 위해 그 목회자들은 말하자면 지옥의 불을 지핀 다음 그 불을 계속 활활 타오르게 하였습니다,천천히 꺼트렸습니다,사람들이 규정을 계속 준수하게 하기 위해 그 목회자들은 말하자면 지옥의 불을 지핀 다음 그 불을 계속 천천히 꺼트렸습니다,9.1528125,False
zk_00128,173,test,high,5,사람들이 규정을 계속 준수하게 하기 위해 그 목회자들은 말하자면 지옥의 불을 지핀 다음 그 불을 계속 활활 타오르게 하였습니다,불을 조용히 천천히 꺼버렸습니다,사람들이 규정을 계속 준수하게 하기 위해 그 목회자들은 말하자면 지옥의 불을 지핀 다음 그 불을 조용히 천천히 꺼버렸습니다,9.1528125,False
zk_00129,173,test,low,2,새누리당 입장에서는 법안명 등 일부 세부조항을 제외하고는 사실상 다 내줬다는 평가다,받지 못했다는,새누리당 입장에서는 법안명 등 일부 세부조항을 제외하고는 사실상 다 받지 못했다는,6.980625,True
zk_00129,173,test,mid,3,새누리당 입장에서는 법안명 등 일부 세부조항을 제외하고는 사실상 다 내줬다는 평가다,안 줬다는 평가다,새누리당 입장에서는 법안명 등 일부 세부조항을 제외하고는 사실상 안 줬다는 평가다,6.980625,True
zk_00129,173,test,high,5,새누리당 입장에서는 법안명 등 일부 세부조항을 제외하고는 사실상 다 내줬다는 평가다,제외한 것만 안 줬다는 평가다,새누리당 입장에서는 법안명 등 일부 세부조항을 제외한 것만 안 줬다는 평가다,6.980625,True
zk_00130,182,test,low,2,광화문 앞 왕복 팔 차로인 율곡로까지는 지난주와 마찬가지로 허용했다,달리 거부했다,광화문 앞 왕복 팔 차로인 율곡로까지는 지난주와 달리 거부했다,6.32575,True
zk_00130,182,test,mid,3,광화문 앞 왕복 팔 차로인 율곡로까지는 지난주와 마찬가지로 허용했다,지난주와 달리 거부했다,광화문 앞 왕복 팔 차로인 율곡로까지는 지난주와 달리 거부했다,6.32575,True
zk_00130,182,test,high,5,광화문 앞 왕복 팔 차로인 율곡로까지는 지난주와 마찬가지로 허용했다,차로인 율곡로까지는 지난주와 달리 금지했다,광화문 앞 왕복 팔 차로인 율곡로까지는 지난주와 달리 금지했다,6.32575,True
zk_00131,182,test,low,2,불도저로 낙후한 주거 지역을 모두 밀어 버리는 대신 마을 만들기 사업을 통해 구도심을 살기 좋은 곳으로 바꿔 나가는 게 도시 재생의 핵심이다,파괴의 원인이다,불도저로 낙후한 주거 지역을 모두 밀어 버리는 대신 마을 만들기 사업을 통해 구도심을 살기 좋은 곳으로 바꿔 나가는 게 도시 파괴의 원인이다,9.6021875,True
zk_00131,182,test,mid,3,불도저로 낙후한 주거 지역을 모두 밀어 버리는 대신 마을 만들기 사업을 통해 구도심을 살기 좋은 곳으로 바꿔 나가는 게 도시 재생의 핵심이다,도시 쇠퇴의 원인이다,불도저로 낙후한 주거 지역을 모두 밀어 버리는 대신 마을 만들기 사업을 통해 구도심을 살기 좋은 곳으로 바꿔 나가는 게 도시 쇠퇴의 원인이다,9.6021875,True
zk_00131,182,test,high,5,불도저로 낙후한 주거 지역을 모두 밀어 버리는 대신 마을 만들기 사업을 통해 구도심을 살기 좋은 곳으로 바꿔 나가는 게 도시 재생의 핵심이다,들어오는 게 도시 재생의 핵심이다,불도저로 낙후한 주거 지역을 모두 밀어 버리는 대신 마을 만들기 사업을 통해 구도심을 살기 좋은 곳으로 바꿔 들어오는 게 도시 재생의 핵심이다,9.6021875,True
zk_00132,182,test,low,2,단박근혜 대통령의 요즘 심경에 대해 청와대 참모들은 다 내려놓았다고 전하고 있다,숨기고 있다,단박근혜 대통령의 요즘 심경에 대해 청와대 참모들은 다 내려놓았다고 숨기고 있다,6.37725,True
zk_00132,182,test,mid,3,단박근혜 대통령의 요즘 심경에 대해 청와대 참모들은 다 내려놓았다고 전하고 있다,들어올렸다고 전하고 있다,단박근혜 대통령의 요즘 심경에 대해 청와대 참모들은 다 들어올렸다고 전하고 있다,6.37725,True
zk_00132,182,test,high,5,단박근혜 대통령의 요즘 심경에 대해 청와대 참모들은 다 내려놓았다고 전하고 있다,참모들은 다 들고 일어났다고 한다,단박근혜 대통령의 요즘 심경에 대해 청와대 참모들은 다 들고 일어났다고 한다,6.37725,True
zk_00133,182,test,low,2,사도들이 도움을 청하자 예수께서는 일어나 바람을 꾸짖으시며 바다더러 잠잠하여라,바다더러 소란피워라,사도들이 도움을 청하자 예수께서는 일어나 바람을 꾸짖으시며 바다더러 소란피워라,7.6113125,True
zk_00133,182,test,mid,3,사도들이 도움을 청하자 예수께서는 일어나 바람을 꾸짖으시며 바다더러 잠잠하여라,꾸짖으시며 바다더러 소란피워라,사도들이 도움을 청하자 예수께서는 일어나 바람을 꾸짖으시며 바다더러 소란피워라,7.6113125,True
zk_00133,182,test,high,5,사도들이 도움을 청하자 예수께서는 일어나 바람을 꾸짖으시며 바다더러 잠잠하여라,누워 바람을 따르며 바다더러 출렁거려라,사도들이 도움을 청하자 예수께서는 누워 바람을 따르며 바다더러 출렁거려라,7.6113125,True
zk_00134,182,test,low,2,자기계발비가 너무 적어 가족당 외출을 한 달에 한 두 번밖에 못할 명세서도 등장했다,명세서도 없었다,자기계발비가 너무 적어 가족당 외출을 한 달에 한 두 번밖에 못할 명세서도 없었다,6.78775,True
zk_00134,182,test,mid,3,자기계발비가 너무 적어 가족당 외출을 한 달에 한 두 번밖에 못할 명세서도 등장했다,할 수 있었다,자기계발비가 너무 적어 가족당 외출을 한 달에 한 두 번밖에 할 수 있었다,6.78775,True
zk_00134,182,test,high,5,자기계발비가 너무 적어 가족당 외출을 한 달에 한 두 번밖에 못할 명세서도 등장했다,매번 할 수 있는 명세서도 등장했다,자기계발비가 너무 적어 가족당 외출을 한 달에 한 매번 할 수 있는 명세서도 등장했다,6.78775,False
zk_00135,182,test,low,2,현금 삼 만 오 천 원을 받은 남성은 유유히 밖으로 사라집니다,계속 남아있습니다,현금 삼 만 오 천 원을 받은 남성은 유유히 계속 남아있습니다,4.9886875,True
zk_00135,182,test,mid,3,현금 삼 만 오 천 원을 받은 남성은 유유히 밖으로 사라집니다,급히 안으로 들어옵니다,현금 삼 만 오 천 원을 받은 남성은 급히 안으로 들어옵니다,4.9886875,True
zk_00135,182,test,high,5,현금 삼 만 오 천 원을 받은 남성은 유유히 밖으로 사라집니다,받은 남성은 화를 내며 돌아옵니다,현금 삼 만 오 천 원을 받은 남성은 화를 내며 돌아옵니다,4.9886875,True
zk_00136,182,test,low,2,대신 준거집단 성향 고관여가전제품 여부가 향후수입 가전제품 구입 의향에 영향을 미쳤다,영향을 받았다,대신 준거집단 성향 고관여가전제품 여부가 향후수입 가전제품 구입 의향에 영향을 받았다,7.3381875,True
zk_00136,182,test,mid,3,대신 준거집단 성향 고관여가전제품 여부가 향후수입 가전제품 구입 의향에 영향을 미쳤다,의향을 꺾어버렸다,대신 준거집단 성향 고관여가전제품 여부가 향후수입 가전제품 구입 의향을 꺾어버렸다,7.3381875,False
zk_00136,182,test,high,5,대신 준거집단 성향 고관여가전제품 여부가 향후수입 가전제품 구입 의향에 영향을 미쳤다,가전제품 구입 의향을 방해했다,대신 준거집단 성향 고관여가전제품 여부가 향후수입 가전제품 구입 의향을 방해했다,7.3381875,False
zk_00137,182,test,low,2,인스타그램의 경우도 검색란에 해시태그와 함께 영문으로 특정 성적 단어를 검색하면 검색 결과가 보이지 않는 등 자체 필터링이 되고 있다,되지 않는다,인스타그램의 경우도 검색란에 해시태그와 함께 영문으로 특정 성적 단어를 검색하면 검색 결과가 보이지 않는 등 자체 필터링이 되지 않는다,9.8230625,True
zk_00137,182,test,mid,3,인스타그램의 경우도 검색란에 해시태그와 함께 영문으로 특정 성적 단어를 검색하면 검색 결과가 보이지 않는 등 자체 필터링이 되고 있다,필터링이 되지 않고,인스타그램의 경우도 검색란에 해시태그와 함께 영문으로 특정 성적 단어를 검색하면 검색 결과가 보이지 않는 등 자체 필터링이 되지 않고,9.8230625,True
zk_00137,182,test,high,5,인스타그램의 경우도 검색란에 해시태그와 함께 영문으로 특정 성적 단어를 검색하면 검색 결과가 보이지 않는 등 자체 필터링이 되고 있다,등 자체 필터링이 전혀 안 된다,인스타그램의 경우도 검색란에 해시태그와 함께 영문으로 특정 성적 단어를 검색하면 검색 결과가 보이지 않는 등 자체 필터링이 전혀 안 된다,9.8230625,False
zk_00138,182,test,low,2,책가방 판매 직원 품절된 것은 아니고 아직 한개 남아있으니까요,다 떨어졌으니까요,책가방 판매 직원 품절된 것은 아니고 아직 다 떨어졌으니까요,5.1330625,True
zk_00138,182,test,mid,3,책가방 판매 직원 품절된 것은 아니고 아직 한개 남아있으니까요,이미 모두 끝났거든요,책가방 판매 직원 품절된 것은 아니고 이미 모두 끝났거든요,5.1330625,True
zk_00138,182,test,high,5,책가방 판매 직원 품절된 것은 아니고 아직 한개 남아있으니까요,것은 맞고 이미 다 끝났거든요,책가방 판매 직원 품절된 것은 맞고 이미 다 끝났거든요,5.1330625,True
zk_00139,182,test,low,2,내년 일 월 일 일 담뱃값 이 천원 인상을 앞두고 인기 담배를 위주로 담배 품귀 현상이 일어나고 있다,일어나지 않는다,내년 일 월 일 일 담뱃값 이 천원 인상을 앞두고 인기 담배를 위주로 담배 품귀 현상이 일어나지 않는다,6.9001875,True
zk_00139,182,test,mid,3,내년 일 월 일 일 담뱃값 이 천원 인상을 앞두고 인기 담배를 위주로 담배 품귀 현상이 일어나고 있다,현상이 일어나지 않다,내년 일 월 일 일 담뱃값 이 천원 인상을 앞두고 인기 담배를 위주로 담배 품귀 현상이 일어나지 않다,6.9001875,True
zk_00139,182,test,high,5,내년 일 월 일 일 담뱃값 이 천원 인상을 앞두고 인기 담배를 위주로 담배 품귀 현상이 일어나고 있다,담배 공급이 충분히 이루어지고 있다,내년 일 월 일 일 담뱃값 이 천원 인상을 앞두고 인기 담배를 위주로 담배 공급이 충분히 이루어지고 있다,6.9001875,True
zk_00140,193,test,low,2,정부는 소수의 부를 위해 세금이나 내는 봉으로 국민을 생각하는 그릇된 정치를 반성해야 한다,외면해야 한다,정부는 소수의 부를 위해 세금이나 내는 봉으로 국민을 생각하는 그릇된 정치를 외면해야 한다,7.1296875,True
zk_00140,193,test,mid,3,정부는 소수의 부를 위해 세금이나 내는 봉으로 국민을 생각하는 그릇된 정치를 반성해야 한다,정치를 옹호해야 한다,정부는 소수의 부를 위해 세금이나 내는 봉으로 국민을 생각하는 그릇된 정치를 옹호해야 한다,7.1296875,True
zk_00140,193,test,high,5,정부는 소수의 부를 위해 세금이나 내는 봉으로 국민을 생각하는 그릇된 정치를 반성해야 한다,생각하는 올바른 정치를 실천해야 한다,정부는 소수의 부를 위해 세금이나 내는 봉으로 국민을 생각하는 올바른 정치를 실천해야 한다,7.1296875,True
zk_00141,193,test,low,2,중국의 금수저들이 영국풍 무도회에 가기 위해 포크질을 배우는 사이 흑수저들은 밤새 베껴 쓴 필사본 인증샷을 학교와 직장 웹사이트에 올리고 있다,내리고 있다,중국의 금수저들이 영국풍 무도회에 가기 위해 포크질을 배우는 사이 흑수저들은 밤새 베껴 쓴 필사본 인증샷을 학교와 직장 웹사이트에 내리고 있다,10.1229375,True
zk_00141,193,test,mid,3,중국의 금수저들이 영국풍 무도회에 가기 위해 포크질을 배우는 사이 흑수저들은 밤새 베껴 쓴 필사본 인증샷을 학교와 직장 웹사이트에 올리고 있다,웹사이트에 내리고 있다,중국의 금수저들이 영국풍 무도회에 가기 위해 포크질을 배우는 사이 흑수저들은 밤새 베껴 쓴 필사본 인증샷을 학교와 직장 웹사이트에 내리고 있다,10.1229375,True
zk_00141,193,test,high,5,중국의 금수저들이 영국풍 무도회에 가기 위해 포크질을 배우는 사이 흑수저들은 밤새 베껴 쓴 필사본 인증샷을 학교와 직장 웹사이트에 올리고 있다,학교와 직장 웹사이트에 내리고 있다,중국의 금수저들이 영국풍 무도회에 가기 위해 포크질을 배우는 사이 흑수저들은 밤새 베껴 쓴 필사본 인증샷을 학교와 직장 웹사이트에 내리고 있다,10.1229375,True
zk_00142,193,test,low,2,서로에 대한 배려의 마음도 조금씩 키우게 됐다는 이들도 많습니다,이들도 적습니다,서로에 대한 배려의 마음도 조금씩 키우게 됐다는 이들도 적습니다,5.408,True
zk_00142,193,test,mid,3,서로에 대한 배려의 마음도 조금씩 키우게 됐다는 이들도 많습니다,못했다는 이들도 많습니다,서로에 대한 배려의 마음도 조금씩 키우게 못했다는 이들도 많습니다,5.408,True
zk_00142,193,test,high,5,서로에 대한 배려의 마음도 조금씩 키우게 됐다는 이들도 많습니다,급격히 줄이게 됐다는 이들도 많습니다,서로에 대한 배려의 마음도 급격히 줄이게 됐다는 이들도 많습니다,5.408,True
zk_00143,193,test,low,2,근무여건 개선을 촉구하는 급식 조리 종사원들과 이를 받아들일 수 없다는 학교 측의 갈등으로 애꿎은 학생들이 두 주째 급식을 먹지 못하고 있다,하고 있다,근무여건 개선을 촉구하는 급식 조리 종사원들과 이를 받아들일 수 없다는 학교 측의 갈등으로 애꿎은 학생들이 두 주째 급식을 먹지 하고 있다,9.9296875,True
zk_00143,193,test,mid,3,근무여건 개선을 촉구하는 급식 조리 종사원들과 이를 받아들일 수 없다는 학교 측의 갈등으로 애꿎은 학생들이 두 주째 급식을 먹지 못하고 있다,먹고 있습니다,근무여건 개선을 촉구하는 급식 조리 종사원들과 이를 받아들일 수 없다는 학교 측의 갈등으로 애꿎은 학생들이 두 주째 급식을 먹고 있습니다,9.9296875,False
zk_00143,193,test,high,5,근무여건 개선을 촉구하는 급식 조리 종사원들과 이를 받아들일 수 없다는 학교 측의 갈등으로 애꿎은 학생들이 두 주째 급식을 먹지 못하고 있다,주째 급식을 잘 먹고 있다,근무여건 개선을 촉구하는 급식 조리 종사원들과 이를 받아들일 수 없다는 학교 측의 갈등으로 애꿎은 학생들이 두 주째 급식을 잘 먹고 있다,9.9296875,True
zk_00144,193,test,low,2,김능진 그건 저희 생각으로는 말장난 같은 것에 지나지 않다고 봅니다,맞다고 봅니다,김능진 그건 저희 생각으로는 말장난 같은 것에 지나지 맞다고 봅니다,6.0406875,True
zk_00144,193,test,mid,3,김능진 그건 저희 생각으로는 말장난 같은 것에 지나지 않다고 봅니다,지나갔다고 생각합니다,김능진 그건 저희 생각으로는 말장난 같은 것에 지나갔다고 생각합니다,6.0406875,False
zk_00144,193,test,high,5,김능진 그건 저희 생각으로는 말장난 같은 것에 지나지 않다고 봅니다,전혀 다른 것이라고 봅니다,김능진 그건 저희 생각으로는 말장난 전혀 다른 것이라고 봅니다,6.0406875,False
zk_00145,193,test,low,2,과거 이천 구 년 이천 십 삼 년 제도 변경때도 비슷한 패턴이 반복됐다,패턴이 깨졌다,과거 이천 구 년 이천 십 삼 년 제도 변경때도 비슷한 패턴이 깨졌다,5.905375,True
zk_00145,193,test,mid,3,과거 이천 구 년 이천 십 삼 년 제도 변경때도 비슷한 패턴이 반복됐다,다양한 패턴이 나타났다,과거 이천 구 년 이천 십 삼 년 제도 변경때도 다양한 패턴이 나타났다,5.905375,True
zk_00145,193,test,high,5,과거 이천 구 년 이천 십 삼 년 제도 변경때도 비슷한 패턴이 반복됐다,제도 변경때도 완전히 다른 패턴이었다,과거 이천 구 년 이천 십 삼 년 제도 변경때도 완전히 다른 패턴이었다,5.905375,True
zk_00146,193,test,low,2,당초 이를 근거로 발사에 실패한 것 아니냐는 관측도 나왔지만 우리 군 당국과 북한은 위성이 우주궤도 진입에 성공했다고 발표했다,실패했다고 발표했다,당초 이를 근거로 발사에 실패한 것 아니냐는 관측도 나왔지만 우리 군 당국과 북한은 위성이 우주궤도 진입에 실패했다고 발표했다,9.4019375,True
zk_00146,193,test,mid,3,당초 이를 근거로 발사에 실패한 것 아니냐는 관측도 나왔지만 우리 군 당국과 북한은 위성이 우주궤도 진입에 성공했다고 발표했다,진입에 실패했다고 발표했다,당초 이를 근거로 발사에 실패한 것 아니냐는 관측도 나왔지만 우리 군 당국과 북한은 위성이 우주궤도 진입에 실패했다고 발표했다,9.4019375,True
zk_00146,193,test,high,5,당초 이를 근거로 발사에 실패한 것 아니냐는 관측도 나왔지만 우리 군 당국과 북한은 위성이 우주궤도 진입에 성공했다고 발표했다,위성이 우주궤도 진입에 실패했다고 발표했다,당초 이를 근거로 발사에 실패한 것 아니냐는 관측도 나왔지만 우리 군 당국과 북한은 위성이 우주궤도 진입에 실패했다고 발표했다,9.4019375,True
zk_00147,193,test,low,2,회수대상은 이천 십 육 년 시 월 일 일 에서 이천 십 육 년 십 일 월 십 구 일 내로 유통기한이 표시된 제품들이다,숨겨진 제품들이다,회수대상은 이천 십 육 년 시 월 일 일 에서 이천 십 육 년 십 일 월 십 구 일 내로 유통기한이 숨겨진 제품들이다,8.4416875,True
zk_00147,193,test,mid,3,회수대상은 이천 십 육 년 시 월 일 일 에서 이천 십 육 년 십 일 월 십 구 일 내로 유통기한이 표시된 제품들이다,유통기한이 표시되지 않았다,회수대상은 이천 십 육 년 시 월 일 일 에서 이천 십 육 년 십 일 월 십 구 일 내로 유통기한이 표시되지 않았다,8.4416875,True
zk_00147,193,test,high,5,회수대상은 이천 십 육 년 시 월 일 일 에서 이천 십 육 년 십 일 월 십 구 일 내로 유통기한이 표시된 제품들이다,일 내로 유통기한이 표시되지 않았다,회수대상은 이천 십 육 년 시 월 일 일 에서 이천 십 육 년 십 일 월 십 구 일 내로 유통기한이 표시되지 않았다,8.4416875,True
zk_00148,193,test,low,2,문제는 손님 목적지에 따라서 시간당 매출이 몇 배로 차이가 난다는 것이다,떨어진다는 것이다,문제는 손님 목적지에 따라서 시간당 매출이 몇 배로 차이가 떨어진다는 것이다,6.196625,True
zk_00148,193,test,mid,3,문제는 손님 목적지에 따라서 시간당 매출이 몇 배로 차이가 난다는 것이다,같지 않다는 것이다,문제는 손님 목적지에 따라서 시간당 매출이 몇 배로 같지 않다는 것이다,6.196625,True
zk_00148,193,test,high,5,문제는 손님 목적지에 따라서 시간당 매출이 몇 배로 차이가 난다는 것이다,거의 차이가 없다는 것이다,문제는 손님 목적지에 따라서 시간당 매출이 거의 차이가 없다는 것이다,6.196625,False
zk_00149,193,test,low,2,실제로 민 전 사장이 사표를 내자 후임 사장으로 청와대 등은 백 사장이 아니라 다른 후보를 원했다고 한다,거부했다고 한다,실제로 민 전 사장이 사표를 내자 후임 사장으로 청와대 등은 백 사장이 아니라 다른 후보를 거부했다고 한다,7.803625,True
zk_00149,193,test,mid,3,실제로 민 전 사장이 사표를 내자 후임 사장으로 청와대 등은 백 사장이 아니라 다른 후보를 원했다고 한다,후보를 반대했다고 한다,실제로 민 전 사장이 사표를 내자 후임 사장으로 청와대 등은 백 사장이 아니라 다른 후보를 반대했다고 한다,7.803625,True
zk_00149,193,test,high,5,실제로 민 전 사장이 사표를 내자 후임 사장으로 청와대 등은 백 사장이 아니라 다른 후보를 원했다고 한다,아니라 그 후보를 지지했다고 한다,실제로 민 전 사장이 사표를 내자 후임 사장으로 청와대 등은 백 사장이 아니라 그 후보를 지지했다고 한다,7.803625,True
zk_00150,196,test,low,2,그 해에 개발도상국들에서는 분당 백 명가량의 아이들이 태어났는데 그 백 명당 열 다섯 명은 태어난 지 일 년이 되기도 전에 사망하였습니다,후에 생존하였습니다,그 해에 개발도상국들에서는 분당 백 명가량의 아이들이 태어났는데 그 백 명당 열 다섯 명은 태어난 지 일 년이 되기도 후에 생존하였습니다,10.404375,True
zk_00150,196,test,mid,3,그 해에 개발도상국들에서는 분당 백 명가량의 아이들이 태어났는데 그 백 명당 열 다섯 명은 태어난 지 일 년이 되기도 전에 사망하였습니다,되기도 전에 회복되었습니다,그 해에 개발도상국들에서는 분당 백 명가량의 아이들이 태어났는데 그 백 명당 열 다섯 명은 태어난 지 일 년이 되기도 전에 회복되었습니다,10.404375,True
zk_00150,196,test,high,5,그 해에 개발도상국들에서는 분당 백 명가량의 아이들이 태어났는데 그 백 명당 열 다섯 명은 태어난 지 일 년이 되기도 전에 사망하였습니다,일 년이 지난 후에 회복되었습니다,그 해에 개발도상국들에서는 분당 백 명가량의 아이들이 태어났는데 그 백 명당 열 다섯 명은 태어난 지 일 년이 지난 후에 회복되었습니다,10.404375,True
zk_00151,196,test,low,2,일각에서는 지상파 방송사들의 수입 챙기기가 도를 넘었다는 지적도 제기하고 있다,받아들이고 있다,일각에서는 지상파 방송사들의 수입 챙기기가 도를 넘었다는 지적도 받아들이고 있다,6.2075625,True
zk_00151,196,test,mid,3,일각에서는 지상파 방송사들의 수입 챙기기가 도를 넘었다는 지적도 제기하고 있다,인정하지 않고 있다,일각에서는 지상파 방송사들의 수입 챙기기가 도를 넘었다는 인정하지 않고 있다,6.2075625,True
zk_00151,196,test,high,5,일각에서는 지상파 방송사들의 수입 챙기기가 도를 넘었다는 지적도 제기하고 있다,도를 넘지 않았다고 주장하고 있다,일각에서는 지상파 방송사들의 수입 챙기기가 도를 넘지 않았다고 주장하고 있다,6.2075625,True
zk_00152,196,test,low,2,그런데 지금 미국은 중국보고 하라고 했는데 하지 않으면 우리가 하겠다 이러고 있는데요,이러지 않는데요,그런데 지금 미국은 중국보고 하라고 했는데 하지 않으면 우리가 하겠다 이러지 않는데요,6.0405625,True
zk_00152,196,test,mid,3,그런데 지금 미국은 중국보고 하라고 했는데 하지 않으면 우리가 하겠다 이러고 있는데요,못하겠다 이러고 있는데요,그런데 지금 미국은 중국보고 하라고 했는데 하지 않으면 우리가 못하겠다 이러고 있는데요,6.0405625,True
zk_00152,196,test,high,5,그런데 지금 미국은 중국보고 하라고 했는데 하지 않으면 우리가 하겠다 이러고 있는데요,하면 너희가 하겠다 이러고 있는데요,그런데 지금 미국은 중국보고 하라고 했는데 하지 하면 너희가 하겠다 이러고 있는데요,6.0405625,True
zk_00153,196,test,low,2,해지 변경은 은행 영업일 오전 아홉 시부터 오후 다섯 시까지이며 자동이체 조회 서비스는 오전 아홉 시부터 오후 열 시까지다,아홉 시까지다,해지 변경은 은행 영업일 오전 아홉 시부터 오후 다섯 시까지이며 자동이체 조회 서비스는 오전 아홉 시부터 오후 아홉 시까지다,8.8435625,True
zk_00153,196,test,mid,3,해지 변경은 은행 영업일 오전 아홉 시부터 오후 다섯 시까지이며 자동이체 조회 서비스는 오전 아홉 시부터 오후 열 시까지다,새벽 두 시까지다,해지 변경은 은행 영업일 오전 아홉 시부터 오후 다섯 시까지이며 자동이체 조회 서비스는 오전 아홉 시부터 새벽 두 시까지다,8.8435625,True
zk_00153,196,test,high,5,해지 변경은 은행 영업일 오전 아홉 시부터 오후 다섯 시까지이며 자동이체 조회 서비스는 오전 아홉 시부터 오후 열 시까지다,아홉 시부터 오전 열 시까지다,해지 변경은 은행 영업일 오전 아홉 시부터 오후 다섯 시까지이며 자동이체 조회 서비스는 오전 아홉 시부터 오전 열 시까지다,8.8435625,True
zk_00154,196,test,low,2,이 대표는 이 자리에서 젊은 여러분들의 열정과 충정이야말로 새누리당의 희망이라며 그래서 제가 결심했고 날짜까지 박았잖나라고 하소연했다,뽑았잖나라고 하소연했다,이 대표는 이 자리에서 젊은 여러분들의 열정과 충정이야말로 새누리당의 희망이라며 그래서 제가 결심했고 날짜까지 뽑았잖나라고 하소연했다,9.3994375,True
zk_00154,196,test,mid,3,이 대표는 이 자리에서 젊은 여러분들의 열정과 충정이야말로 새누리당의 희망이라며 그래서 제가 결심했고 날짜까지 박았잖나라고 하소연했다,날짜까지 빼냈잖나라고 자랑했다,이 대표는 이 자리에서 젊은 여러분들의 열정과 충정이야말로 새누리당의 희망이라며 그래서 제가 결심했고 날짜까지 빼냈잖나라고 자랑했다,9.3994375,True
zk_00154,196,test,high,5,이 대표는 이 자리에서 젊은 여러분들의 열정과 충정이야말로 새누리당의 희망이라며 그래서 제가 결심했고 날짜까지 박았잖나라고 하소연했다,제가 포기했고 약속을 어겼다고 했다,이 대표는 이 자리에서 젊은 여러분들의 열정과 충정이야말로 새누리당의 희망이라며 그래서 제가 포기했고 약속을 어겼다고 했다,9.3994375,True
zk_00155,196,test,low,2,이십 여년이 흐른 지금도 그의 말을 백 퍼센트 는 드물다,흔히 나타난다,이십 여년이 흐른 지금도 그의 말을 백 퍼센트 흔히 나타난다,5.1213125,True
zk_00155,196,test,mid,3,이십 여년이 흐른 지금도 그의 말을 백 퍼센트 는 드물다,퍼센트는 매우 흔하다,이십 여년이 흐른 지금도 그의 말을 백 퍼센트는 매우 흔하다,5.1213125,True
zk_00155,196,test,high,5,이십 여년이 흐른 지금도 그의 말을 백 퍼센트 는 드물다,말을 백 퍼센트 지키기는 쉽다,이십 여년이 흐른 지금도 그의 말을 백 퍼센트 지키기는 쉽다,5.1213125,True
zk_00156,196,test,low,2,또 이번 사태를 통해 북한이 남 남 갈등을 기대했다면 북한군 입장에서는 우리군의 사기만 올려준 꼴이 됐다,멋진 꼴,또 이번 사태를 통해 북한이 남 남 갈등을 기대했다면 북한군 입장에서는 우리군의 사기만 올려준 멋진 꼴,7.149125,True
zk_00156,196,test,mid,3,또 이번 사태를 통해 북한이 남 남 갈등을 기대했다면 북한군 입장에서는 우리군의 사기만 올려준 꼴이 됐다,내려준 꼴이 됐다,또 이번 사태를 통해 북한이 남 남 갈등을 기대했다면 북한군 입장에서는 우리군의 사기만 내려준 꼴이 됐다,7.149125,True
zk_00156,196,test,high,5,또 이번 사태를 통해 북한이 남 남 갈등을 기대했다면 북한군 입장에서는 우리군의 사기만 올려준 꼴이 됐다,적군의 사기를 철저히 꺾어버렸다,또 이번 사태를 통해 북한이 남 남 갈등을 기대했다면 북한군 입장에서는 적군의 사기를 철저히 꺾어버렸다,7.149125,False
zk_00157,196,test,low,2,이들은 출발 후 영 쩜 오 키로미터 해상의 반환점을 돈 뒤 도착점으로 돌아오다 각각 의식을 잃고 해상에 떠오른 채 발견됐다,아직 미발견됐다,이들은 출발 후 영 쩜 오 키로미터 해상의 반환점을 돈 뒤 도착점으로 돌아오다 각각 의식을 잃고 해상에 떠오른 아직 미발견됐다,8.0496875,True
zk_00157,196,test,mid,3,이들은 출발 후 영 쩜 오 키로미터 해상의 반환점을 돈 뒤 도착점으로 돌아오다 각각 의식을 잃고 해상에 떠오른 채 발견됐다,잠긴 채 발견됐다,이들은 출발 후 영 쩜 오 키로미터 해상의 반환점을 돈 뒤 도착점으로 돌아오다 각각 의식을 잃고 해상에 잠긴 채 발견됐다,8.0496875,True
zk_00157,196,test,high,5,이들은 출발 후 영 쩜 오 키로미터 해상의 반환점을 돈 뒤 도착점으로 돌아오다 각각 의식을 잃고 해상에 떠오른 채 발견됐다,찾고 해상에 침몰한 채 수색됐다,이들은 출발 후 영 쩜 오 키로미터 해상의 반환점을 돈 뒤 도착점으로 돌아오다 각각 의식을 찾고 해상에 침몰한 채 수색됐다,8.0496875,True
zk_00158,196,test,low,2,아영씨의 그런 태도를 반복적으로 접하는 사람들은 아영씨를 존중하지도 조심스럽게 대하지도 않게 돼요,하게 돼요,아영씨의 그런 태도를 반복적으로 접하는 사람들은 아영씨를 존중하지도 조심스럽게 대하지도 하게 돼요,7.6689375,True
zk_00158,196,test,mid,3,아영씨의 그런 태도를 반복적으로 접하는 사람들은 아영씨를 존중하지도 조심스럽게 대하지도 않게 돼요,적극적으로 대응해요,아영씨의 그런 태도를 반복적으로 접하는 사람들은 아영씨를 존중하지도 조심스럽게 적극적으로 대응해요,7.6689375,False
zk_00158,196,test,high,5,아영씨의 그런 태도를 반복적으로 접하는 사람들은 아영씨를 존중하지도 조심스럽게 대하지도 않게 돼요,존중하고 조심스럽게 대하게 된다,아영씨의 그런 태도를 반복적으로 접하는 사람들은 아영씨를 존중하고 조심스럽게 대하게 된다,7.6689375,False
zk_00159,196,test,low,2,이대순 변호사는 권 변호사를 구속한다면 변호사업계 전체의 업무수행을 어렵게 만드는 잘못된 선례가 될 수 있다고 말했다,없다고 말했다,이대순 변호사는 권 변호사를 구속한다면 변호사업계 전체의 업무수행을 어렵게 만드는 잘못된 선례가 될 수 없다고 말했다,8.2009375,True
zk_00159,196,test,mid,3,이대순 변호사는 권 변호사를 구속한다면 변호사업계 전체의 업무수행을 어렵게 만드는 잘못된 선례가 될 수 있다고 말했다,할 수 없다고 말했다,이대순 변호사는 권 변호사를 구속한다면 변호사업계 전체의 업무수행을 어렵게 만드는 잘못된 선례가 될 할 수 없다고 말했다,8.2009375,False
zk_00159,196,test,high,5,이대순 변호사는 권 변호사를 구속한다면 변호사업계 전체의 업무수행을 어렵게 만드는 잘못된 선례가 될 수 있다고 말했다,선례가 될 수 없다고 말했다,이대순 변호사는 권 변호사를 구속한다면 변호사업계 전체의 업무수행을 어렵게 만드는 잘못된 선례가 될 수 없다고 말했다,8.2009375,True
zk_00160,197,test,low,2,특히 네 번째 미니앨범 총괄 프로듀싱을 맡았던 용감한 형제와의 작업은 어땠냐는 질문에는 무서울 줄만 알았는데 직접 만나 뵈니 주옥같은 메시지를 주시더라고요,메시지를 안주시더라고요,특히 네 번째 미니앨범 총괄 프로듀싱을 맡았던 용감한 형제와의 작업은 어땠냐는 질문에는 무서울 줄만 알았는데 직접 만나 뵈니 주옥같은 메시지를 안주시더라고요,12.56725,True
zk_00160,197,test,mid,3,특히 네 번째 미니앨범 총괄 프로듀싱을 맡았던 용감한 형제와의 작업은 어땠냐는 질문에는 무서울 줄만 알았는데 직접 만나 뵈니 주옥같은 메시지를 주시더라고요,별로인 메시지를 주시더라고요,특히 네 번째 미니앨범 총괄 프로듀싱을 맡았던 용감한 형제와의 작업은 어땠냐는 질문에는 무서울 줄만 알았는데 직접 만나 뵈니 별로인 메시지를 주시더라고요,12.56725,True
zk_00160,197,test,high,5,특히 네 번째 미니앨범 총괄 프로듀싱을 맡았던 용감한 형제와의 작업은 어땠냐는 질문에는 무서울 줄만 알았는데 직접 만나 뵈니 주옥같은 메시지를 주시더라고요,만나 뵈니 시시한 말을 하더라고요,특히 네 번째 미니앨범 총괄 프로듀싱을 맡았던 용감한 형제와의 작업은 어땠냐는 질문에는 무서울 줄만 알았는데 직접 만나 뵈니 시시한 말을 하더라고요,12.56725,True
zk_00161,197,test,low,2,지구 상에 있는 비옥한 지역만으로도 세계 인구 아니 그보다 더 많은 사람들을 손쉽게 먹여 살릴 수 있습니다,없을 것입니다,지구 상에 있는 비옥한 지역만으로도 세계 인구 아니 그보다 더 많은 사람들을 손쉽게 먹여 살릴 없을 것입니다,7.883125,True
zk_00161,197,test,mid,3,지구 상에 있는 비옥한 지역만으로도 세계 인구 아니 그보다 더 많은 사람들을 손쉽게 먹여 살릴 수 있습니다,잃을 수 있습니다,지구 상에 있는 비옥한 지역만으로도 세계 인구 아니 그보다 더 많은 사람들을 손쉽게 먹여 잃을 수 있습니다,7.883125,True
zk_00161,197,test,high,5,지구 상에 있는 비옥한 지역만으로도 세계 인구 아니 그보다 더 많은 사람들을 손쉽게 먹여 살릴 수 있습니다,어렵게 굶겨 죽일 수 있습니다,지구 상에 있는 비옥한 지역만으로도 세계 인구 아니 그보다 더 많은 사람들을 어렵게 굶겨 죽일 수 있습니다,7.883125,True
zk_00162,197,test,low,2,긴 밤을 뚫고 붉은 해가 뜨면 기차보다 날렵한 지하철이 새벽 다섯시 십사분에 따따따따 가벼운 음악을 울리며 새벽녘 첫출발을 한다,마지막 도착을,긴 밤을 뚫고 붉은 해가 뜨면 기차보다 날렵한 지하철이 새벽 다섯시 십사분에 따따따따 가벼운 음악을 울리며 새벽녘 마지막 도착을,9.968875,True
zk_00162,197,test,mid,3,긴 밤을 뚫고 붉은 해가 뜨면 기차보다 날렵한 지하철이 새벽 다섯시 십사분에 따따따따 가벼운 음악을 울리며 새벽녘 첫출발을 한다,해질녘 마지막을 한다,긴 밤을 뚫고 붉은 해가 뜨면 기차보다 날렵한 지하철이 새벽 다섯시 십사분에 따따따따 가벼운 음악을 울리며 해질녘 마지막을 한다,9.968875,True
zk_00162,197,test,high,5,긴 밤을 뚫고 붉은 해가 뜨면 기차보다 날렵한 지하철이 새벽 다섯시 십사분에 따따따따 가벼운 음악을 울리며 새벽녘 첫출발을 한다,음악을 끄며 한낮에 마지막을 한다,긴 밤을 뚫고 붉은 해가 뜨면 기차보다 날렵한 지하철이 새벽 다섯시 십사분에 따따따따 가벼운 음악을 끄며 한낮에 마지막을 한다,9.968875,True
zk_00163,197,test,low,2,먼저 아베총리는 오사카시의 학교 법인 모리토모 학원이 사 월 개교할 예정인 초등학교와 관련 아키 부인이 명예 교장을 사임했다고 밝혔다,취임했다고 밝혔다,먼저 아베총리는 오사카시의 학교 법인 모리토모 학원이 사 월 개교할 예정인 초등학교와 관련 아키 부인이 명예 교장을 취임했다고 밝혔다,10.0925,True
zk_00163,197,test,mid,3,먼저 아베총리는 오사카시의 학교 법인 모리토모 학원이 사 월 개교할 예정인 초등학교와 관련 아키 부인이 명예 교장을 사임했다고 밝혔다,교장을 승진했다고 밝혔다,먼저 아베총리는 오사카시의 학교 법인 모리토모 학원이 사 월 개교할 예정인 초등학교와 관련 아키 부인이 명예 교장을 승진했다고 밝혔다,10.0925,True
zk_00163,197,test,high,5,먼저 아베총리는 오사카시의 학교 법인 모리토모 학원이 사 월 개교할 예정인 초등학교와 관련 아키 부인이 명예 교장을 사임했다고 밝혔다,부인이 명예 교장을 수락했다고 밝혔다,먼저 아베총리는 오사카시의 학교 법인 모리토모 학원이 사 월 개교할 예정인 초등학교와 관련 아키 부인이 명예 교장을 수락했다고 밝혔다,10.0925,True
zk_00164,197,test,low,2,오랜 세월 사람 손을 탄 듯한 가발과 마네킹들이 묘한 분위기를 풍긴다,분위기를 망친다,오랜 세월 사람 손을 탄 듯한 가발과 마네킹들이 묘한 분위기를 망친다,5.64875,True
zk_00164,197,test,mid,3,오랜 세월 사람 손을 탄 듯한 가발과 마네킹들이 묘한 분위기를 풍긴다,명확한 메시지를 전한다,오랜 세월 사람 손을 탄 듯한 가발과 마네킹들이 명확한 메시지를 전한다,5.64875,True
zk_00164,197,test,high,5,오랜 세월 사람 손을 탄 듯한 가발과 마네킹들이 묘한 분위기를 풍긴다,가발과 마네킹들이 밝은 분위기를 연출한다,오랜 세월 사람 손을 탄 듯한 가발과 마네킹들이 밝은 분위기를 연출한다,5.64875,True
zk_00165,197,test,low,2,김현정 혹시 매장에서 벌어진 일이 아니더라도 대표님께서 저건 정말 아닌데 라고 느껴졌던 경험이 있나 모르겠어요,분명합니다 너,김현정 혹시 매장에서 벌어진 일이 아니더라도 대표님께서 저건 정말 아닌데 라고 느껴졌던 경험이 분명합니다 너,8.8409375,True
zk_00165,197,test,mid,3,김현정 혹시 매장에서 벌어진 일이 아니더라도 대표님께서 저건 정말 아닌데 라고 느껴졌던 경험이 있나 모르겠어요,경험이 많습니다,김현정 혹시 매장에서 벌어진 일이 아니더라도 대표님께서 저건 정말 아닌데 라고 느껴졌던 경험이 많습니다,8.8409375,False
zk_00165,197,test,high,5,김현정 혹시 매장에서 벌어진 일이 아니더라도 대표님께서 저건 정말 아닌데 라고 느껴졌던 경험이 있나 모르겠어요,라고 느껴본 적이 없는 것 같아요,김현정 혹시 매장에서 벌어진 일이 아니더라도 대표님께서 저건 정말 아닌데 라고 느껴본 적이 없는 것 같아요,8.8409375,False
zk_00166,197,test,low,2,온라인 여행전문 사이트 익스피디아에 따르면 아랍에미리트 직장인들은 연차휴가 삼십 일 스웨덴 네덜란드 노르웨이는 이십 오 일을 받아 백 퍼센트 쓰고 있다,버렸고 있다,온라인 여행전문 사이트 익스피디아에 따르면 아랍에미리트 직장인들은 연차휴가 삼십 일 스웨덴 네덜란드 노르웨이는 이십 오 일을 받아 백 퍼센트 버렸고 있다,11.878,True
zk_00166,197,test,mid,3,온라인 여행전문 사이트 익스피디아에 따르면 아랍에미리트 직장인들은 연차휴가 삼십 일 스웨덴 네덜란드 노르웨이는 이십 오 일을 받아 백 퍼센트 쓰고 있다,퍼센트 쓰지 않는다,온라인 여행전문 사이트 익스피디아에 따르면 아랍에미리트 직장인들은 연차휴가 삼십 일 스웨덴 네덜란드 노르웨이는 이십 오 일을 받아 백 퍼센트 쓰지 않는다,11.878,True
zk_00166,197,test,high,5,온라인 여행전문 사이트 익스피디아에 따르면 아랍에미리트 직장인들은 연차휴가 삼십 일 스웨덴 네덜란드 노르웨이는 이십 오 일을 받아 백 퍼센트 쓰고 있다,받아 거의 쓰지 못하고 있다,온라인 여행전문 사이트 익스피디아에 따르면 아랍에미리트 직장인들은 연차휴가 삼십 일 스웨덴 네덜란드 노르웨이는 이십 오 일을 받아 거의 쓰지 못하고 있다,11.878,True
zk_00167,197,test,low,2,졸업을 유예하는 대학생들에게 대학마저도 점점 남아 있기 어려운 공간이 되고 있다,되지 않다,졸업을 유예하는 대학생들에게 대학마저도 점점 남아 있기 어려운 공간이 되지 않다,6.2711875,True
zk_00167,197,test,mid,3,졸업을 유예하는 대학생들에게 대학마저도 점점 남아 있기 어려운 공간이 되고 있다,공간이 되지 않는다,졸업을 유예하는 대학생들에게 대학마저도 점점 남아 있기 어려운 공간이 되지 않는다,6.2711875,True
zk_00167,197,test,high,5,졸업을 유예하는 대학생들에게 대학마저도 점점 남아 있기 어려운 공간이 되고 있다,있기 쉬운 공간이 되어 있다,졸업을 유예하는 대학생들에게 대학마저도 점점 남아 있기 쉬운 공간이 되어 있다,6.2711875,True
zk_00168,197,test,low,2,한겨울 간식거리인 호빵과 즉석어묵도 매출이 전년대비 이십 에서 삼십 퍼센트 감소했다,퍼센트 증가했다,한겨울 간식거리인 호빵과 즉석어묵도 매출이 전년대비 이십 에서 삼십 퍼센트 증가했다,6.814375,True
zk_00168,197,test,mid,3,한겨울 간식거리인 호빵과 즉석어묵도 매출이 전년대비 이십 에서 삼십 퍼센트 감소했다,삼십 퍼센트 증가했다,한겨울 간식거리인 호빵과 즉석어묵도 매출이 전년대비 이십 에서 삼십 퍼센트 증가했다,6.814375,True
zk_00168,197,test,high,5,한겨울 간식거리인 호빵과 즉석어묵도 매출이 전년대비 이십 에서 삼십 퍼센트 감소했다,이십 에서 삼십 퍼센트 증가했다,한겨울 간식거리인 호빵과 즉석어묵도 매출이 전년대비 이십 에서 삼십 퍼센트 증가했다,6.814375,True
zk_00169,197,test,low,2,돌잔치는 김영란법이 정한 경조사에 해당하지 않아서 오 만원 이내의 선물만 가능하지만 돌잔치 행사장 대여료와 식사비용을 감안하면 사실상 손해를 감수해야 하는 상황이다,하지 않았다,돌잔치는 김영란법이 정한 경조사에 해당하지 않아서 오 만원 이내의 선물만 가능하지만 돌잔치 행사장 대여료와 식사비용을 감안하면 사실상 손해를 감수해야 하지 않았다,13.0660625,True
zk_00169,197,test,mid,3,돌잔치는 김영란법이 정한 경조사에 해당하지 않아서 오 만원 이내의 선물만 가능하지만 돌잔치 행사장 대여료와 식사비용을 감안하면 사실상 손해를 감수해야 하는 상황이다,피해야 하는 상황이다,돌잔치는 김영란법이 정한 경조사에 해당하지 않아서 오 만원 이내의 선물만 가능하지만 돌잔치 행사장 대여료와 식사비용을 감안하면 사실상 손해를 피해야 하는 상황이다,13.0660625,True
zk_00169,197,test,high,5,돌잔치는 김영란법이 정한 경조사에 해당하지 않아서 오 만원 이내의 선물만 가능하지만 돌잔치 행사장 대여료와 식사비용을 감안하면 사실상 손해를 감수해야 하는 상황이다,실제로 이득을 보는 상황이다,돌잔치는 김영란법이 정한 경조사에 해당하지 않아서 오 만원 이내의 선물만 가능하지만 돌잔치 행사장 대여료와 식사비용을 감안하면 실제로 이득을 보는 상황이다,13.0660625,False
zk_00170,206,test,low,2,최순실 씨 조카 장시호 씨가 최근 특검에서 의미심장한 진술을 한 것으로 확인됐습니다,것으로 부정됐습니다,최순실 씨 조카 장시호 씨가 최근 특검에서 의미심장한 진술을 한 것으로 부정됐습니다,8.9068125,True
zk_00170,206,test,mid,3,최순실 씨 조카 장시호 씨가 최근 특검에서 의미심장한 진술을 한 것으로 확인됐습니다,하지 않은 것으로 드러났습니다,최순실 씨 조카 장시호 씨가 최근 특검에서 의미심장한 진술을 하지 않은 것으로 드러났습니다,8.9068125,False
zk_00170,206,test,high,5,최순실 씨 조카 장시호 씨가 최근 특검에서 의미심장한 진술을 한 것으로 확인됐습니다,모호한 진술을 한 것으로 확인됐습니다,최순실 씨 조카 장시호 씨가 최근 특검에서 모호한 진술을 한 것으로 확인됐습니다,8.9068125,True
zk_00171,206,test,low,2,리얼미터의 삼 월 두 주차 주중집계 당시 문재인 황교안 안희정으로 이어지는 백 이십 삼 위 구도가 뒤집어진 것,펼쳐진 것,리얼미터의 삼 월 두 주차 주중집계 당시 문재인 황교안 안희정으로 이어지는 백 이십 삼 위 구도가 펼쳐진 것,10.42775,True
zk_00171,206,test,mid,3,리얼미터의 삼 월 두 주차 주중집계 당시 문재인 황교안 안희정으로 이어지는 백 이십 삼 위 구도가 뒤집어진 것,구도가 잡혀진 것,리얼미터의 삼 월 두 주차 주중집계 당시 문재인 황교안 안희정으로 이어지는 백 이십 삼 위 구도가 잡혀진 것,10.42775,True
zk_00171,206,test,high,5,리얼미터의 삼 월 두 주차 주중집계 당시 문재인 황교안 안희정으로 이어지는 백 이십 삼 위 구도가 뒤집어진 것,삼 위 구도가 확립된 것,리얼미터의 삼 월 두 주차 주중집계 당시 문재인 황교안 안희정으로 이어지는 백 이십 삼 위 구도가 확립된 것,10.42775,True
zk_00172,206,test,low,2,이천 팔 년 이후 지난해까지 추석 연휴 이후 코스피는 단 두 차례를 제외하고는 매년 부진한 모습을 보였다,모습을 숨겼다,이천 팔 년 이후 지난해까지 추석 연휴 이후 코스피는 단 두 차례를 제외하고는 매년 부진한 모습을 숨겼다,10.120375,True
zk_00172,206,test,mid,3,이천 팔 년 이후 지난해까지 추석 연휴 이후 코스피는 단 두 차례를 제외하고는 매년 부진한 모습을 보였다,우수한 모습을 보였다,이천 팔 년 이후 지난해까지 추석 연휴 이후 코스피는 단 두 차례를 제외하고는 매년 우수한 모습을 보였다,10.120375,True
zk_00172,206,test,high,5,이천 팔 년 이후 지난해까지 추석 연휴 이후 코스피는 단 두 차례를 제외하고는 매년 부진한 모습을 보였다,제외하고는 매년 우수한 성적을 거뒀다,이천 팔 년 이후 지난해까지 추석 연휴 이후 코스피는 단 두 차례를 제외하고는 매년 우수한 성적을 거뒀다,10.120375,True
zk_00173,206,test,low,2,상당수 언론이나 일반인은다른 곳도 아닌 청와대의 민정수석실에서 만든 보고서인 만큼 풍문을 짜깁기한 것일 수 없다,할 있다,상당수 언론이나 일반인은다른 곳도 아닌 청와대의 민정수석실에서 만든 보고서인 만큼 풍문을 짜깁기한 것일 할 있다,11.018625,True
zk_00173,206,test,mid,3,상당수 언론이나 일반인은다른 곳도 아닌 청와대의 민정수석실에서 만든 보고서인 만큼 풍문을 짜깁기한 것일 수 없다,것일 수 있다,상당수 언론이나 일반인은다른 곳도 아닌 청와대의 민정수석실에서 만든 보고서인 만큼 풍문을 짜깁기한 것일 수 있다,11.018625,True
zk_00173,206,test,high,5,상당수 언론이나 일반인은다른 곳도 아닌 청와대의 민정수석실에서 만든 보고서인 만큼 풍문을 짜깁기한 것일 수 없다,풍문을 짜깁기한 것이 확실하다,상당수 언론이나 일반인은다른 곳도 아닌 청와대의 민정수석실에서 만든 보고서인 만큼 풍문을 짜깁기한 것이 확실하다,11.018625,False
zk_00174,206,test,low,2,노동자를 위한 변호인이 되겠다는 생각보다 당장의 생계 때문이었다,사치 때문이었다,노동자를 위한 변호인이 되겠다는 생각보다 당장의 사치 때문이었다,5.0349375,True
zk_00174,206,test,mid,3,노동자를 위한 변호인이 되겠다는 생각보다 당장의 생계 때문이었다,먼 미래 때문이었다,노동자를 위한 변호인이 되겠다는 생각보다 먼 미래 때문이었다,5.0349375,True
zk_00174,206,test,high,5,노동자를 위한 변호인이 되겠다는 생각보다 당장의 생계 때문이었다,되겠다는 생각 때문이었을 것이다,노동자를 위한 변호인이 되겠다는 생각 때문이었을 것이다,5.0349375,False
zk_00175,206,test,low,2,항해를 지휘하는 선교에서 두 주만 더 경험을 쌓으면 된다고 말하자 그는 내가 이집트의 포트사이드로 항해하도록 마련해 주었습니다,미루어 놨습니다,항해를 지휘하는 선교에서 두 주만 더 경험을 쌓으면 된다고 말하자 그는 내가 이집트의 포트사이드로 항해하도록 미루어 놨습니다,11.9781875,True
zk_00175,206,test,mid,3,항해를 지휘하는 선교에서 두 주만 더 경험을 쌓으면 된다고 말하자 그는 내가 이집트의 포트사이드로 항해하도록 마련해 주었습니다,항해하지 못하게 했습니다,항해를 지휘하는 선교에서 두 주만 더 경험을 쌓으면 된다고 말하자 그는 내가 이집트의 포트사이드로 항해하지 못하게 했습니다,11.9781875,True
zk_00175,206,test,high,5,항해를 지휘하는 선교에서 두 주만 더 경험을 쌓으면 된다고 말하자 그는 내가 이집트의 포트사이드로 항해하도록 마련해 주었습니다,이집트의 포트사이드로 항해하지 못하게 했습니다,항해를 지휘하는 선교에서 두 주만 더 경험을 쌓으면 된다고 말하자 그는 내가 이집트의 포트사이드로 항해하지 못하게 했습니다,11.9781875,True
zk_00176,206,test,low,2,한국소비자원에 따르면 지난해 구 월 정수기렌털 상담이 전월대비 삼십 이 퍼센트 뛰었다,퍼센트 떨어졌다,한국소비자원에 따르면 지난해 구 월 정수기렌털 상담이 전월대비 삼십 이 퍼센트 떨어졌다,8.8008125,True
zk_00176,206,test,mid,3,한국소비자원에 따르면 지난해 구 월 정수기렌털 상담이 전월대비 삼십 이 퍼센트 뛰었다,이 퍼센트 떨어졌다,한국소비자원에 따르면 지난해 구 월 정수기렌털 상담이 전월대비 삼십 이 퍼센트 떨어졌다,8.8008125,True
zk_00176,206,test,high,5,한국소비자원에 따르면 지난해 구 월 정수기렌털 상담이 전월대비 삼십 이 퍼센트 뛰었다,전월대비 삼십 퍼센트 떨어졌다,한국소비자원에 따르면 지난해 구 월 정수기렌털 상담이 전월대비 삼십 퍼센트 떨어졌다,8.8008125,False
zk_00177,206,test,low,2,그리고 나흘 뒤인 다음 달 일 일 박 시장은 박 전 대표와의 면담에서 사퇴를 종용했다고 박 전 대표 측은 주장했다,측은 부인했다,그리고 나흘 뒤인 다음 달 일 일 박 시장은 박 전 대표와의 면담에서 사퇴를 종용했다고 박 전 대표 측은 부인했다,11.2475625,True
zk_00177,206,test,mid,3,그리고 나흘 뒤인 다음 달 일 일 박 시장은 박 전 대표와의 면담에서 사퇴를 종용했다고 박 전 대표 측은 주장했다,대표 측은 부인했다,그리고 나흘 뒤인 다음 달 일 일 박 시장은 박 전 대표와의 면담에서 사퇴를 종용했다고 박 전 대표 측은 부인했다,11.2475625,True
zk_00177,206,test,high,5,그리고 나흘 뒤인 다음 달 일 일 박 시장은 박 전 대표와의 면담에서 사퇴를 종용했다고 박 전 대표 측은 주장했다,박 전 대표 측은 부인했다,그리고 나흘 뒤인 다음 달 일 일 박 시장은 박 전 대표와의 면담에서 사퇴를 종용했다고 박 전 대표 측은 부인했다,11.2475625,True
zk_00178,206,test,low,2,삼국유사에서 밀양 봉성사는 고려 태조에게 계책을 알려준 승려 보양이 머문 곳 등으로 기록됐다,등으로 예상된다,삼국유사에서 밀양 봉성사는 고려 태조에게 계책을 알려준 승려 보양이 머문 곳 등으로 예상된다,9.514875,True
zk_00178,206,test,mid,3,삼국유사에서 밀양 봉성사는 고려 태조에게 계책을 알려준 승려 보양이 머문 곳 등으로 기록됐다,곳 등으로 기록되지않았다,삼국유사에서 밀양 봉성사는 고려 태조에게 계책을 알려준 승려 보양이 머문 곳 등으로 기록되지않았다,9.514875,True
zk_00178,206,test,high,5,삼국유사에서 밀양 봉성사는 고려 태조에게 계책을 알려준 승려 보양이 머문 곳 등으로 기록됐다,보양이 머물지 않은 곳으로 기록됐다,삼국유사에서 밀양 봉성사는 고려 태조에게 계책을 알려준 승려 보양이 머물지 않은 곳으로 기록됐다,9.514875,True
zk_00179,206,test,low,2,나라나 종교가 다른 사람도 죽으면 모두 같은 장소로 가는가,장소에서 온다,나라나 종교가 다른 사람도 죽으면 모두 같은 장소에서 온다,5.02775,True
zk_00179,206,test,mid,3,나라나 종교가 다른 사람도 죽으면 모두 같은 장소로 가는가,다른 장소로 간다,나라나 종교가 다른 사람도 죽으면 모두 다른 장소로 간다,5.02775,True
zk_00179,206,test,high,5,나라나 종교가 다른 사람도 죽으면 모두 같은 장소로 가는가,죽으면 모두 다른 곳으로 간다,나라나 종교가 다른 사람도 죽으면 모두 다른 곳으로 간다,5.02775,True
zk_00180,104,train,low,2,한 잔의 커피가 소비자에게 전해지기 위해선 여러 차례의 공정을 거쳐야 한다,피해야 한다,한 잔의 커피가 소비자에게 전해지기 위해선 여러 차례의 공정을 피해야 한다,6.8649375,True
zk_00180,104,train,mid,3,한 잔의 커피가 소비자에게 전해지기 위해선 여러 차례의 공정을 거쳐야 한다,공정을 거치지 않는다,한 잔의 커피가 소비자에게 전해지기 위해선 여러 차례의 공정을 거치지 않는다,6.8649375,True
zk_00180,104,train,high,5,한 잔의 커피가 소비자에게 전해지기 위해선 여러 차례의 공정을 거쳐야 한다,단 한 번에 완료할 수 있다,한 잔의 커피가 소비자에게 전해지기 위해선 단 한 번에 완료할 수 있다,6.8649375,False
zk_00181,104,train,low,2,다른 지역에서는 그곳이 아무리 넓다 하더라도 푸야 라이몬디를 발견하기가 어려울 것입니다,쉬울 겁니다,다른 지역에서는 그곳이 아무리 넓다 하더라도 푸야 라이몬디를 발견하기가 쉬울 겁니다,8.031625,True
zk_00181,104,train,mid,3,다른 지역에서는 그곳이 아무리 넓다 하더라도 푸야 라이몬디를 발견하기가 어려울 것입니다,발견하기가 쉬울 것입니다,다른 지역에서는 그곳이 아무리 넓다 하더라도 푸야 라이몬디를 발견하기가 쉬울 것입니다,8.031625,True
zk_00181,104,train,high,5,다른 지역에서는 그곳이 아무리 넓다 하더라도 푸야 라이몬디를 발견하기가 어려울 것입니다,푸야 라이몬디를 쉽게 찾을 것입니다,다른 지역에서는 그곳이 아무리 넓다 하더라도 푸야 라이몬디를 쉽게 찾을 것입니다,8.031625,True
zk_00182,104,train,low,2,육십 사 년 초임검사로 임관한 김 전 실장은 십 년 후인 칠십 사 년 사 월 중앙정보부장 법률보좌관으로 파견됐고 같은 해 구 월 대공수사국장이 됐다,대공수사국장이 아니다,육십 사 년 초임검사로 임관한 김 전 실장은 십 년 후인 칠십 사 년 사 월 중앙정보부장 법률보좌관으로 파견됐고 같은 해 구 월 대공수사국장이 아니다,12.845,True
zk_00182,104,train,mid,3,육십 사 년 초임검사로 임관한 김 전 실장은 십 년 후인 칠십 사 년 사 월 중앙정보부장 법률보좌관으로 파견됐고 같은 해 구 월 대공수사국장이 됐다,월 대공수사국장이 아니었다,육십 사 년 초임검사로 임관한 김 전 실장은 십 년 후인 칠십 사 년 사 월 중앙정보부장 법률보좌관으로 파견됐고 같은 해 구 월 대공수사국장이 아니었다,12.845,True
zk_00182,104,train,high,5,육십 사 년 초임검사로 임관한 김 전 실장은 십 년 후인 칠십 사 년 사 월 중앙정보부장 법률보좌관으로 파견됐고 같은 해 구 월 대공수사국장이 됐다,해 구 월 대공수사국장을 그만뒀다,육십 사 년 초임검사로 임관한 김 전 실장은 십 년 후인 칠십 사 년 사 월 중앙정보부장 법률보좌관으로 파견됐고 같은 해 구 월 대공수사국장을 그만뒀다,12.845,True
zk_00183,104,train,low,2,여러 해 앞서 탐험가인 커닝엄과 라이히하르트도 마카다미아 열매를 수집했지만 보관하기만 하고 품종에 관한 설명을 남기지 않았다,남겨 두었다,여러 해 앞서 탐험가인 커닝엄과 라이히하르트도 마카다미아 열매를 수집했지만 보관하기만 하고 품종에 관한 설명을 남겨 두었다,10.7823125,True
zk_00183,104,train,mid,3,여러 해 앞서 탐험가인 커닝엄과 라이히하르트도 마카다미아 열매를 수집했지만 보관하기만 하고 품종에 관한 설명을 남기지 않았다,설명을 자세히 남겼다,여러 해 앞서 탐험가인 커닝엄과 라이히하르트도 마카다미아 열매를 수집했지만 보관하기만 하고 품종에 관한 설명을 자세히 남겼다,10.7823125,True
zk_00183,104,train,high,5,여러 해 앞서 탐험가인 커닝엄과 라이히하르트도 마카다미아 열매를 수집했지만 보관하기만 하고 품종에 관한 설명을 남기지 않았다,품종에 관한 설명을 자세히 남겼다,여러 해 앞서 탐험가인 커닝엄과 라이히하르트도 마카다미아 열매를 수집했지만 보관하기만 하고 품종에 관한 설명을 자세히 남겼다,10.7823125,True
zk_00184,104,train,low,2,그는 미국 관료들은 전 씨를 약화시켜 한국을 불안정하게 만들고 예측 불가능한 결과를 부를까 봐 극도로 조심했다고 기술했다,무시했다고 기술했다,그는 미국 관료들은 전 씨를 약화시켜 한국을 불안정하게 만들고 예측 불가능한 결과를 부를까 봐 극도로 무시했다고 기술했다,10.647,True
zk_00184,104,train,mid,3,그는 미국 관료들은 전 씨를 약화시켜 한국을 불안정하게 만들고 예측 불가능한 결과를 부를까 봐 극도로 조심했다고 기술했다,부주의하게도 기술했다,그는 미국 관료들은 전 씨를 약화시켜 한국을 불안정하게 만들고 예측 불가능한 결과를 부를까 봐 부주의하게도 기술했다,10.647,False
zk_00184,104,train,high,5,그는 미국 관료들은 전 씨를 약화시켜 한국을 불안정하게 만들고 예측 불가능한 결과를 부를까 봐 극도로 조심했다고 기술했다,부를까 봐 대놓고 불렀다고 기술했다,그는 미국 관료들은 전 씨를 약화시켜 한국을 불안정하게 만들고 예측 불가능한 결과를 부를까 봐 대놓고 불렀다고 기술했다,10.647,True
zk_00185,104,train,low,2,마약이 구석구석까지 침투해 있는 많은 사회에 대해서도 그렇게 말할 수 있습니다,없을 것입니다,마약이 구석구석까지 침투해 있는 많은 사회에 대해서도 그렇게 말할 없을 것입니다,7.0905625,True
zk_00185,104,train,mid,3,마약이 구석구석까지 침투해 있는 많은 사회에 대해서도 그렇게 말할 수 있습니다,말할 수 없습니다,마약이 구석구석까지 침투해 있는 많은 사회에 대해서도 그렇게 말할 수 없습니다,7.0905625,True
zk_00185,104,train,high,5,마약이 구석구석까지 침투해 있는 많은 사회에 대해서도 그렇게 말할 수 있습니다,대해서도 그렇게 말할 수 없습니다,마약이 구석구석까지 침투해 있는 많은 사회에 대해서도 그렇게 말할 수 없습니다,7.0905625,True
zk_00186,104,train,low,2,견인이 번거로운 고급 수입차와 사 륜구동차는 견인하지 않는다는 불문율이 공공연히 퍼져 있다,모여 있다,견인이 번거로운 고급 수입차와 사 륜구동차는 견인하지 않는다는 불문율이 공공연히 모여 있다,8.465625,True
zk_00186,104,train,mid,3,견인이 번거로운 고급 수입차와 사 륜구동차는 견인하지 않는다는 불문율이 공공연히 퍼져 있다,철저히 숨겨져 있다,견인이 번거로운 고급 수입차와 사 륜구동차는 견인하지 않는다는 불문율이 철저히 숨겨져 있다,8.465625,True
zk_00186,104,train,high,5,견인이 번거로운 고급 수입차와 사 륜구동차는 견인하지 않는다는 불문율이 공공연히 퍼져 있다,한다는 명문화된 규칙이 분명히 있다,견인이 번거로운 고급 수입차와 사 륜구동차는 견인하지 한다는 명문화된 규칙이 분명히 있다,8.465625,True
zk_00187,104,train,low,2,또 바른정당을 제외한 야 삼 당은 탄핵을 공동 추진키로 했다,포기하기로 했다,또 바른정당을 제외한 야 삼 당은 탄핵을 공동 포기하기로 했다,6.2516875,True
zk_00187,104,train,mid,3,또 바른정당을 제외한 야 삼 당은 탄핵을 공동 추진키로 했다,개별 추진하기로 했다,또 바른정당을 제외한 야 삼 당은 탄핵을 개별 추진하기로 했다,6.2516875,True
zk_00187,104,train,high,5,또 바른정당을 제외한 야 삼 당은 탄핵을 공동 추진키로 했다,당은 탄핵을 공동 반대키로 했다,또 바른정당을 제외한 야 삼 당은 탄핵을 공동 반대키로 했다,6.2516875,True
zk_00188,104,train,low,2,집이나 아파트를 구입할 때 한 번에 값을 모두 치를 수 있는 사람은 많지 않습니다,매우 많습니다,집이나 아파트를 구입할 때 한 번에 값을 모두 치를 수 있는 사람은 매우 많습니다,7.455,True
zk_00188,104,train,mid,3,집이나 아파트를 구입할 때 한 번에 값을 모두 치를 수 있는 사람은 많지 않습니다,사람이 매우 많습니다,집이나 아파트를 구입할 때 한 번에 값을 모두 치를 수 있는 사람이 매우 많습니다,7.455,True
zk_00188,104,train,high,5,집이나 아파트를 구입할 때 한 번에 값을 모두 치를 수 있는 사람은 많지 않습니다,수 있는 사람은 매우 많습니다,집이나 아파트를 구입할 때 한 번에 값을 모두 치를 수 있는 사람은 매우 많습니다,7.455,True
zk_00189,104,train,low,2,탄수화물이 많이 들어간 음식을 짙은 갈색이 될 때까지 튀기거나 부쳐서 먹으면 발암 위험이 커진다는 경고가 잇따르고 있습니다,끊어지고 있습니다,탄수화물이 많이 들어간 음식을 짙은 갈색이 될 때까지 튀기거나 부쳐서 먹으면 발암 위험이 커진다는 경고가 끊어지고 있습니다,10.18925,True
zk_00189,104,train,mid,3,탄수화물이 많이 들어간 음식을 짙은 갈색이 될 때까지 튀기거나 부쳐서 먹으면 발암 위험이 커진다는 경고가 잇따르고 있습니다,경고가 모두 해제됩니다,탄수화물이 많이 들어간 음식을 짙은 갈색이 될 때까지 튀기거나 부쳐서 먹으면 발암 위험이 커진다는 경고가 모두 해제됩니다,10.18925,True
zk_00189,104,train,high,5,탄수화물이 많이 들어간 음식을 짙은 갈색이 될 때까지 튀기거나 부쳐서 먹으면 발암 위험이 커진다는 경고가 잇따르고 있습니다,안전이 확보된다는 확인이 나오고 있습니다,탄수화물이 많이 들어간 음식을 짙은 갈색이 될 때까지 튀기거나 부쳐서 먹으면 발암 안전이 확보된다는 확인이 나오고 있습니다,10.18925,True
zk_00190,105,train,low,2,독일을 보호하기 위하여 회스는 약 이백 만 명의 인명을 앗아 가는 일을 지휘하였는데 그중 대부분이 유대인이었습니다,대부분이 기독교인이었습니다,독일을 보호하기 위하여 회스는 약 이백 만 명의 인명을 앗아 가는 일을 지휘하였는데 그중 대부분이 기독교인이었습니다,11.5629375,True
zk_00190,105,train,mid,3,독일을 보호하기 위하여 회스는 약 이백 만 명의 인명을 앗아 가는 일을 지휘하였는데 그중 대부분이 유대인이었습니다,그중 대부분이 기독교인이었습니다,독일을 보호하기 위하여 회스는 약 이백 만 명의 인명을 앗아 가는 일을 지휘하였는데 그중 대부분이 기독교인이었습니다,11.5629375,True
zk_00190,105,train,high,5,독일을 보호하기 위하여 회스는 약 이백 만 명의 인명을 앗아 가는 일을 지휘하였는데 그중 대부분이 유대인이었습니다,일을 지휘하였는데 그중 대부분이 기독교인이었습니다,독일을 보호하기 위하여 회스는 약 이백 만 명의 인명을 앗아 가는 일을 지휘하였는데 그중 대부분이 기독교인이었습니다,11.5629375,True
zk_00191,105,train,low,2,이날 박창진 사무장은 내 지인으로부터 메신저 연락이 왔는데 나에 대한 찌라시가 돌고 있다고 한다고 전했다,한다고 부인했다,이날 박창진 사무장은 내 지인으로부터 메신저 연락이 왔는데 나에 대한 찌라시가 돌고 있다고 한다고 부인했다,11.903875,True
zk_00191,105,train,mid,3,이날 박창진 사무장은 내 지인으로부터 메신저 연락이 왔는데 나에 대한 찌라시가 돌고 있다고 한다고 전했다,없다고 한다고 전했다,이날 박창진 사무장은 내 지인으로부터 메신저 연락이 왔는데 나에 대한 찌라시가 돌고 없다고 한다고 전했다,11.903875,True
zk_00191,105,train,high,5,이날 박창진 사무장은 내 지인으로부터 메신저 연락이 왔는데 나에 대한 찌라시가 돌고 있다고 한다고 전했다,찌라시가 돌지 않는다고 전했다고 한다,이날 박창진 사무장은 내 지인으로부터 메신저 연락이 왔는데 나에 대한 찌라시가 돌지 않는다고 전했다고 한다,11.903875,True
zk_00192,105,train,low,2,국내 경기가 여전히 침체된 상태에서 금리마저 올라가면 경기 회복 국면에 찬물을 끼얹을 수도 있다는 진단이다,없다는 진단이다,국내 경기가 여전히 침체된 상태에서 금리마저 올라가면 경기 회복 국면에 찬물을 끼얹을 수도 없다는 진단이다,11.741125,True
zk_00192,105,train,mid,3,국내 경기가 여전히 침체된 상태에서 금리마저 올라가면 경기 회복 국면에 찬물을 끼얹을 수도 있다는 진단이다,불가능하다는 진단이다,국내 경기가 여전히 침체된 상태에서 금리마저 올라가면 경기 회복 국면에 찬물을 끼얹을 불가능하다는 진단이다,11.741125,False
zk_00192,105,train,high,5,국내 경기가 여전히 침체된 상태에서 금리마저 올라가면 경기 회복 국면에 찬물을 끼얹을 수도 있다는 진단이다,뜨거운 물을 끼얹어야 한다는 진단이다,국내 경기가 여전히 침체된 상태에서 금리마저 올라가면 경기 회복 국면에 뜨거운 물을 끼얹어야 한다는 진단이다,11.741125,True
zk_00193,105,train,low,2,임화섭 특파원 미국 내브래스카주 오마하의 동물원에 만취한 여성이 몰래 들어갔다가 호랑이에 물렸다,호랑이를 잡았다,임화섭 특파원 미국 내브래스카주 오마하의 동물원에 만취한 여성이 몰래 들어갔다가 호랑이를 잡았다,11.8196875,True
zk_00193,105,train,mid,3,임화섭 특파원 미국 내브래스카주 오마하의 동물원에 만취한 여성이 몰래 들어갔다가 호랑이에 물렸다,들어갔다가 호랑이를 피했다,임화섭 특파원 미국 내브래스카주 오마하의 동물원에 만취한 여성이 몰래 들어갔다가 호랑이를 피했다,11.8196875,True
zk_00193,105,train,high,5,임화섭 특파원 미국 내브래스카주 오마하의 동물원에 만취한 여성이 몰래 들어갔다가 호랑이에 물렸다,여성이 당당히 나갔다가 호랑이를 피했다,임화섭 특파원 미국 내브래스카주 오마하의 동물원에 만취한 여성이 당당히 나갔다가 호랑이를 피했다,11.8196875,True
zk_00194,105,train,low,2,아바의 엄마 크리스티나는 아이가 치료에 대한 두려움이 확 줄었다 면서 동병상련을 느끼는지 서로가 서로를 의지한다고 밝혔다,부정했다고 밝혔다,아바의 엄마 크리스티나는 아이가 치료에 대한 두려움이 확 줄었다 면서 동병상련을 느끼는지 서로가 서로를 부정했다고 밝혔다,10.6565,True
zk_00194,105,train,mid,3,아바의 엄마 크리스티나는 아이가 치료에 대한 두려움이 확 줄었다 면서 동병상련을 느끼는지 서로가 서로를 의지한다고 밝혔다,서로를 의심한다고 밝혔다,아바의 엄마 크리스티나는 아이가 치료에 대한 두려움이 확 줄었다 면서 동병상련을 느끼는지 서로가 서로를 의심한다고 밝혔다,10.6565,True
zk_00194,105,train,high,5,아바의 엄마 크리스티나는 아이가 치료에 대한 두려움이 확 줄었다 면서 동병상련을 느끼는지 서로가 서로를 의지한다고 밝혔다,느끼지 못한다고 강하게 부인했다,아바의 엄마 크리스티나는 아이가 치료에 대한 두려움이 확 줄었다 면서 동병상련을 느끼지 못한다고 강하게 부인했다,10.6565,False
zk_00195,105,train,low,2,이미 알려진 대로 미군은 한반도에 세 개 사드 포대 기지 배치가 필요하다는 입장이다,불필요하다는 입장이다,이미 알려진 대로 미군은 한반도에 세 개 사드 포대 기지 배치가 불필요하다는 입장이다,9.17875,True
zk_00195,105,train,mid,3,이미 알려진 대로 미군은 한반도에 세 개 사드 포대 기지 배치가 필요하다는 입장이다,배치가 불필요하다는 입장이다,이미 알려진 대로 미군은 한반도에 세 개 사드 포대 기지 배치가 불필요하다는 입장이다,9.17875,True
zk_00195,105,train,high,5,이미 알려진 대로 미군은 한반도에 세 개 사드 포대 기지 배치가 필요하다는 입장이다,포대 기지 배치가 불필요하다는 입장이다,이미 알려진 대로 미군은 한반도에 세 개 사드 포대 기지 배치가 불필요하다는 입장이다,9.17875,True
zk_00196,105,train,low,2,하느님께서는 누구에게 우리가 우리의 형상대로 우리의 모양을 따라 사람을 만들자라는 말씀을 하셨나요,말씀을 하지않으셨나요,하느님께서는 누구에게 우리가 우리의 형상대로 우리의 모양을 따라 사람을 만들자라는 말씀을 하지않으셨나요,12.48625,True
zk_00196,105,train,mid,3,하느님께서는 누구에게 우리가 우리의 형상대로 우리의 모양을 따라 사람을 만들자라는 말씀을 하셨나요,부수자라는 말씀을 하셨나요,하느님께서는 누구에게 우리가 우리의 형상대로 우리의 모양을 따라 사람을 부수자라는 말씀을 하셨나요,12.48625,True
zk_00196,105,train,high,5,하느님께서는 누구에게 우리가 우리의 형상대로 우리의 모양을 따라 사람을 만들자라는 말씀을 하셨나요,따라 사람을 버리자라는 말씀을 하셨나요,하느님께서는 누구에게 우리가 우리의 형상대로 우리의 모양을 따라 사람을 버리자라는 말씀을 하셨나요,12.48625,True
zk_00197,105,train,low,2,국회 추천이라고 했으니까 새누리당은 사사건건 딴지를 걸면서 시간을 끌 것이다,놓을 것이다,국회 추천이라고 했으니까 새누리당은 사사건건 딴지를 걸면서 시간을 놓을 것이다,9.3925625,True
zk_00197,105,train,mid,3,국회 추천이라고 했으니까 새누리당은 사사건건 딴지를 걸면서 시간을 끌 것이다,시간을 절약할 것이다,국회 추천이라고 했으니까 새누리당은 사사건건 딴지를 걸면서 시간을 절약할 것이다,9.3925625,True
zk_00197,105,train,high,5,국회 추천이라고 했으니까 새누리당은 사사건건 딴지를 걸면서 시간을 끌 것이다,적극적으로 협력하려고 노력할 것이다,국회 추천이라고 했으니까 새누리당은 사사건건 적극적으로 협력하려고 노력할 것이다,9.3925625,False
zk_00198,105,train,low,2,마이너스 금리 예치제도 효과를 보완하기 위한 목적이다,피해야 한다,마이너스 금리 예치제도 효과를 보완하기 피해야 한다,6.8583125,True
zk_00198,105,train,mid,3,마이너스 금리 예치제도 효과를 보완하기 위한 목적이다,악화시키기 위한 것이다,마이너스 금리 예치제도 효과를 악화시키기 위한 것이다,6.8583125,True
zk_00198,105,train,high,5,마이너스 금리 예치제도 효과를 보완하기 위한 목적이다,예치제도 폐지를 추진하기 위한 목적이다,마이너스 금리 예치제도 폐지를 추진하기 위한 목적이다,6.8583125,True
zk_00199,105,train,low,2,정권교체의 희망도 드리지 못했습니다라며 호남이 지지를 거둔다면 정계에서 은퇴하겠다고 밝혔다,복귀하겠다고 밝혔다,정권교체의 희망도 드리지 못했습니다라며 호남이 지지를 거둔다면 정계에서 복귀하겠다고 밝혔다,11.560875,True
zk_00199,105,train,mid,3,정권교체의 희망도 드리지 못했습니다라며 호남이 지지를 거둔다면 정계에서 은퇴하겠다고 밝혔다,정계에 복귀하겠다고 밝혔다,정권교체의 희망도 드리지 못했습니다라며 호남이 지지를 거둔다면 정계에 복귀하겠다고 밝혔다,11.560875,True
zk_00199,105,train,high,5,정권교체의 희망도 드리지 못했습니다라며 호남이 지지를 거둔다면 정계에서 은퇴하겠다고 밝혔다,지지를 거둔다면 정계에 진출하겠다고 밝혔다,정권교체의 희망도 드리지 못했습니다라며 호남이 지지를 거둔다면 정계에 진출하겠다고 밝혔다,11.560875,True
zk_00200,106,train,low,2,건보공단이 이씨에게 징수금을 부과하고 재산을 압류한 것은 부당하다고 판결했다,타당하다고 판결했다,건보공단이 이씨에게 징수금을 부과하고 재산을 압류한 것은 타당하다고 판결했다,6.692,True
zk_00200,106,train,mid,3,건보공단이 이씨에게 징수금을 부과하고 재산을 압류한 것은 부당하다고 판결했다,것은 타당하다고 판결했다,건보공단이 이씨에게 징수금을 부과하고 재산을 압류한 것은 타당하다고 판결했다,6.692,True
zk_00200,106,train,high,5,건보공단이 이씨에게 징수금을 부과하고 재산을 압류한 것은 부당하다고 판결했다,재산을 압류한 것은 타당하다고 판결했다,건보공단이 이씨에게 징수금을 부과하고 재산을 압류한 것은 타당하다고 판결했다,6.692,True
zk_00201,106,train,low,2,앵커 오늘 새벽 전남 여수에서 오늘 새벽 전남 여수에서 무궁화호 열차가 탈선했습니다,열차가 정상입니다,앵커 오늘 새벽 전남 여수에서 오늘 새벽 전남 여수에서 무궁화호 열차가 정상입니다,7.568125,True
zk_00201,106,train,mid,3,앵커 오늘 새벽 전남 여수에서 오늘 새벽 전남 여수에서 무궁화호 열차가 탈선했습니다,무궁화호 열차가 정상운행했습니다,앵커 오늘 새벽 전남 여수에서 오늘 새벽 전남 여수에서 무궁화호 열차가 정상운행했습니다,7.568125,True
zk_00201,106,train,high,5,앵커 오늘 새벽 전남 여수에서 오늘 새벽 전남 여수에서 무궁화호 열차가 탈선했습니다,전남 여수에서 무궁화호 열차가 정상운행했습니다,앵커 오늘 새벽 전남 여수에서 오늘 새벽 전남 여수에서 무궁화호 열차가 정상운행했습니다,7.568125,True
zk_00202,106,train,low,2,가방을 비롯한 수하물들을 컨베이어 벨트 위에 가능한 한 납작하게 올려놓으십시오,세워 놓으십시오,가방을 비롯한 수하물들을 컨베이어 벨트 위에 가능한 한 세워 놓으십시오,6.292625,True
zk_00202,106,train,mid,3,가방을 비롯한 수하물들을 컨베이어 벨트 위에 가능한 한 납작하게 올려놓으십시오,세워서 보관하세요,가방을 비롯한 수하물들을 컨베이어 벨트 위에 가능한 세워서 보관하세요,6.292625,False
zk_00202,106,train,high,5,가방을 비롯한 수하물들을 컨베이어 벨트 위에 가능한 한 납작하게 올려놓으십시오,아래에 가능한 한 세워놓으십시오,가방을 비롯한 수하물들을 컨베이어 벨트 아래에 가능한 한 세워놓으십시오,6.292625,False
zk_00203,106,train,low,2,하지만 만성적인 운전자 부족에 시달리는 업계의 현실에서 이 같은 대책이 실효성이 없다는 지적이다,있다는 주장이다,하지만 만성적인 운전자 부족에 시달리는 업계의 현실에서 이 같은 대책이 실효성이 있다는 주장이다,6.57125,True
zk_00203,106,train,mid,3,하지만 만성적인 운전자 부족에 시달리는 업계의 현실에서 이 같은 대책이 실효성이 없다는 지적이다,실효성이 높다는 평가다,하지만 만성적인 운전자 부족에 시달리는 업계의 현실에서 이 같은 대책이 실효성이 높다는 평가다,6.57125,True
zk_00203,106,train,high,5,하지만 만성적인 운전자 부족에 시달리는 업계의 현실에서 이 같은 대책이 실효성이 없다는 지적이다,같은 대책이 매우 효과적이라고 평가된다,하지만 만성적인 운전자 부족에 시달리는 업계의 현실에서 이 같은 대책이 매우 효과적이라고 평가된다,6.57125,True
zk_00204,106,train,low,2,이른바 온라인 페미니즘이 지금 여기까지 오게 된 것도 팔십 년대 이후 한국에 뿌리를 내리기 시작한 페미니즘의 흐름에 많은 빚을 졌다,빚을 갚았다,이른바 온라인 페미니즘이 지금 여기까지 오게 된 것도 팔십 년대 이후 한국에 뿌리를 내리기 시작한 페미니즘의 흐름에 많은 빚을 갚았다,10.84375,True
zk_00204,106,train,mid,3,이른바 온라인 페미니즘이 지금 여기까지 오게 된 것도 팔십 년대 이후 한국에 뿌리를 내리기 시작한 페미니즘의 흐름에 많은 빚을 졌다,많은 빚을 갚았다,이른바 온라인 페미니즘이 지금 여기까지 오게 된 것도 팔십 년대 이후 한국에 뿌리를 내리기 시작한 페미니즘의 흐름에 많은 빚을 갚았다,10.84375,True
zk_00204,106,train,high,5,이른바 온라인 페미니즘이 지금 여기까지 오게 된 것도 팔십 년대 이후 한국에 뿌리를 내리기 시작한 페미니즘의 흐름에 많은 빚을 졌다,페미니즘의 흐름을 거부하였다,이른바 온라인 페미니즘이 지금 여기까지 오게 된 것도 팔십 년대 이후 한국에 뿌리를 내리기 시작한 페미니즘의 흐름을 거부하였다,10.84375,False
zk_00205,106,train,low,2,이런 모독적인 발언은 오히려 헌재 재판관들이 대통령 파면 쪽으로 마음을 굳히는 데 결정적인 역할을 한 것으로 알려졌다,것으로 부인됐다,이런 모독적인 발언은 오히려 헌재 재판관들이 대통령 파면 쪽으로 마음을 굳히는 데 결정적인 역할을 한 것으로 부인됐다,9.71875,True
zk_00205,106,train,mid,3,이런 모독적인 발언은 오히려 헌재 재판관들이 대통령 파면 쪽으로 마음을 굳히는 데 결정적인 역할을 한 것으로 알려졌다,한 것으로 부정되었다,이런 모독적인 발언은 오히려 헌재 재판관들이 대통령 파면 쪽으로 마음을 굳히는 데 결정적인 역할을 한 것으로 부정되었다,9.71875,True
zk_00205,106,train,high,5,이런 모독적인 발언은 오히려 헌재 재판관들이 대통령 파면 쪽으로 마음을 굳히는 데 결정적인 역할을 한 것으로 알려졌다,큰 역할을 하지 못한 것으로 알려졌다,이런 모독적인 발언은 오히려 헌재 재판관들이 대통령 파면 쪽으로 마음을 굳히는 데 큰 역할을 하지 못한 것으로 알려졌다,9.71875,False
zk_00206,106,train,low,2,대부분은 복합적인 국제 정치 상황에서 나오는 좌절을 제게 쏟아내는 거다,담아두는 거다,대부분은 복합적인 국제 정치 상황에서 나오는 좌절을 제게 담아두는 거다,6.1765,True
zk_00206,106,train,mid,3,대부분은 복합적인 국제 정치 상황에서 나오는 좌절을 제게 쏟아내는 거다,제게 숨기는 거다,대부분은 복합적인 국제 정치 상황에서 나오는 좌절을 제게 숨기는 거다,6.1765,True
zk_00206,106,train,high,5,대부분은 복합적인 국제 정치 상황에서 나오는 좌절을 제게 쏟아내는 거다,나오는 좌절을 제게 감싸안는 거다,대부분은 복합적인 국제 정치 상황에서 나오는 좌절을 제게 감싸안는 거다,6.1765,True
zk_00207,106,train,low,2,약 백 명의 성경 연구생이 포즈디쇼브체 마을에서 모였습니다,마을에서 흩어졌습니다,약 백 명의 성경 연구생이 포즈디쇼브체 마을에서 흩어졌습니다,5.688875,True
zk_00207,106,train,mid,3,약 백 명의 성경 연구생이 포즈디쇼브체 마을에서 모였습니다,포즈디쇼브체 마을을 떠났습니다,약 백 명의 성경 연구생이 포즈디쇼브체 마을을 떠났습니다,5.688875,True
zk_00207,106,train,high,5,약 백 명의 성경 연구생이 포즈디쇼브체 마을에서 모였습니다,성경 연구생이 포즈디쇼브체 마을에서 헤어졌습니다,약 백 명의 성경 연구생이 포즈디쇼브체 마을에서 헤어졌습니다,5.688875,True
zk_00208,106,train,low,2,박근혜 대통령의 국정농단 연루로 헌법재판소에선 탄핵 심판이 진행 중이고 이로 인해 여권은 새누리당과 바른정당으로 갈리는 초유의 보수당 분당 사태까지 일어났다,막혀 있다,박근혜 대통령의 국정농단 연루로 헌법재판소에선 탄핵 심판이 진행 중이고 이로 인해 여권은 새누리당과 바른정당으로 갈리는 초유의 보수당 분당 막혀 있다,12.4819375,True
zk_00208,106,train,mid,3,박근혜 대통령의 국정농단 연루로 헌법재판소에선 탄핵 심판이 진행 중이고 이로 인해 여권은 새누리당과 바른정당으로 갈리는 초유의 보수당 분당 사태까지 일어났다,분당 사태는 피했다,박근혜 대통령의 국정농단 연루로 헌법재판소에선 탄핵 심판이 진행 중이고 이로 인해 여권은 새누리당과 바른정당으로 갈리는 초유의 보수당 분당 사태는 피했다,12.4819375,True
zk_00208,106,train,high,5,박근혜 대통령의 국정농단 연루로 헌법재판소에선 탄핵 심판이 진행 중이고 이로 인해 여권은 새누리당과 바른정당으로 갈리는 초유의 보수당 분당 사태까지 일어났다,초유의 보수당 통합이 마침내 이루어졌다,박근혜 대통령의 국정농단 연루로 헌법재판소에선 탄핵 심판이 진행 중이고 이로 인해 여권은 새누리당과 바른정당으로 갈리는 초유의 보수당 통합이 마침내 이루어졌다,12.4819375,True
zk_00209,106,train,low,2,문 후보 측 박광온 공보단장은 각 매체로선 대선 후보 인터뷰가 오 년에 딱 한 번 주어지는 만큼 모두에게 골고루 기회를 주자는 취지라고 설명했다,부인했다고,문 후보 측 박광온 공보단장은 각 매체로선 대선 후보 인터뷰가 오 년에 딱 한 번 주어지는 만큼 모두에게 골고루 기회를 주자는 부인했다고,12.74775,False
zk_00209,106,train,mid,3,문 후보 측 박광온 공보단장은 각 매체로선 대선 후보 인터뷰가 오 년에 딱 한 번 주어지는 만큼 모두에게 골고루 기회를 주자는 취지라고 설명했다,주자는 그렇게 부정했다,문 후보 측 박광온 공보단장은 각 매체로선 대선 후보 인터뷰가 오 년에 딱 한 번 주어지는 만큼 모두에게 골고루 기회를 주자는 그렇게 부정했다,12.74775,True
zk_00209,106,train,high,5,문 후보 측 박광온 공보단장은 각 매체로선 대선 후보 인터뷰가 오 년에 딱 한 번 주어지는 만큼 모두에게 골고루 기회를 주자는 취지라고 설명했다,기회를 제한하자는 취지라고 자세히 설명했다,문 후보 측 박광온 공보단장은 각 매체로선 대선 후보 인터뷰가 오 년에 딱 한 번 주어지는 만큼 모두에게 기회를 제한하자는 취지라고 자세히 설명했다,12.74775,True
zk_00210,107,train,low,2,알겠습니다 그러면 먼저 지금 대학입시제도부터 좀 알고 토론에 들어가죠,토론을 피하죠,알겠습니다 그러면 먼저 지금 대학입시제도부터 좀 알고 토론을 피하죠,7.379625,True
zk_00210,107,train,mid,3,알겠습니다 그러면 먼저 지금 대학입시제도부터 좀 알고 토론에 들어가죠,모르고 피해가죠,알겠습니다 그러면 먼저 지금 대학입시제도부터 좀 모르고 피해가죠,7.379625,False
zk_00210,107,train,high,5,알겠습니다 그러면 먼저 지금 대학입시제도부터 좀 알고 토론에 들어가죠,대학입시제도를 모르고도 토론합시다,알겠습니다 그러면 먼저 지금 대학입시제도를 모르고도 토론합시다,7.379625,False
zk_00211,107,train,low,2,일본은 아무리 사죄해도 충분하지 않을 만큼 막대한 범죄를 한국에 저질렀습니다,한국에 기여했습니다,일본은 아무리 사죄해도 충분하지 않을 만큼 막대한 범죄를 한국에 기여했습니다,7.3280625,True
zk_00211,107,train,mid,3,일본은 아무리 사죄해도 충분하지 않을 만큼 막대한 범죄를 한국에 저질렀습니다,범죄를 한국에서 목격했습니다,일본은 아무리 사죄해도 충분하지 않을 만큼 막대한 범죄를 한국에서 목격했습니다,7.3280625,True
zk_00211,107,train,high,5,일본은 아무리 사죄해도 충분하지 않을 만큼 막대한 범죄를 한국에 저질렀습니다,만큼 막대한 기여를 한국에 했습니다,일본은 아무리 사죄해도 충분하지 않을 만큼 막대한 기여를 한국에 했습니다,7.3280625,True
zk_00212,107,train,low,2,이들 작품은 그의 인생을 바꿨고 오늘의 그를 있게 했다,없게 했다,이들 작품은 그의 인생을 바꿨고 오늘의 그를 없게 했다,6.059875,True
zk_00212,107,train,mid,3,이들 작품은 그의 인생을 바꿨고 오늘의 그를 있게 했다,그를 없게 했다,이들 작품은 그의 인생을 바꿨고 오늘의 그를 없게 했다,6.059875,True
zk_00212,107,train,high,5,이들 작품은 그의 인생을 바꿨고 오늘의 그를 있게 했다,바꿨고 오늘의 그를 망치게 했다,이들 작품은 그의 인생을 바꿨고 오늘의 그를 망치게 했다,6.059875,True
zk_00213,107,train,low,2,아마존은 상품 배송에 드론을 이용하겠다며 아마존 프라임에어 계획을 발표했다,계획을 취소했다,아마존은 상품 배송에 드론을 이용하겠다며 아마존 프라임에어 계획을 취소했다,7.83475,True
zk_00213,107,train,mid,3,아마존은 상품 배송에 드론을 이용하겠다며 아마존 프라임에어 계획을 발표했다,프라임에어 계획을 보류했다,아마존은 상품 배송에 드론을 이용하겠다며 아마존 프라임에어 계획을 보류했다,7.83475,True
zk_00213,107,train,high,5,아마존은 상품 배송에 드론을 이용하겠다며 아마존 프라임에어 계획을 발표했다,이용하지 않겠다며 계획을 폐기했다,아마존은 상품 배송에 드론을 이용하지 않겠다며 계획을 폐기했다,7.83475,False
zk_00214,107,train,low,2,또한 오래 근무하지 않고 일찍 청와대를 나온 이유도 석연치 않다,명백히 드러나다,또한 오래 근무하지 않고 일찍 청와대를 나온 이유도 명백히 드러나다,6.9308125,True
zk_00214,107,train,mid,3,또한 오래 근무하지 않고 일찍 청와대를 나온 이유도 석연치 않다,이유가 충분히 명확하다,또한 오래 근무하지 않고 일찍 청와대를 나온 이유가 충분히 명확하다,6.9308125,True
zk_00214,107,train,high,5,또한 오래 근무하지 않고 일찍 청와대를 나온 이유도 석연치 않다,청와대를 나온 이유가 매우 분명하다,또한 오래 근무하지 않고 일찍 청와대를 나온 이유가 매우 분명하다,6.9308125,True
zk_00215,107,train,low,2,후속 대책으로 판매 제품 전량을 신제품으로 교환하기로 했다,반품하기로 했다,후속 대책으로 판매 제품 전량을 신제품으로 반품하기로 했다,6.237875,True
zk_00215,107,train,mid,3,후속 대책으로 판매 제품 전량을 신제품으로 교환하기로 했다,그냥 사용하기로 했다,후속 대책으로 판매 제품 전량을 그냥 사용하기로 했다,6.237875,True
zk_00215,107,train,high,5,후속 대책으로 판매 제품 전량을 신제품으로 교환하기로 했다,제품 전량을 반품하기로 최종 결정했다,후속 대책으로 판매 제품 전량을 반품하기로 최종 결정했다,6.237875,True
zk_00216,107,train,low,2,경찰의 카메라에 담긴 화면으로는 라이드가 경찰에게 어떤 위협을 가했는지는 정확하게 드러나지 않고 있다,하고 있다,경찰의 카메라에 담긴 화면으로는 라이드가 경찰에게 어떤 위협을 가했는지는 정확하게 드러나지 하고 있다,9.2771875,True
zk_00216,107,train,mid,3,경찰의 카메라에 담긴 화면으로는 라이드가 경찰에게 어떤 위협을 가했는지는 정확하게 드러나지 않고 있다,숨겨져 있다,경찰의 카메라에 담긴 화면으로는 라이드가 경찰에게 어떤 위협을 가했는지는 정확하게 숨겨져 있다,9.2771875,False
zk_00216,107,train,high,5,경찰의 카메라에 담긴 화면으로는 라이드가 경찰에게 어떤 위협을 가했는지는 정확하게 드러나지 않고 있다,가했는지는 명확하게 잘 드러나고 있다,경찰의 카메라에 담긴 화면으로는 라이드가 경찰에게 어떤 위협을 가했는지는 명확하게 잘 드러나고 있다,9.2771875,True
zk_00217,107,train,low,2,박재홍 어제 이 소식 듣고 많이 놀라셨을 것 같아요 많은 분들이,아무도 없이,박재홍 어제 이 소식 듣고 많이 놀라셨을 것 같아요 아무도 없이,6.877625,True
zk_00217,107,train,mid,3,박재홍 어제 이 소식 듣고 많이 놀라셨을 것 같아요 많은 분들이,달라요 아무도 아니,박재홍 어제 이 소식 듣고 많이 놀라셨을 것 달라요 아무도 아니,6.877625,True
zk_00217,107,train,high,5,박재홍 어제 이 소식 듣고 많이 놀라셨을 것 같아요 많은 분들이,실망하셨을 것 같아요 많은 분들이,박재홍 어제 이 소식 듣고 많이 실망하셨을 것 같아요 많은 분들이,6.877625,True
zk_00218,107,train,low,2,시간이 흘러 중국계 인도네시아인이셨던 부모님과 그들의 자녀 다섯 명이 증인이 되었습니다,증거하지 못했습니다,시간이 흘러 중국계 인도네시아인이셨던 부모님과 그들의 자녀 다섯 명이 증거하지 못했습니다,8.8711875,True
zk_00218,107,train,mid,3,시간이 흘러 중국계 인도네시아인이셨던 부모님과 그들의 자녀 다섯 명이 증인이 되었습니다,명이 증인을 거부했습니다,시간이 흘러 중국계 인도네시아인이셨던 부모님과 그들의 자녀 다섯 명이 증인을 거부했습니다,8.8711875,True
zk_00218,107,train,high,5,시간이 흘러 중국계 인도네시아인이셨던 부모님과 그들의 자녀 다섯 명이 증인이 되었습니다,자녀 다섯 명이 반대를 했습니다,시간이 흘러 중국계 인도네시아인이셨던 부모님과 그들의 자녀 다섯 명이 반대를 했습니다,8.8711875,True
zk_00219,107,train,low,2,최근 청년 실업 등 노동 관련 이슈가 많아 예민한 온라인 분위기에 기름을 부은 꼴이 됐습니다,꼴이 났습니다,최근 청년 실업 등 노동 관련 이슈가 많아 예민한 온라인 분위기에 기름을 부은 꼴이 났습니다,8.6796875,True
zk_00219,107,train,mid,3,최근 청년 실업 등 노동 관련 이슈가 많아 예민한 온라인 분위기에 기름을 부은 꼴이 됐습니다,빠진 꼴이 됐습니다,최근 청년 실업 등 노동 관련 이슈가 많아 예민한 온라인 분위기에 기름을 빠진 꼴이 됐습니다,8.6796875,True
zk_00219,107,train,high,5,최근 청년 실업 등 노동 관련 이슈가 많아 예민한 온라인 분위기에 기름을 부은 꼴이 됐습니다,분위기를 한층 더 좋게 만들었습니다,최근 청년 실업 등 노동 관련 이슈가 많아 예민한 온라인 분위기를 한층 더 좋게 만들었습니다,8.6796875,True
zk_00220,109,train,low,2,이 전 회장의 장례식은 별세 시점인 십 사 일을 기준으로 일곱 일장으로 치뤄진다,연기 된다,이 전 회장의 장례식은 별세 시점인 십 사 일을 기준으로 일곱 연기 된다,8.252,True
zk_00220,109,train,mid,3,이 전 회장의 장례식은 별세 시점인 십 사 일을 기준으로 일곱 일장으로 치뤄진다,다섯 경기로 결정된다,이 전 회장의 장례식은 별세 시점인 십 사 일을 기준으로 다섯 경기로 결정된다,8.252,True
zk_00220,109,train,high,5,이 전 회장의 장례식은 별세 시점인 십 사 일을 기준으로 일곱 일장으로 치뤄진다,일을 기준으로 사흘로 치뤄지지 않는다,이 전 회장의 장례식은 별세 시점인 십 사 일을 기준으로 사흘로 치뤄지지 않는다,8.252,True
zk_00221,109,train,low,2,더 이상 도둑을 제압할 필요가 없는 상황에서 거의 분풀이에 가까운 행위를 한 거죠,안 했죠,더 이상 도둑을 제압할 필요가 없는 상황에서 거의 분풀이에 가까운 행위를 안 했죠,8.4208125,True
zk_00221,109,train,mid,3,더 이상 도둑을 제압할 필요가 없는 상황에서 거의 분풀이에 가까운 행위를 한 거죠,행위를 안 했죠,더 이상 도둑을 제압할 필요가 없는 상황에서 거의 분풀이에 가까운 행위를 안 했죠,8.4208125,True
zk_00221,109,train,high,5,더 이상 도둑을 제압할 필요가 없는 상황에서 거의 분풀이에 가까운 행위를 한 거죠,의도적인 행동을 한 거예요,더 이상 도둑을 제압할 필요가 없는 상황에서 거의 의도적인 행동을 한 거예요,8.4208125,False
zk_00222,109,train,low,2,프랜신을 처벌을 모면한 살인자로 묘사하거나 법원이 보복살인을 정당화했다고 비판하는 보도도 있었다,보도도 없었다,프랜신을 처벌을 모면한 살인자로 묘사하거나 법원이 보복살인을 정당화했다고 비판하는 보도도 없었다,9.273,True
zk_00222,109,train,mid,3,프랜신을 처벌을 모면한 살인자로 묘사하거나 법원이 보복살인을 정당화했다고 비판하는 보도도 있었다,지지하는 보도도 있었다,프랜신을 처벌을 모면한 살인자로 묘사하거나 법원이 보복살인을 정당화했다고 지지하는 보도도 있었다,9.273,True
zk_00222,109,train,high,5,프랜신을 처벌을 모면한 살인자로 묘사하거나 법원이 보복살인을 정당화했다고 비판하는 보도도 있었다,보복살인을 옹호했다는 의견도 있었다,프랜신을 처벌을 모면한 살인자로 묘사하거나 법원이 보복살인을 옹호했다는 의견도 있었다,9.273,False
zk_00223,109,train,low,2,고속도로 교통정보 표시판 등을 통한 홍보도 강화하겠다,홍보는 축소하겠다,고속도로 교통정보 표시판 등을 통한 홍보는 축소하겠다,6.426625,True
zk_00223,109,train,mid,3,고속도로 교통정보 표시판 등을 통한 홍보도 강화하겠다,통한 홍보도 축소하겠다,고속도로 교통정보 표시판 등을 통한 홍보도 축소하겠다,6.426625,True
zk_00223,109,train,high,5,고속도로 교통정보 표시판 등을 통한 홍보도 강화하겠다,표시판 등을 통한 홍보를 축소하겠다,고속도로 교통정보 표시판 등을 통한 홍보를 축소하겠다,6.426625,True
zk_00224,109,train,low,2,가외의 노력이 든다 하더라도 집 안팎을 깔끔하고 청결하게 유지하기 위해 최선을 다하십시오,포기하세요 완전히,가외의 노력이 든다 하더라도 집 안팎을 깔끔하고 청결하게 유지하기 위해 포기하세요 완전히,9.0484375,True
zk_00224,109,train,mid,3,가외의 노력이 든다 하더라도 집 안팎을 깔끔하고 청결하게 유지하기 위해 최선을 다하십시오,위해 방해하십시오,가외의 노력이 든다 하더라도 집 안팎을 깔끔하고 청결하게 유지하기 위해 방해하십시오,9.0484375,False
zk_00224,109,train,high,5,가외의 노력이 든다 하더라도 집 안팎을 깔끔하고 청결하게 유지하기 위해 최선을 다하십시오,청결함을 무시하고 살아가세요,가외의 노력이 든다 하더라도 집 안팎을 깔끔하고 청결함을 무시하고 살아가세요,9.0484375,False
zk_00225,109,train,low,2,키가 작아지는 현상의 원인은 골다공증일 가능성이 높다,가능성이 낮다,키가 작아지는 현상의 원인은 골다공증일 가능성이 낮다,8.09775,True
zk_00225,109,train,mid,3,키가 작아지는 현상의 원인은 골다공증일 가능성이 높다,골다공증일 가능성이 낮다,키가 작아지는 현상의 원인은 골다공증일 가능성이 낮다,8.09775,True
zk_00225,109,train,high,5,키가 작아지는 현상의 원인은 골다공증일 가능성이 높다,현상의 원인은 골다공증이 아닐 것이다,키가 작아지는 현상의 원인은 골다공증이 아닐 것이다,8.09775,True
zk_00226,109,train,low,2,책가방 판매 직원 품절된 것은 아니고 아직 한개 남아있으니까요,다 떨어졌으니까요,책가방 판매 직원 품절된 것은 아니고 아직 다 떨어졌으니까요,6.870375,True
zk_00226,109,train,mid,3,책가방 판매 직원 품절된 것은 아니고 아직 한개 남아있으니까요,이미 다 떨어졌거든요,책가방 판매 직원 품절된 것은 아니고 이미 다 떨어졌거든요,6.870375,True
zk_00226,109,train,high,5,책가방 판매 직원 품절된 것은 아니고 아직 한개 남아있으니까요,것은 맞는데 모두 다 없어졌으니까요,책가방 판매 직원 품절된 것은 맞는데 모두 다 없어졌으니까요,6.870375,True
zk_00227,109,train,low,2,의학 물리학 생의학 공학 교수인 새뮤얼 위클라인 박사는 이렇게 말했습니다,이렇게 물었습니다,의학 물리학 생의학 공학 교수인 새뮤얼 위클라인 박사는 이렇게 물었습니다,7.3733125,True
zk_00227,109,train,mid,3,의학 물리학 생의학 공학 교수인 새뮤얼 위클라인 박사는 이렇게 말했습니다,박사는 거부했습니다,의학 물리학 생의학 공학 교수인 새뮤얼 위클라인 박사는 거부했습니다,7.3733125,False
zk_00227,109,train,high,5,의학 물리학 생의학 공학 교수인 새뮤얼 위클라인 박사는 이렇게 말했습니다,새뮤얼 위클라인 박사는 이를 거부했습니다,의학 물리학 생의학 공학 교수인 새뮤얼 위클라인 박사는 이를 거부했습니다,7.3733125,True
zk_00228,109,train,low,2,김씨는 노지 수박은 요즘이 한창 수확철이기 때문에 일기예보가 중요하다,일기예보가 불필요하다,김씨는 노지 수박은 요즘이 한창 수확철이기 때문에 일기예보가 불필요하다,8.076375,True
zk_00228,109,train,mid,3,김씨는 노지 수박은 요즘이 한창 수확철이기 때문에 일기예보가 중요하다,때문에 일기예보가 불필요하다,김씨는 노지 수박은 요즘이 한창 수확철이기 때문에 일기예보가 불필요하다,8.076375,True
zk_00228,109,train,high,5,김씨는 노지 수박은 요즘이 한창 수확철이기 때문에 일기예보가 중요하다,한창 수확철이기 때문에 일기예보가 불필요하다,김씨는 노지 수박은 요즘이 한창 수확철이기 때문에 일기예보가 불필요하다,8.076375,True
zk_00229,109,train,low,2,아빠가 언어폭력과 폭력을 당해 머리가 아파 살 수가 없다,수가 있다,아빠가 언어폭력과 폭력을 당해 머리가 아파 살 수가 있다,6.836,True
zk_00229,109,train,mid,3,아빠가 언어폭력과 폭력을 당해 머리가 아파 살 수가 없다,살 수가 있다,아빠가 언어폭력과 폭력을 당해 머리가 아파 살 수가 있다,6.836,True
zk_00229,109,train,high,5,아빠가 언어폭력과 폭력을 당해 머리가 아파 살 수가 없다,머리가 좋아 잘 살 수 있다,아빠가 언어폭력과 폭력을 당해 머리가 좋아 잘 살 수 있다,6.836,False
zk_00230,111,train,low,2,그로 인해 청소년들을 비롯한 일반인들은 어떤 영향을 받게 됩니까,주지 않습니까,그로 인해 청소년들을 비롯한 일반인들은 어떤 영향을 주지 않습니까,6.5605,True
zk_00230,111,train,mid,3,그로 인해 청소년들을 비롯한 일반인들은 어떤 영향을 받게 됩니까,영향을 주게 됩니까,그로 인해 청소년들을 비롯한 일반인들은 어떤 영향을 주게 됩니까,6.5605,True
zk_00230,111,train,high,5,그로 인해 청소년들을 비롯한 일반인들은 어떤 영향을 받게 됩니까,일반인들은 어떤 영향도 받지 않습니다,그로 인해 청소년들을 비롯한 일반인들은 어떤 영향도 받지 않습니다,6.5605,True
zk_00231,111,train,low,2,남쪽에 근거지를 마련한 헝가리인들도 브라티슬라바 지역까지 침투해 들어와 있었습니다,나가 있었습니다,남쪽에 근거지를 마련한 헝가리인들도 브라티슬라바 지역까지 침투해 나가 있었습니다,8.3561875,True
zk_00231,111,train,mid,3,남쪽에 근거지를 마련한 헝가리인들도 브라티슬라바 지역까지 침투해 들어와 있었습니다,빠져나가고 있었어요,남쪽에 근거지를 마련한 헝가리인들도 브라티슬라바 지역까지 빠져나가고 있었어요,8.3561875,False
zk_00231,111,train,high,5,남쪽에 근거지를 마련한 헝가리인들도 브라티슬라바 지역까지 침투해 들어와 있었습니다,브라티슬라바 지역에서 완전히 철수해 있었습니다,남쪽에 근거지를 마련한 헝가리인들도 브라티슬라바 지역에서 완전히 철수해 있었습니다,8.3561875,True
zk_00232,111,train,low,2,일본의 수출액은 전년대비 구 쩜 사 사 퍼센트 네덜란드는 십 오 쩜 육 칠 퍼센트 급감했다,퍼센트 급증했다,일본의 수출액은 전년대비 구 쩜 사 사 퍼센트 네덜란드는 십 오 쩜 육 칠 퍼센트 급증했다,8.0906875,True
zk_00232,111,train,mid,3,일본의 수출액은 전년대비 구 쩜 사 사 퍼센트 네덜란드는 십 오 쩜 육 칠 퍼센트 급감했다,칠 퍼센트 급증했다,일본의 수출액은 전년대비 구 쩜 사 사 퍼센트 네덜란드는 십 오 쩜 육 칠 퍼센트 급증했다,8.0906875,True
zk_00232,111,train,high,5,일본의 수출액은 전년대비 구 쩜 사 사 퍼센트 네덜란드는 십 오 쩜 육 칠 퍼센트 급감했다,쩜 육 칠 퍼센트 급증했다,일본의 수출액은 전년대비 구 쩜 사 사 퍼센트 네덜란드는 십 오 쩜 육 칠 퍼센트 급증했다,8.0906875,True
zk_00233,111,train,low,2,마이무는 에스토니아의 교도소에 있을 때 아기를 낳았는데 한 친절한 교도관이 아기를 마이무의 어머니에게 보내 주었습니다,받지 못했습니다,마이무는 에스토니아의 교도소에 있을 때 아기를 낳았는데 한 친절한 교도관이 아기를 마이무의 어머니에게 받지 못했습니다,11.093,True
zk_00233,111,train,mid,3,마이무는 에스토니아의 교도소에 있을 때 아기를 낳았는데 한 친절한 교도관이 아기를 마이무의 어머니에게 보내 주었습니다,어머니에게 받지 못했습니다,마이무는 에스토니아의 교도소에 있을 때 아기를 낳았는데 한 친절한 교도관이 아기를 마이무의 어머니에게 받지 못했습니다,11.093,True
zk_00233,111,train,high,5,마이무는 에스토니아의 교도소에 있을 때 아기를 낳았는데 한 친절한 교도관이 아기를 마이무의 어머니에게 보내 주었습니다,아기를 마이무의 어머니에게서 받아 주었습니다,마이무는 에스토니아의 교도소에 있을 때 아기를 낳았는데 한 친절한 교도관이 아기를 마이무의 어머니에게서 받아 주었습니다,11.093,True
zk_00234,111,train,low,2,다섯째 공주보와 예당호는 서로 수계가 달라 물을 주고받는 게 장기적으로 바람직하지 않다,적극 권장된다,다섯째 공주보와 예당호는 서로 수계가 달라 물을 주고받는 게 장기적으로 적극 권장된다,8.2500625,True
zk_00234,111,train,mid,3,다섯째 공주보와 예당호는 서로 수계가 달라 물을 주고받는 게 장기적으로 바람직하지 않다,단기적으로 매우 바람직하다,다섯째 공주보와 예당호는 서로 수계가 달라 물을 주고받는 게 단기적으로 매우 바람직하다,8.2500625,True
zk_00234,111,train,high,5,다섯째 공주보와 예당호는 서로 수계가 달라 물을 주고받는 게 장기적으로 바람직하지 않다,주고받는 게 장기적으로 매우 바람직하다,다섯째 공주보와 예당호는 서로 수계가 달라 물을 주고받는 게 장기적으로 매우 바람직하다,8.2500625,True
zk_00235,111,train,low,2,하지만 미국 의회에서 발족시킨 한 위원회에서는 서로 뚜렷이 구분되는 열 일곱 가지 수면 장애가 있음을 인정했습니다,없음을 부인했습니다,하지만 미국 의회에서 발족시킨 한 위원회에서는 서로 뚜렷이 구분되는 열 일곱 가지 수면 장애가 없음을 부인했습니다,13.003,True
zk_00235,111,train,mid,3,하지만 미국 의회에서 발족시킨 한 위원회에서는 서로 뚜렷이 구분되는 열 일곱 가지 수면 장애가 있음을 인정했습니다,장애가 없다고 부인했습니다,하지만 미국 의회에서 발족시킨 한 위원회에서는 서로 뚜렷이 구분되는 열 일곱 가지 수면 장애가 없다고 부인했습니다,13.003,True
zk_00235,111,train,high,5,하지만 미국 의회에서 발족시킨 한 위원회에서는 서로 뚜렷이 구분되는 열 일곱 가지 수면 장애가 있음을 인정했습니다,가지 수면 장애가 없음을 부인했습니다,하지만 미국 의회에서 발족시킨 한 위원회에서는 서로 뚜렷이 구분되는 열 일곱 가지 수면 장애가 없음을 부인했습니다,13.003,True
zk_00236,111,train,low,2,군 당국은 점의 정체가 확인되지 않아 아직은 미확인 물체로 판단하고 분석 중이다,결론 내렸다,군 당국은 점의 정체가 확인되지 않아 아직은 미확인 물체로 판단하고 결론 내렸다,8.2253125,True
zk_00236,111,train,mid,3,군 당국은 점의 정체가 확인되지 않아 아직은 미확인 물체로 판단하고 분석 중이다,확인하지 않고 있다,군 당국은 점의 정체가 확인되지 않아 아직은 미확인 물체로 확인하지 않고 있다,8.2253125,True
zk_00236,111,train,high,5,군 당국은 점의 정체가 확인되지 않아 아직은 미확인 물체로 판단하고 분석 중이다,확인된 물체로 판단하고 분석 완료했다,군 당국은 점의 정체가 확인되지 않아 아직은 확인된 물체로 판단하고 분석 완료했다,8.2253125,True
zk_00237,111,train,low,2,한편 지난 십 이 일 일부 언론에 보도된 삼성전자 협력사 직원 메르스 일 차 양성판정은 사실이 아닌 것으로 확인됐다,것으로 드러났다,한편 지난 십 이 일 일부 언론에 보도된 삼성전자 협력사 직원 메르스 일 차 양성판정은 사실이 아닌 것으로 드러났다,11.468375,True
zk_00237,111,train,mid,3,한편 지난 십 이 일 일부 언론에 보도된 삼성전자 협력사 직원 메르스 일 차 양성판정은 사실이 아닌 것으로 확인됐다,인 것으로 확인됐다,한편 지난 십 이 일 일부 언론에 보도된 삼성전자 협력사 직원 메르스 일 차 양성판정은 사실이 인 것으로 확인됐다,11.468375,True
zk_00237,111,train,high,5,한편 지난 십 이 일 일부 언론에 보도된 삼성전자 협력사 직원 메르스 일 차 양성판정은 사실이 아닌 것으로 확인됐다,양성판정은 사실인 것으로 밝혀졌다,한편 지난 십 이 일 일부 언론에 보도된 삼성전자 협력사 직원 메르스 일 차 양성판정은 사실인 것으로 밝혀졌다,11.468375,False
zk_00238,111,train,low,2,장례 절차가 마무리지어진 뒤에도 고인이 남긴 이야기가 회자되고 고인에 대한 재평가가 이어지고 있다,끝나고 있다,장례 절차가 마무리지어진 뒤에도 고인이 남긴 이야기가 회자되고 고인에 대한 재평가가 끝나고 있다,9.2905,True
zk_00238,111,train,mid,3,장례 절차가 마무리지어진 뒤에도 고인이 남긴 이야기가 회자되고 고인에 대한 재평가가 이어지고 있다,재평가는 중단되었다,장례 절차가 마무리지어진 뒤에도 고인이 남긴 이야기가 회자되고 고인에 대한 재평가는 중단되었다,9.2905,False
zk_00238,111,train,high,5,장례 절차가 마무리지어진 뒤에도 고인이 남긴 이야기가 회자되고 고인에 대한 재평가가 이어지고 있다,고인에 대한 비판이 계속되고 있다,장례 절차가 마무리지어진 뒤에도 고인이 남긴 이야기가 회자되고 고인에 대한 비판이 계속되고 있다,9.2905,True
zk_00239,111,train,low,2,페이스북 갈무리 이천 십 육 년에는 대구 남부경찰서가 데이트폭력 반대 캠페인을 진행하면서 젊은 여성들을 향해 아예 자신들과 사귀자고 제안했다,헤어지자고 제안했다,페이스북 갈무리 이천 십 육 년에는 대구 남부경찰서가 데이트폭력 반대 캠페인을 진행하면서 젊은 여성들을 향해 아예 자신들과 헤어지자고 제안했다,13.327,True
zk_00239,111,train,mid,3,페이스북 갈무리 이천 십 육 년에는 대구 남부경찰서가 데이트폭력 반대 캠페인을 진행하면서 젊은 여성들을 향해 아예 자신들과 사귀자고 제안했다,자신들과 헤어지자고 제안했다,페이스북 갈무리 이천 십 육 년에는 대구 남부경찰서가 데이트폭력 반대 캠페인을 진행하면서 젊은 여성들을 향해 아예 자신들과 헤어지자고 제안했다,13.327,True
zk_00239,111,train,high,5,페이스북 갈무리 이천 십 육 년에는 대구 남부경찰서가 데이트폭력 반대 캠페인을 진행하면서 젊은 여성들을 향해 아예 자신들과 사귀자고 제안했다,향해 아예 자신들과 헤어지자고 제안했다,페이스북 갈무리 이천 십 육 년에는 대구 남부경찰서가 데이트폭력 반대 캠페인을 진행하면서 젊은 여성들을 향해 아예 자신들과 헤어지자고 제안했다,13.327,True
zk_00240,113,train,low,2,결론적으로 말하면 정종은 일본식 청주의 한 종류일 뿐입니다,전부는 아닙니다,결론적으로 말하면 정종은 일본식 청주의 한 전부는 아닙니다,5.526375,True
zk_00240,113,train,mid,3,결론적으로 말하면 정종은 일본식 청주의 한 종류일 뿐입니다,여러 종류가 있습니다,결론적으로 말하면 정종은 일본식 청주의 여러 종류가 있습니다,5.526375,True
zk_00240,113,train,high,5,결론적으로 말하면 정종은 일본식 청주의 한 종류일 뿐입니다,일본식 청주와는 전혀 다른 술입니다,결론적으로 말하면 정종은 일본식 청주와는 전혀 다른 술입니다,5.526375,True
zk_00241,113,train,low,2,그런데 표지 제목은 엄마 되기의 덫 왜 성공한 여성들은 아이가 없을까였다,아이가 있었다,그런데 표지 제목은 엄마 되기의 덫 왜 성공한 여성들은 아이가 있었다,6.7105625,True
zk_00241,113,train,mid,3,그런데 표지 제목은 엄마 되기의 덫 왜 성공한 여성들은 아이가 없을까였다,여성들은 아이가 많았다,그런데 표지 제목은 엄마 되기의 덫 왜 성공한 여성들은 아이가 많았다,6.7105625,True
zk_00241,113,train,high,5,그런데 표지 제목은 엄마 되기의 덫 왜 성공한 여성들은 아이가 없을까였다,왜 성공한 여성들은 아이가 많을까였다,그런데 표지 제목은 엄마 되기의 덫 왜 성공한 여성들은 아이가 많을까였다,6.7105625,True
zk_00242,113,train,low,2,전북경찰청 광역수사대는 일 일 공동공갈 혐의로 렌터카 직원 박모씨를 구속하고 소장 김모씨를 불구속 입건했다,구속 송치했다,전북경찰청 광역수사대는 일 일 공동공갈 혐의로 렌터카 직원 박모씨를 구속하고 소장 김모씨를 구속 송치했다,10.031,True
zk_00242,113,train,mid,3,전북경찰청 광역수사대는 일 일 공동공갈 혐의로 렌터카 직원 박모씨를 구속하고 소장 김모씨를 불구속 입건했다,김모씨를 구속 송치했다,전북경찰청 광역수사대는 일 일 공동공갈 혐의로 렌터카 직원 박모씨를 구속하고 소장 김모씨를 구속 송치했다,10.031,True
zk_00242,113,train,high,5,전북경찰청 광역수사대는 일 일 공동공갈 혐의로 렌터카 직원 박모씨를 구속하고 소장 김모씨를 불구속 입건했다,소장 김모씨를 불구속 입건했다,전북경찰청 광역수사대는 일 일 공동공갈 혐의로 렌터카 직원 박모씨를 소장 김모씨를 불구속 입건했다,10.031,False
zk_00243,113,train,low,2,천 구백 사십 칠 년 오 월부터 지금까지 관람차는 계속 회전하면서 즐거워하는 손님들을 천천히 올려 주기도 하고 내려 주기도 합니다,피하기도 합니다,천 구백 사십 칠 년 오 월부터 지금까지 관람차는 계속 회전하면서 즐거워하는 손님들을 천천히 올려 주기도 하고 내려 피하기도 합니다,10.5883125,True
zk_00243,113,train,mid,3,천 구백 사십 칠 년 오 월부터 지금까지 관람차는 계속 회전하면서 즐거워하는 손님들을 천천히 올려 주기도 하고 내려 주기도 합니다,올려 주지도 않습니다,천 구백 사십 칠 년 오 월부터 지금까지 관람차는 계속 회전하면서 즐거워하는 손님들을 천천히 올려 주기도 하고 올려 주지도 않습니다,10.5883125,True
zk_00243,113,train,high,5,천 구백 사십 칠 년 오 월부터 지금까지 관람차는 계속 회전하면서 즐거워하는 손님들을 천천히 올려 주기도 하고 내려 주기도 합니다,올려주기만 계속해서 합니다,천 구백 사십 칠 년 오 월부터 지금까지 관람차는 계속 회전하면서 즐거워하는 손님들을 천천히 올려 올려주기만 계속해서 합니다,10.5883125,False
zk_00244,113,train,low,2,동료들끼리 돌아가면서 한 달에 한 두 차례씩 토요일에 쉬었을 뿐이었다,일했을 뿐이었다,동료들끼리 돌아가면서 한 달에 한 두 차례씩 토요일에 일했을 뿐이었다,6.269375,True
zk_00244,113,train,mid,3,동료들끼리 돌아가면서 한 달에 한 두 차례씩 토요일에 쉬었을 뿐이었다,토요일에 일했을 뿐이었다,동료들끼리 돌아가면서 한 달에 한 두 차례씩 토요일에 일했을 뿐이었다,6.269375,True
zk_00244,113,train,high,5,동료들끼리 돌아가면서 한 달에 한 두 차례씩 토요일에 쉬었을 뿐이었다,매주 토요일에도 쉬지 않았을 뿐이었다,동료들끼리 돌아가면서 한 달에 한 매주 토요일에도 쉬지 않았을 뿐이었다,6.269375,True
zk_00245,113,train,low,2,저체중아의 경우 몸무게에 따라 오백 만원에서 천 만원까지 의료비를 지원받을 수 있다,수 없다,저체중아의 경우 몸무게에 따라 오백 만원에서 천 만원까지 의료비를 지원받을 수 없다,7.3375,True
zk_00245,113,train,mid,3,저체중아의 경우 몸무게에 따라 오백 만원에서 천 만원까지 의료비를 지원받을 수 있다,지원받을 수 없다,저체중아의 경우 몸무게에 따라 오백 만원에서 천 만원까지 의료비를 지원받을 수 없다,7.3375,True
zk_00245,113,train,high,5,저체중아의 경우 몸무게에 따라 오백 만원에서 천 만원까지 의료비를 지원받을 수 있다,만원까지 의료비를 지원받을 수 없다,저체중아의 경우 몸무게에 따라 오백 만원에서 천 만원까지 의료비를 지원받을 수 없다,7.3375,True
zk_00246,113,train,low,2,우리가 규제라고 생각하는 것이 아니라 교육 현장에서 규제라고 생각하는 것이 중요하다,것이 필요없다,우리가 규제라고 생각하는 것이 아니라 교육 현장에서 규제라고 생각하는 것이 필요없다,8.1734375,True
zk_00246,113,train,mid,3,우리가 규제라고 생각하는 것이 아니라 교육 현장에서 규제라고 생각하는 것이 중요하다,행동하는 것이 중요하다,우리가 규제라고 생각하는 것이 아니라 교육 현장에서 규제라고 행동하는 것이 중요하다,8.1734375,True
zk_00246,113,train,high,5,우리가 규제라고 생각하는 것이 아니라 교육 현장에서 규제라고 생각하는 것이 중요하다,현장에서 규제라고 무시하는 것이 낫다,우리가 규제라고 생각하는 것이 아니라 교육 현장에서 규제라고 무시하는 것이 낫다,8.1734375,True
zk_00247,113,train,low,2,중위그룹은 일 조 구천 억원 적자 하위그룹은 칠천 억원 의 적자를 기록했다,흑자를 기록했다,중위그룹은 일 조 구천 억원 적자 하위그룹은 칠천 억원 의 흑자를 기록했다,6.8266875,True
zk_00247,113,train,mid,3,중위그룹은 일 조 구천 억원 적자 하위그룹은 칠천 억원 의 적자를 기록했다,의 흑자를 기록했다,중위그룹은 일 조 구천 억원 적자 하위그룹은 칠천 억원 의 흑자를 기록했다,6.8266875,True
zk_00247,113,train,high,5,중위그룹은 일 조 구천 억원 적자 하위그룹은 칠천 억원 의 적자를 기록했다,칠천 억원 의 흑자를 기록했다,중위그룹은 일 조 구천 억원 적자 하위그룹은 칠천 억원 의 흑자를 기록했다,6.8266875,True
zk_00248,113,train,low,2,어머니나 아버지가 녹내장에 걸린 사람은 녹내장에 걸릴 위험성이 세 배 내지 다섯 배로 높아집니다,배로 낮아집니다,어머니나 아버지가 녹내장에 걸린 사람은 녹내장에 걸릴 위험성이 세 배 내지 다섯 배로 낮아집니다,8.219875,True
zk_00248,113,train,mid,3,어머니나 아버지가 녹내장에 걸린 사람은 녹내장에 걸릴 위험성이 세 배 내지 다섯 배로 높아집니다,절반으로 내려갑니다,어머니나 아버지가 녹내장에 걸린 사람은 녹내장에 걸릴 위험성이 세 배 내지 절반으로 내려갑니다,8.219875,False
zk_00248,113,train,high,5,어머니나 아버지가 녹내장에 걸린 사람은 녹내장에 걸릴 위험성이 세 배 내지 다섯 배로 높아집니다,배 내지 다섯 배로 낮아집니다,어머니나 아버지가 녹내장에 걸린 사람은 녹내장에 걸릴 위험성이 세 배 내지 다섯 배로 낮아집니다,8.219875,True
zk_00249,113,train,low,2,김영한 청와대 민정수석이 구 일 김기춘 비서실장의 국회 운영위 출석 지시를 거부하고 사의를 표명한 이유에 관심이 쏠리고 있다,흩어지고 있다,김영한 청와대 민정수석이 구 일 김기춘 비서실장의 국회 운영위 출석 지시를 거부하고 사의를 표명한 이유에 관심이 흩어지고 있다,11.37775,True
zk_00249,113,train,mid,3,김영한 청와대 민정수석이 구 일 김기춘 비서실장의 국회 운영위 출석 지시를 거부하고 사의를 표명한 이유에 관심이 쏠리고 있다,관심이 멀어지고 있다,김영한 청와대 민정수석이 구 일 김기춘 비서실장의 국회 운영위 출석 지시를 거부하고 사의를 표명한 이유에 관심이 멀어지고 있다,11.37775,True
zk_00249,113,train,high,5,김영한 청와대 민정수석이 구 일 김기춘 비서실장의 국회 운영위 출석 지시를 거부하고 사의를 표명한 이유에 관심이 쏠리고 있다,표명한 이유에 의문이 제기되고 있다,김영한 청와대 민정수석이 구 일 김기춘 비서실장의 국회 운영위 출석 지시를 거부하고 사의를 표명한 이유에 의문이 제기되고 있다,11.37775,True
zk_00250,117,train,low,2,김 군수는 성주경찰서장을 지내고 이천 십 년과 이천 십 사 년 지방선거에서 연이어 군수에 당선됐다,군수에 낙선됐다,김 군수는 성주경찰서장을 지내고 이천 십 년과 이천 십 사 년 지방선거에서 연이어 군수에 낙선됐다,8.15475,True
zk_00250,117,train,mid,3,김 군수는 성주경찰서장을 지내고 이천 십 년과 이천 십 사 년 지방선거에서 연이어 군수에 당선됐다,연이어 군수에 낙선했다,김 군수는 성주경찰서장을 지내고 이천 십 년과 이천 십 사 년 지방선거에서 연이어 군수에 낙선했다,8.15475,True
zk_00250,117,train,high,5,김 군수는 성주경찰서장을 지내고 이천 십 년과 이천 십 사 년 지방선거에서 연이어 군수에 당선됐다,년 지방선거에서 번번이 낙선당했다,김 군수는 성주경찰서장을 지내고 이천 십 년과 이천 십 사 년 지방선거에서 번번이 낙선당했다,8.15475,False
zk_00251,117,train,low,2,특히 휴가철인 팔 월에 주택담보대출이 급증하는 등 비정상적인 사인이 곳곳에서 포착되고 있다,놓치고 있다,특히 휴가철인 팔 월에 주택담보대출이 급증하는 등 비정상적인 사인이 곳곳에서 놓치고 있다,7.6394375,True
zk_00251,117,train,mid,3,특히 휴가철인 팔 월에 주택담보대출이 급증하는 등 비정상적인 사인이 곳곳에서 포착되고 있다,찾아볼 수 없다,특히 휴가철인 팔 월에 주택담보대출이 급증하는 등 비정상적인 사인이 찾아볼 수 없다,7.6394375,True
zk_00251,117,train,high,5,특히 휴가철인 팔 월에 주택담보대출이 급증하는 등 비정상적인 사인이 곳곳에서 포착되고 있다,정상적인 신호가 계속 유지되고 있다,특히 휴가철인 팔 월에 주택담보대출이 급증하는 등 정상적인 신호가 계속 유지되고 있다,7.6394375,True
zk_00252,117,train,low,2,또한 이 차례에 걸쳐 롯데 제품 소비하지 않는 날을 정해 소비 파업에 들어갈 예정이다,나갈 예정이다,또한 이 차례에 걸쳐 롯데 제품 소비하지 않는 날을 정해 소비 파업에 나갈 예정이다,6.2546875,True
zk_00252,117,train,mid,3,또한 이 차례에 걸쳐 롯데 제품 소비하지 않는 날을 정해 소비 파업에 들어갈 예정이다,협상에 응할 것이다,또한 이 차례에 걸쳐 롯데 제품 소비하지 않는 날을 정해 소비 협상에 응할 것이다,6.2546875,True
zk_00252,117,train,high,5,또한 이 차례에 걸쳐 롯데 제품 소비하지 않는 날을 정해 소비 파업에 들어갈 예정이다,정해 소비 파업을 거부하기로 했다,또한 이 차례에 걸쳐 롯데 제품 소비하지 않는 날을 정해 소비 파업을 거부하기로 했다,6.2546875,True
zk_00253,117,train,low,2,미국의 북한 미사일 전문가인 존 실링은 북한이 이번에 사용한 운반체 광명성이 은하 삼 호 로켓과 똑같은 엔진을 사용하는 등 은하 삼 호의 거의 복사본 수준이라고 설명했다,의문을 제기했다,미국의 북한 미사일 전문가인 존 실링은 북한이 이번에 사용한 운반체 광명성이 은하 삼 호 로켓과 똑같은 엔진을 사용하는 등 은하 삼 호의 거의 복사본 의문을 제기했다,11.4443125,True
zk_00253,117,train,mid,3,미국의 북한 미사일 전문가인 존 실링은 북한이 이번에 사용한 운반체 광명성이 은하 삼 호 로켓과 똑같은 엔진을 사용하는 등 은하 삼 호의 거의 복사본 수준이라고 설명했다,원본 수준이라고 설명했다,미국의 북한 미사일 전문가인 존 실링은 북한이 이번에 사용한 운반체 광명성이 은하 삼 호 로켓과 똑같은 엔진을 사용하는 등 은하 삼 호의 거의 원본 수준이라고 설명했다,11.4443125,True
zk_00253,117,train,high,5,미국의 북한 미사일 전문가인 존 실링은 북한이 이번에 사용한 운반체 광명성이 은하 삼 호 로켓과 똑같은 엔진을 사용하는 등 은하 삼 호의 거의 복사본 수준이라고 설명했다,호의 완전히 다른 물건이라고 설명했다,미국의 북한 미사일 전문가인 존 실링은 북한이 이번에 사용한 운반체 광명성이 은하 삼 호 로켓과 똑같은 엔진을 사용하는 등 은하 삼 호의 완전히 다른 물건이라고 설명했다,11.4443125,True
zk_00254,117,train,low,2,래리 핑크 캘리포니아대 졸업 후 뉴욕 소재 투자은행 퍼스트 보스턴에서 채권투자 전문가로 이름을 날렸다,이름을 숨겼다,래리 핑크 캘리포니아대 졸업 후 뉴욕 소재 투자은행 퍼스트 보스턴에서 채권투자 전문가로 이름을 숨겼다,7.8401875,True
zk_00254,117,train,mid,3,래리 핑크 캘리포니아대 졸업 후 뉴욕 소재 투자은행 퍼스트 보스턴에서 채권투자 전문가로 이름을 날렸다,전문가로 낙인찍혔던 것,래리 핑크 캘리포니아대 졸업 후 뉴욕 소재 투자은행 퍼스트 보스턴에서 채권투자 전문가로 낙인찍혔던 것,7.8401875,True
zk_00254,117,train,high,5,래리 핑크 캘리포니아대 졸업 후 뉴욕 소재 투자은행 퍼스트 보스턴에서 채권투자 전문가로 이름을 날렸다,보스턴에서 채권투자로 크게 손실을 입었다,래리 핑크 캘리포니아대 졸업 후 뉴욕 소재 투자은행 퍼스트 보스턴에서 채권투자로 크게 손실을 입었다,7.8401875,True
zk_00255,117,train,low,2,기자 계곡에 쌓인 눈이 얼어붙으면서 만들어진 거대한 얼음 동굴입니다,따뜻한 온천입니다,기자 계곡에 쌓인 눈이 얼어붙으면서 만들어진 거대한 따뜻한 온천입니다,5.7771875,True
zk_00255,117,train,mid,3,기자 계곡에 쌓인 눈이 얼어붙으면서 만들어진 거대한 얼음 동굴입니다,작은 암석 굴입니다,기자 계곡에 쌓인 눈이 얼어붙으면서 만들어진 작은 암석 굴입니다,5.7771875,True
zk_00255,117,train,high,5,기자 계곡에 쌓인 눈이 얼어붙으면서 만들어진 거대한 얼음 동굴입니다,녹으면서 사라지는 작은 물웅덩이 같습니다,기자 계곡에 쌓인 눈이 녹으면서 사라지는 작은 물웅덩이 같습니다,5.7771875,True
zk_00256,117,train,low,2,각 회원의 과거 시청 기록과 평가를 바탕으로 이들이 앞으로 보면 좋아할 것 같은 작품들을 추천해 준다,비난해 준다,각 회원의 과거 시청 기록과 평가를 바탕으로 이들이 앞으로 보면 좋아할 것 같은 작품들을 비난해 준다,7.4159375,True
zk_00256,117,train,mid,3,각 회원의 과거 시청 기록과 평가를 바탕으로 이들이 앞으로 보면 좋아할 것 같은 작품들을 추천해 준다,작품들을 비판하고 있다,각 회원의 과거 시청 기록과 평가를 바탕으로 이들이 앞으로 보면 좋아할 것 같은 작품들을 비판하고 있다,7.4159375,True
zk_00256,117,train,high,5,각 회원의 과거 시청 기록과 평가를 바탕으로 이들이 앞으로 보면 좋아할 것 같은 작품들을 추천해 준다,것 같은 작품들을 피하라고 한다,각 회원의 과거 시청 기록과 평가를 바탕으로 이들이 앞으로 보면 좋아할 것 같은 작품들을 피하라고 한다,7.4159375,True
zk_00257,117,train,low,2,코스피 떨어질 만큼 떨어졌다증시 전문가들은 천 구백 오십 에서 이천 선 사이가 코스피의 단기 저점이라며 추가로 급락할 가능성은 크지 않다고 분석했다,그렇다고 분석했다,코스피 떨어질 만큼 떨어졌다증시 전문가들은 천 구백 오십 에서 이천 선 사이가 코스피의 단기 저점이라며 추가로 급락할 가능성은 크지 그렇다고 분석했다,10.605875,True
zk_00257,117,train,mid,3,코스피 떨어질 만큼 떨어졌다증시 전문가들은 천 구백 오십 에서 이천 선 사이가 코스피의 단기 저점이라며 추가로 급락할 가능성은 크지 않다고 분석했다,매우 크다고 분석했다,코스피 떨어질 만큼 떨어졌다증시 전문가들은 천 구백 오십 에서 이천 선 사이가 코스피의 단기 저점이라며 추가로 급락할 가능성은 매우 크다고 분석했다,10.605875,True
zk_00257,117,train,high,5,코스피 떨어질 만큼 떨어졌다증시 전문가들은 천 구백 오십 에서 이천 선 사이가 코스피의 단기 저점이라며 추가로 급락할 가능성은 크지 않다고 분석했다,급락할 가능성이 매우 크다고 분석했다,코스피 떨어질 만큼 떨어졌다증시 전문가들은 천 구백 오십 에서 이천 선 사이가 코스피의 단기 저점이라며 추가로 급락할 가능성이 매우 크다고 분석했다,10.605875,True
zk_00258,117,train,low,2,동료들끼리 돌아가면서 한 달에 한 두 차례씩 토요일에 쉬었을 뿐이었다,일했을 뿐이었다,동료들끼리 돌아가면서 한 달에 한 두 차례씩 토요일에 일했을 뿐이었다,5.7810625,True
zk_00258,117,train,mid,3,동료들끼리 돌아가면서 한 달에 한 두 차례씩 토요일에 쉬었을 뿐이었다,토요일에 일했을 뿐이었다,동료들끼리 돌아가면서 한 달에 한 두 차례씩 토요일에 일했을 뿐이었다,5.7810625,True
zk_00258,117,train,high,5,동료들끼리 돌아가면서 한 달에 한 두 차례씩 토요일에 쉬었을 뿐이었다,매주 토요일에도 쉬지 않았을 뿐이었다,동료들끼리 돌아가면서 한 달에 한 매주 토요일에도 쉬지 않았을 뿐이었다,5.7810625,True
zk_00259,117,train,low,2,경기 여주 오십 대 농장주 암매장 사건의 용의자가 지난달 이십 육 일 여주시 북내면의 한 은행에서 돈을 인출하고 있다,입금하고 있다,경기 여주 오십 대 농장주 암매장 사건의 용의자가 지난달 이십 육 일 여주시 북내면의 한 은행에서 돈을 입금하고 있다,8.8729375,True
zk_00259,117,train,mid,3,경기 여주 오십 대 농장주 암매장 사건의 용의자가 지난달 이십 육 일 여주시 북내면의 한 은행에서 돈을 인출하고 있다,돈을 입금하고 있다,경기 여주 오십 대 농장주 암매장 사건의 용의자가 지난달 이십 육 일 여주시 북내면의 한 은행에서 돈을 입금하고 있다,8.8729375,True
zk_00259,117,train,high,5,경기 여주 오십 대 농장주 암매장 사건의 용의자가 지난달 이십 육 일 여주시 북내면의 한 은행에서 돈을 인출하고 있다,한 은행에 돈을 입금하고 있다,경기 여주 오십 대 농장주 암매장 사건의 용의자가 지난달 이십 육 일 여주시 북내면의 한 은행에 돈을 입금하고 있다,8.8729375,True
zk_00260,118,train,low,2,이 전 회장의 장례식은 별세 시점인 십 사 일을 기준으로 일곱 일장으로 치뤄진다,단판으로 치뤄진다,이 전 회장의 장례식은 별세 시점인 십 사 일을 기준으로 일곱 단판으로 치뤄진다,10.563375,True
zk_00260,118,train,mid,3,이 전 회장의 장례식은 별세 시점인 십 사 일을 기준으로 일곱 일장으로 치뤄진다,오 판으로 치뤄진다,이 전 회장의 장례식은 별세 시점인 십 사 일을 기준으로 오 판으로 치뤄진다,10.563375,True
zk_00260,118,train,high,5,이 전 회장의 장례식은 별세 시점인 십 사 일을 기준으로 일곱 일장으로 치뤄진다,일을 기준으로 삼일 일장으로 치뤄진다,이 전 회장의 장례식은 별세 시점인 십 사 일을 기준으로 삼일 일장으로 치뤄진다,10.563375,True
zk_00261,118,train,low,2,구체적인 설명은 없지만 재단 설립 관련 자료를 정호성으로부터 받아 안종범에게 건네줬다고 했다,못 받았다고,구체적인 설명은 없지만 재단 설립 관련 자료를 정호성으로부터 받아 안종범에게 못 받았다고,7.96075,True
zk_00261,118,train,mid,3,구체적인 설명은 없지만 재단 설립 관련 자료를 정호성으로부터 받아 안종범에게 건네줬다고 했다,안종범에게 받았다고 했다,구체적인 설명은 없지만 재단 설립 관련 자료를 정호성으로부터 받아 안종범에게 받았다고 했다,7.96075,True
zk_00261,118,train,high,5,구체적인 설명은 없지만 재단 설립 관련 자료를 정호성으로부터 받아 안종범에게 건네줬다고 했다,안종범으로부터 받아 정호성에게 건네줬다고 했다,구체적인 설명은 없지만 재단 설립 관련 자료를 안종범으로부터 받아 정호성에게 건네줬다고 했다,7.96075,True
zk_00262,118,train,low,2,실제 우리은행은 오 월 모바일 전용 중금리 대출상품 위비뱅크를 출시했다가 한달만에 이십 대에 대해서만 대출한도를 원래의 절반인 오백 만원으로 줄였다,만원으로 올렸다,실제 우리은행은 오 월 모바일 전용 중금리 대출상품 위비뱅크를 출시했다가 한달만에 이십 대에 대해서만 대출한도를 원래의 절반인 오백 만원으로 올렸다,12.7885,True
zk_00262,118,train,mid,3,실제 우리은행은 오 월 모바일 전용 중금리 대출상품 위비뱅크를 출시했다가 한달만에 이십 대에 대해서만 대출한도를 원래의 절반인 오백 만원으로 줄였다,천만원으로 올려놨다,실제 우리은행은 오 월 모바일 전용 중금리 대출상품 위비뱅크를 출시했다가 한달만에 이십 대에 대해서만 대출한도를 원래의 절반인 천만원으로 올려놨다,12.7885,False
zk_00262,118,train,high,5,실제 우리은행은 오 월 모바일 전용 중금리 대출상품 위비뱅크를 출시했다가 한달만에 이십 대에 대해서만 대출한도를 원래의 절반인 오백 만원으로 줄였다,원래의 두 배인 천만원으로 올렸다,실제 우리은행은 오 월 모바일 전용 중금리 대출상품 위비뱅크를 출시했다가 한달만에 이십 대에 대해서만 대출한도를 원래의 두 배인 천만원으로 올렸다,12.7885,True
zk_00263,118,train,low,2,독일을 보호하기 위하여 회스는 약 이백 만 명의 인명을 앗아 가는 일을 지휘하였는데 그중 대부분이 유대인이었습니다,대부분이 기독교인이었습니다,독일을 보호하기 위하여 회스는 약 이백 만 명의 인명을 앗아 가는 일을 지휘하였는데 그중 대부분이 기독교인이었습니다,9.060625,True
zk_00263,118,train,mid,3,독일을 보호하기 위하여 회스는 약 이백 만 명의 인명을 앗아 가는 일을 지휘하였는데 그중 대부분이 유대인이었습니다,그중 대부분이 기독교인이었습니다,독일을 보호하기 위하여 회스는 약 이백 만 명의 인명을 앗아 가는 일을 지휘하였는데 그중 대부분이 기독교인이었습니다,9.060625,True
zk_00263,118,train,high,5,독일을 보호하기 위하여 회스는 약 이백 만 명의 인명을 앗아 가는 일을 지휘하였는데 그중 대부분이 유대인이었습니다,일을 지휘하였는데 그중 대부분이 기독교인이었습니다,독일을 보호하기 위하여 회스는 약 이백 만 명의 인명을 앗아 가는 일을 지휘하였는데 그중 대부분이 기독교인이었습니다,9.060625,True
zk_00264,118,train,low,2,성서에 나와 있는 조건은 한 가지 그리스도인은 주 안에서만 결혼하라는 것입니다,결혼하지 말라는 것입니다,성서에 나와 있는 조건은 한 가지 그리스도인은 주 안에서만 결혼하지 말라는 것입니다,6.9235,False
zk_00264,118,train,mid,3,성서에 나와 있는 조건은 한 가지 그리스도인은 주 안에서만 결혼하라는 것입니다,밖에서도 결혼하라는 것입니다,성서에 나와 있는 조건은 한 가지 그리스도인은 주 밖에서도 결혼하라는 것입니다,6.9235,True
zk_00264,118,train,high,5,성서에 나와 있는 조건은 한 가지 그리스도인은 주 안에서만 결혼하라는 것입니다,그리스도인은 주 밖에서 결혼하라,성서에 나와 있는 조건은 한 가지 그리스도인은 주 밖에서 결혼하라,6.9235,False
zk_00265,118,train,low,2,미국 이통사들도 우리나라처럼 단말기를 사면 보조금을 줬는데 그 상황이 변할 것으로 보여서 그래,숨겨서 그래,미국 이통사들도 우리나라처럼 단말기를 사면 보조금을 줬는데 그 상황이 변할 것으로 숨겨서 그래,8.343375,True
zk_00265,118,train,mid,3,미국 이통사들도 우리나라처럼 단말기를 사면 보조금을 줬는데 그 상황이 변할 것으로 보여서 그래,것으로 보여서 아니야,미국 이통사들도 우리나라처럼 단말기를 사면 보조금을 줬는데 그 상황이 변할 것으로 보여서 아니야,8.343375,True
zk_00265,118,train,high,5,미국 이통사들도 우리나라처럼 단말기를 사면 보조금을 줬는데 그 상황이 변할 것으로 보여서 그래,상황이 변하지 않을 것 같아,미국 이통사들도 우리나라처럼 단말기를 사면 보조금을 줬는데 그 상황이 변하지 않을 것 같아,8.343375,True
zk_00266,118,train,low,2,성서는 예수께서 열두 살 때 예루살렘 성전에서 한 행동을 설명한 후에 그분이 마리아와 그의 남편인 요셉과 함께 집으로 돌아가 그들에게 계속 복종했다고 알려 줍니다,숨겨 놓겠습니다,성서는 예수께서 열두 살 때 예루살렘 성전에서 한 행동을 설명한 후에 그분이 마리아와 그의 남편인 요셉과 함께 집으로 돌아가 그들에게 계속 복종했다고 숨겨 놓겠습니다,12.7625625,True
zk_00266,118,train,mid,3,성서는 예수께서 열두 살 때 예루살렘 성전에서 한 행동을 설명한 후에 그분이 마리아와 그의 남편인 요셉과 함께 집으로 돌아가 그들에게 계속 복종했다고 알려 줍니다,저항했다고 알려 줍니다,성서는 예수께서 열두 살 때 예루살렘 성전에서 한 행동을 설명한 후에 그분이 마리아와 그의 남편인 요셉과 함께 집으로 돌아가 그들에게 계속 저항했다고 알려 줍니다,12.7625625,True
zk_00266,118,train,high,5,성서는 예수께서 열두 살 때 예루살렘 성전에서 한 행동을 설명한 후에 그분이 마리아와 그의 남편인 요셉과 함께 집으로 돌아가 그들에게 계속 복종했다고 알려 줍니다,그들에게 저항했다고 알려 주었습니다,성서는 예수께서 열두 살 때 예루살렘 성전에서 한 행동을 설명한 후에 그분이 마리아와 그의 남편인 요셉과 함께 집으로 돌아가 그들에게 저항했다고 알려 주었습니다,12.7625625,False
zk_00267,118,train,low,2,부대는 결국 김 이병을 위해 따로 행정병 자리를 만들었다,자리를 없앴다,부대는 결국 김 이병을 위해 따로 행정병 자리를 없앴다,5.668375,True
zk_00267,118,train,mid,3,부대는 결국 김 이병을 위해 따로 행정병 자리를 만들었다,행정병 자리를 폐지했다,부대는 결국 김 이병을 위해 따로 행정병 자리를 폐지했다,5.668375,True
zk_00267,118,train,high,5,부대는 결국 김 이병을 위해 따로 행정병 자리를 만들었다,위해 따로 행정병 자리를 없앴다,부대는 결국 김 이병을 위해 따로 행정병 자리를 없앴다,5.668375,True
zk_00268,118,train,low,2,만일 내가 그 사람과 결혼했더라면 그리스도인 집회에 혼자 다닐 뻔했어요,다니지 않았어요,만일 내가 그 사람과 결혼했더라면 그리스도인 집회에 혼자 다니지 않았어요,5.9804375,True
zk_00268,118,train,mid,3,만일 내가 그 사람과 결혼했더라면 그리스도인 집회에 혼자 다닐 뻔했어요,함께 다녔어요,만일 내가 그 사람과 결혼했더라면 그리스도인 집회에 함께 다녔어요,5.9804375,False
zk_00268,118,train,high,5,만일 내가 그 사람과 결혼했더라면 그리스도인 집회에 혼자 다닐 뻔했어요,그리스도인 집회에 절대 안 다녔어요,만일 내가 그 사람과 결혼했더라면 그리스도인 집회에 절대 안 다녔어요,5.9804375,True
zk_00269,118,train,low,2,안철수 전 대표는 연합뉴스와의 통화에서 돌려막기 인사라며 앞으로 박근혜 정부에서 돌려막기 인사를 해도 비판하기 힘들 것이라고 말했다,부정했다고 말했다,안철수 전 대표는 연합뉴스와의 통화에서 돌려막기 인사라며 앞으로 박근혜 정부에서 돌려막기 인사를 해도 비판하기 힘들 부정했다고 말했다,10.5894375,True
zk_00269,118,train,mid,3,안철수 전 대표는 연합뉴스와의 통화에서 돌려막기 인사라며 앞으로 박근혜 정부에서 돌려막기 인사를 해도 비판하기 힘들 것이라고 말했다,쉬울 것이라고 말했다,안철수 전 대표는 연합뉴스와의 통화에서 돌려막기 인사라며 앞으로 박근혜 정부에서 돌려막기 인사를 해도 비판하기 쉬울 것이라고 말했다,10.5894375,True
zk_00269,118,train,high,5,안철수 전 대표는 연합뉴스와의 통화에서 돌려막기 인사라며 앞으로 박근혜 정부에서 돌려막기 인사를 해도 비판하기 힘들 것이라고 말했다,해도 비판하기 쉬울 것이라고 말했다,안철수 전 대표는 연합뉴스와의 통화에서 돌려막기 인사라며 앞으로 박근혜 정부에서 돌려막기 인사를 해도 비판하기 쉬울 것이라고 말했다,10.5894375,True
zk_00270,119,train,low,2,당시 주유소가 내건 휘발유 가격은 리터당 일 천 삼백 오십 칠 원,팔 원,당시 주유소가 내건 휘발유 가격은 리터당 일 천 삼백 오십 팔 원,7.142625,True
zk_00270,119,train,mid,3,당시 주유소가 내건 휘발유 가격은 리터당 일 천 삼백 오십 칠 원,육십 팔 원,당시 주유소가 내건 휘발유 가격은 리터당 일 천 삼백 육십 팔 원,7.142625,True
zk_00270,119,train,high,5,당시 주유소가 내건 휘발유 가격은 리터당 일 천 삼백 오십 칠 원,이천 오백 팔십 구 원,당시 주유소가 내건 휘발유 가격은 리터당 일 이천 오백 팔십 구 원,7.142625,True
zk_00271,119,train,low,2,나가면 더 어려운 곳에 가야 한다며 총선에서 어디에 갈지는 그 때 가서 판단하면 될 것이다,못할 것이다,나가면 더 어려운 곳에 가야 한다며 총선에서 어디에 갈지는 그 때 가서 판단하면 못할 것이다,7.7725625,True
zk_00271,119,train,mid,3,나가면 더 어려운 곳에 가야 한다며 총선에서 어디에 갈지는 그 때 가서 판단하면 될 것이다,의심해 봐야 할것이다,나가면 더 어려운 곳에 가야 한다며 총선에서 어디에 갈지는 그 때 가서 의심해 봐야 할것이다,7.7725625,True
zk_00271,119,train,high,5,나가면 더 어려운 곳에 가야 한다며 총선에서 어디에 갈지는 그 때 가서 판단하면 될 것이다,때 가서 판단하지 말아야 한다,나가면 더 어려운 곳에 가야 한다며 총선에서 어디에 갈지는 그 때 가서 판단하지 말아야 한다,7.7725625,True
zk_00272,119,train,low,2,경찰은 수사팀에 계좌추적 요원을 대거 배치하는 한편 본청에서 인력을 지원받아 은닉 자금을 끝까지 추적한다는 방침이다,무시한다는 방침이다,경찰은 수사팀에 계좌추적 요원을 대거 배치하는 한편 본청에서 인력을 지원받아 은닉 자금을 끝까지 무시한다는 방침이다,10.191625,True
zk_00272,119,train,mid,3,경찰은 수사팀에 계좌추적 요원을 대거 배치하는 한편 본청에서 인력을 지원받아 은닉 자금을 끝까지 추적한다는 방침이다,중단한다는 입장이다,경찰은 수사팀에 계좌추적 요원을 대거 배치하는 한편 본청에서 인력을 지원받아 은닉 자금을 중단한다는 입장이다,10.191625,False
zk_00272,119,train,high,5,경찰은 수사팀에 계좌추적 요원을 대거 배치하는 한편 본청에서 인력을 지원받아 은닉 자금을 끝까지 추적한다는 방침이다,은닉 자금을 적극 묵인한다는 방침이다,경찰은 수사팀에 계좌추적 요원을 대거 배치하는 한편 본청에서 인력을 지원받아 은닉 자금을 적극 묵인한다는 방침이다,10.191625,True
zk_00273,119,train,low,2,이들은 이튿날 새벽 세 시 삼십 분까지 네 시간 가까이 침묵을 지켰다,목소리를 높였다,이들은 이튿날 새벽 세 시 삼십 분까지 네 시간 가까이 목소리를 높였다,7.2135,True
zk_00273,119,train,mid,3,이들은 이튿날 새벽 세 시 삼십 분까지 네 시간 가까이 침묵을 지켰다,멀리 목소리를 높였다,이들은 이튿날 새벽 세 시 삼십 분까지 네 시간 멀리 목소리를 높였다,7.2135,True
zk_00273,119,train,high,5,이들은 이튿날 새벽 세 시 삼십 분까지 네 시간 가까이 침묵을 지켰다,네 시간 내내 계속 떠들어댔다,이들은 이튿날 새벽 세 시 삼십 분까지 네 시간 내내 계속 떠들어댔다,7.2135,True
zk_00274,119,train,low,2,사우디 당국은 언론매체 전단지 등을 통해 경각심을 촉구하는 특별 예방 활동에 나섰다,활동을 중단했다,사우디 당국은 언론매체 전단지 등을 통해 경각심을 촉구하는 특별 예방 활동을 중단했다,7.511875,True
zk_00274,119,train,mid,3,사우디 당국은 언론매체 전단지 등을 통해 경각심을 촉구하는 특별 예방 활동에 나섰다,예방 활동을 중단했다,사우디 당국은 언론매체 전단지 등을 통해 경각심을 촉구하는 특별 예방 활동을 중단했다,7.511875,True
zk_00274,119,train,high,5,사우디 당국은 언론매체 전단지 등을 통해 경각심을 촉구하는 특별 예방 활동에 나섰다,반대하는 일반 활동을 중단하였다,사우디 당국은 언론매체 전단지 등을 통해 경각심을 반대하는 일반 활동을 중단하였다,7.511875,False
zk_00275,119,train,low,2,마약이 구석구석까지 침투해 있는 많은 사회에 대해서도 그렇게 말할 수 있습니다,없을 것입니다,마약이 구석구석까지 침투해 있는 많은 사회에 대해서도 그렇게 말할 없을 것입니다,6.9113125,True
zk_00275,119,train,mid,3,마약이 구석구석까지 침투해 있는 많은 사회에 대해서도 그렇게 말할 수 있습니다,말할 수 없습니다,마약이 구석구석까지 침투해 있는 많은 사회에 대해서도 그렇게 말할 수 없습니다,6.9113125,True
zk_00275,119,train,high,5,마약이 구석구석까지 침투해 있는 많은 사회에 대해서도 그렇게 말할 수 있습니다,대해서도 그렇게 말할 수 없습니다,마약이 구석구석까지 침투해 있는 많은 사회에 대해서도 그렇게 말할 수 없습니다,6.9113125,True
zk_00276,119,train,low,2,더구나 대도시에서는 민영 어린이집마저 부족해 아이 맡길 곳을 찾는 것이 전쟁이나 다름이 없게 되었다,있게 되었다,더구나 대도시에서는 민영 어린이집마저 부족해 아이 맡길 곳을 찾는 것이 전쟁이나 다름이 있게 되었다,8.9851875,True
zk_00276,119,train,mid,3,더구나 대도시에서는 민영 어린이집마저 부족해 아이 맡길 곳을 찾는 것이 전쟁이나 다름이 없게 되었다,달라지게 되어 있다,더구나 대도시에서는 민영 어린이집마저 부족해 아이 맡길 곳을 찾는 것이 전쟁이나 달라지게 되어 있다,8.9851875,True
zk_00276,119,train,high,5,더구나 대도시에서는 민영 어린이집마저 부족해 아이 맡길 곳을 찾는 것이 전쟁이나 다름이 없게 되었다,것이 평화로운 시대로 변하게 되었다,더구나 대도시에서는 민영 어린이집마저 부족해 아이 맡길 곳을 찾는 것이 평화로운 시대로 변하게 되었다,8.9851875,True
zk_00277,119,train,low,2,김대환 노사정위원장이 노사정 대타협 실패에 책임을 지고 지난 구 일 사의를 표명했지만 아직 청와대에서 사표를 수리하거나 반려하지 않았다,승인 했다,김대환 노사정위원장이 노사정 대타협 실패에 책임을 지고 지난 구 일 사의를 표명했지만 아직 청와대에서 사표를 수리하거나 승인 했다,12.835625,True
zk_00277,119,train,mid,3,김대환 노사정위원장이 노사정 대타협 실패에 책임을 지고 지난 구 일 사의를 표명했지만 아직 청와대에서 사표를 수리하거나 반려하지 않았다,수리하고 승인하였다,김대환 노사정위원장이 노사정 대타협 실패에 책임을 지고 지난 구 일 사의를 표명했지만 아직 청와대에서 사표를 수리하고 승인하였다,12.835625,False
zk_00277,119,train,high,5,김대환 노사정위원장이 노사정 대타협 실패에 책임을 지고 지난 구 일 사의를 표명했지만 아직 청와대에서 사표를 수리하거나 반려하지 않았다,청와대에서 사표를 수리하였다,김대환 노사정위원장이 노사정 대타협 실패에 책임을 지고 지난 구 일 사의를 표명했지만 아직 청와대에서 사표를 수리하였다,12.835625,False
zk_00278,119,train,low,2,특히 초등학교 교단의 여초 현상이 갈수록 심해지는 가운데 남성 교사의 합격자 비율이 전년도에 비해 다소 올랐다,많이 내렸다,특히 초등학교 교단의 여초 현상이 갈수록 심해지는 가운데 남성 교사의 합격자 비율이 전년도에 비해 많이 내렸다,9.6775625,True
zk_00278,119,train,mid,3,특히 초등학교 교단의 여초 현상이 갈수록 심해지는 가운데 남성 교사의 합격자 비율이 전년도에 비해 다소 올랐다,비해 훨씬 내렸다,특히 초등학교 교단의 여초 현상이 갈수록 심해지는 가운데 남성 교사의 합격자 비율이 전년도에 비해 훨씬 내렸다,9.6775625,True
zk_00278,119,train,high,5,특히 초등학교 교단의 여초 현상이 갈수록 심해지는 가운데 남성 교사의 합격자 비율이 전년도에 비해 다소 올랐다,비율이 전년도에 비해 다소 내렸다,특히 초등학교 교단의 여초 현상이 갈수록 심해지는 가운데 남성 교사의 합격자 비율이 전년도에 비해 다소 내렸다,9.6775625,True
zk_00279,119,train,low,2,김 수석은 인터뷰에서 검찰이 구속영장을 청구한 납득할 만한 근거를 지금도 찾기 어려워 보인다며 박 전 대통령은 증거인멸이나 도주의 우려가 없지 않으냐고 말했다,그렇냐고 말했다,김 수석은 인터뷰에서 검찰이 구속영장을 청구한 납득할 만한 근거를 지금도 찾기 어려워 보인다며 박 전 대통령은 증거인멸이나 도주의 우려가 없지 그렇냐고 말했다,13.114875,True
zk_00279,119,train,mid,3,김 수석은 인터뷰에서 검찰이 구속영장을 청구한 납득할 만한 근거를 지금도 찾기 어려워 보인다며 박 전 대통령은 증거인멸이나 도주의 우려가 없지 않으냐고 말했다,있다고 말했다고,김 수석은 인터뷰에서 검찰이 구속영장을 청구한 납득할 만한 근거를 지금도 찾기 어려워 보인다며 박 전 대통령은 증거인멸이나 도주의 우려가 있다고 말했다고,13.114875,False
zk_00279,119,train,high,5,김 수석은 인터뷰에서 검찰이 구속영장을 청구한 납득할 만한 근거를 지금도 찾기 어려워 보인다며 박 전 대통령은 증거인멸이나 도주의 우려가 없지 않으냐고 말했다,도주의 우려가 전혀 없다고 말했다,김 수석은 인터뷰에서 검찰이 구속영장을 청구한 납득할 만한 근거를 지금도 찾기 어려워 보인다며 박 전 대통령은 증거인멸이나 도주의 우려가 전혀 없다고 말했다,13.114875,True
zk_00280,120,train,low,2,삼성그룹의 시작점으로 상징성이 큰 삼성본관도 지금 당장은 팔 계획이 없는 것으로 파악됐지만 장기적으로는 매각 가능성이 있는 자산으로 꼽힌다,부채로 남는다,삼성그룹의 시작점으로 상징성이 큰 삼성본관도 지금 당장은 팔 계획이 없는 것으로 파악됐지만 장기적으로는 매각 가능성이 있는 부채로 남는다,10.434,True
zk_00280,120,train,mid,3,삼성그룹의 시작점으로 상징성이 큰 삼성본관도 지금 당장은 팔 계획이 없는 것으로 파악됐지만 장기적으로는 매각 가능성이 있는 자산으로 꼽힌다,없는 자산으로 지적된다,삼성그룹의 시작점으로 상징성이 큰 삼성본관도 지금 당장은 팔 계획이 없는 것으로 파악됐지만 장기적으로는 매각 가능성이 없는 자산으로 지적된다,10.434,True
zk_00280,120,train,high,5,삼성그룹의 시작점으로 상징성이 큰 삼성본관도 지금 당장은 팔 계획이 없는 것으로 파악됐지만 장기적으로는 매각 가능성이 있는 자산으로 꼽힌다,매각 불가능성이 있는 자산으로 꼽힌다,삼성그룹의 시작점으로 상징성이 큰 삼성본관도 지금 당장은 팔 계획이 없는 것으로 파악됐지만 장기적으로는 매각 불가능성이 있는 자산으로 꼽힌다,10.434,True
zk_00281,120,train,low,2,기자 라스코 동굴벽화는 일 만 칠 천여 년 전 크로마뇽인이 그린 것으로 추정되는 구석기시대 대표 벽화입니다,숨겨진 벽화입니다,기자 라스코 동굴벽화는 일 만 칠 천여 년 전 크로마뇽인이 그린 것으로 추정되는 구석기시대 숨겨진 벽화입니다,8.3691875,True
zk_00281,120,train,mid,3,기자 라스코 동굴벽화는 일 만 칠 천여 년 전 크로마뇽인이 그린 것으로 추정되는 구석기시대 대표 벽화입니다,신석기시대 유명 유물입니다,기자 라스코 동굴벽화는 일 만 칠 천여 년 전 크로마뇽인이 그린 것으로 추정되는 신석기시대 유명 유물입니다,8.3691875,True
zk_00281,120,train,high,5,기자 라스코 동굴벽화는 일 만 칠 천여 년 전 크로마뇽인이 그린 것으로 추정되는 구석기시대 대표 벽화입니다,것으로 추정되는 신석기시대 대표 유물입니다,기자 라스코 동굴벽화는 일 만 칠 천여 년 전 크로마뇽인이 그린 것으로 추정되는 신석기시대 대표 유물입니다,8.3691875,True
zk_00282,120,train,low,2,이에 못 믿겠다는 표정을 짓자 그는 더 명확한 소식을 알려주었다,소식을 숨겼다,이에 못 믿겠다는 표정을 짓자 그는 더 명확한 소식을 숨겼다,5.695,True
zk_00282,120,train,mid,3,이에 못 믿겠다는 표정을 짓자 그는 더 명확한 소식을 알려주었다,모호한 소식을 전했다,이에 못 믿겠다는 표정을 짓자 그는 더 모호한 소식을 전했다,5.695,True
zk_00282,120,train,high,5,이에 못 믿겠다는 표정을 짓자 그는 더 명확한 소식을 알려주었다,그는 더 모호한 소식을 알려주었다,이에 못 믿겠다는 표정을 짓자 그는 더 모호한 소식을 알려주었다,5.695,True
zk_00283,120,train,low,2,예를 들면 표제 기사인 기분 장애를 이해함 우울증에 걸린 십대 청소년을 돕는 방법 및 식욕 이상의 원인은 무엇인가,결과는 무엇인가,예를 들면 표제 기사인 기분 장애를 이해함 우울증에 걸린 십대 청소년을 돕는 방법 및 식욕 이상의 결과는 무엇인가,8.888875,True
zk_00283,120,train,mid,3,예를 들면 표제 기사인 기분 장애를 이해함 우울증에 걸린 십대 청소년을 돕는 방법 및 식욕 이상의 원인은 무엇인가,이상의 원인은 불명확하다,예를 들면 표제 기사인 기분 장애를 이해함 우울증에 걸린 십대 청소년을 돕는 방법 및 식욕 이상의 원인은 불명확하다,8.888875,True
zk_00283,120,train,high,5,예를 들면 표제 기사인 기분 장애를 이해함 우울증에 걸린 십대 청소년을 돕는 방법 및 식욕 이상의 원인은 무엇인가,및 식욕 정상의 증상은 무엇인가,예를 들면 표제 기사인 기분 장애를 이해함 우울증에 걸린 십대 청소년을 돕는 방법 및 식욕 정상의 증상은 무엇인가,8.888875,True
zk_00284,120,train,low,2,여기에 총수가 소수 지분으로 그룹 전체를 지배하는 한국 특유의 지배구조 문제도 영향을 주고 있다,받고 있다,여기에 총수가 소수 지분으로 그룹 전체를 지배하는 한국 특유의 지배구조 문제도 영향을 받고 있다,7.0731875,True
zk_00284,120,train,mid,3,여기에 총수가 소수 지분으로 그룹 전체를 지배하는 한국 특유의 지배구조 문제도 영향을 주고 있다,영향을 받고 있다,여기에 총수가 소수 지분으로 그룹 전체를 지배하는 한국 특유의 지배구조 문제도 영향을 받고 있다,7.0731875,True
zk_00284,120,train,high,5,여기에 총수가 소수 지분으로 그룹 전체를 지배하는 한국 특유의 지배구조 문제도 영향을 주고 있다,지배구조 문제는 영향을 주지 않는다,여기에 총수가 소수 지분으로 그룹 전체를 지배하는 한국 특유의 지배구조 문제는 영향을 주지 않는다,7.0731875,True
zk_00285,120,train,low,2,특히 최 씨가 학교 관계자와 면담한 이후 딸 정유라 씨의 성적이 가파르게 향상된 것으로 확인됐는데요,것으로 예상되는데요,특히 최 씨가 학교 관계자와 면담한 이후 딸 정유라 씨의 성적이 가파르게 향상된 것으로 예상되는데요,7.6568125,True
zk_00285,120,train,mid,3,특히 최 씨가 학교 관계자와 면담한 이후 딸 정유라 씨의 성적이 가파르게 향상된 것으로 확인됐는데요,악화된 것으로 확인됐는데요,특히 최 씨가 학교 관계자와 면담한 이후 딸 정유라 씨의 성적이 가파르게 악화된 것으로 확인됐는데요,7.6568125,True
zk_00285,120,train,high,5,특히 최 씨가 학교 관계자와 면담한 이후 딸 정유라 씨의 성적이 가파르게 향상된 것으로 확인됐는데요,성적이 가파르게 하락된 것으로 확인됐는데요,특히 최 씨가 학교 관계자와 면담한 이후 딸 정유라 씨의 성적이 가파르게 하락된 것으로 확인됐는데요,7.6568125,True
zk_00286,120,train,low,2,양 위원은 지난 삼 일 광주시의회에서 가진 회견에서 한번도 패배를 생각해 본 적 없다며 승리를 자신하기도 했다,의심하기도 했다,양 위원은 지난 삼 일 광주시의회에서 가진 회견에서 한번도 패배를 생각해 본 적 없다며 승리를 의심하기도 했다,8.6774375,True
zk_00286,120,train,mid,3,양 위원은 지난 삼 일 광주시의회에서 가진 회견에서 한번도 패배를 생각해 본 적 없다며 승리를 자신하기도 했다,패배를 걱정하기도 했다,양 위원은 지난 삼 일 광주시의회에서 가진 회견에서 한번도 패배를 생각해 본 적 없다며 패배를 걱정하기도 했다,8.6774375,True
zk_00286,120,train,high,5,양 위원은 지난 삼 일 광주시의회에서 가진 회견에서 한번도 패배를 생각해 본 적 없다며 승리를 자신하기도 했다,적이 많다며 패배를 우려하기도 했다,양 위원은 지난 삼 일 광주시의회에서 가진 회견에서 한번도 패배를 생각해 본 적이 많다며 패배를 우려하기도 했다,8.6774375,True
zk_00287,120,train,low,2,어떻게 손대야 할지도 모르겠고 떨리기도 하고 마흔 여덟 살 최 모 씨가 여성을 차로 들이받은 건 주말 새벽 한 시 반쯤입니다,시 훨씬입니다,어떻게 손대야 할지도 모르겠고 떨리기도 하고 마흔 여덟 살 최 모 씨가 여성을 차로 들이받은 건 주말 새벽 한 시 훨씬입니다,8.9649375,True
zk_00287,120,train,mid,3,어떻게 손대야 할지도 모르겠고 떨리기도 하고 마흔 여덟 살 최 모 씨가 여성을 차로 들이받은 건 주말 새벽 한 시 반쯤입니다,세 시 반쯤입니다,어떻게 손대야 할지도 모르겠고 떨리기도 하고 마흔 여덟 살 최 모 씨가 여성을 차로 들이받은 건 주말 새벽 세 시 반쯤입니다,8.9649375,True
zk_00287,120,train,high,5,어떻게 손대야 할지도 모르겠고 떨리기도 하고 마흔 여덟 살 최 모 씨가 여성을 차로 들이받은 건 주말 새벽 한 시 반쯤입니다,평일 낮 여덟 시 정도입니다,어떻게 손대야 할지도 모르겠고 떨리기도 하고 마흔 여덟 살 최 모 씨가 여성을 차로 들이받은 건 평일 낮 여덟 시 정도입니다,8.9649375,True
zk_00288,120,train,low,2,구로구 도봉구 서대문구 영등포구 용산구에서 당구장의 오 년 생존율이 칠십 퍼센트를 넘었다,퍼센트를 못했다,구로구 도봉구 서대문구 영등포구 용산구에서 당구장의 오 년 생존율이 칠십 퍼센트를 못했다,8.0456875,True
zk_00288,120,train,mid,3,구로구 도봉구 서대문구 영등포구 용산구에서 당구장의 오 년 생존율이 칠십 퍼센트를 넘었다,삼십 퍼센트 미만이다,구로구 도봉구 서대문구 영등포구 용산구에서 당구장의 오 년 생존율이 삼십 퍼센트 미만이다,8.0456875,True
zk_00288,120,train,high,5,구로구 도봉구 서대문구 영등포구 용산구에서 당구장의 오 년 생존율이 칠십 퍼센트를 넘었다,년 생존율이 삼십 퍼센트에 미쳤다,구로구 도봉구 서대문구 영등포구 용산구에서 당구장의 오 년 생존율이 삼십 퍼센트에 미쳤다,8.0456875,True
zk_00289,120,train,low,2,이들은 지씨가 사제들이 북한과 내통해 오 십 팔 사진자료집을 만들고 오 십 팔 에 대한 유언비어를 퍼뜨렸다고 비방했다며 허위사실 유포와 명예훼손 혐의로 고소했다,혐의로 무혐의했다,이들은 지씨가 사제들이 북한과 내통해 오 십 팔 사진자료집을 만들고 오 십 팔 에 대한 유언비어를 퍼뜨렸다고 비방했다며 허위사실 유포와 명예훼손 혐의로 무혐의했다,10.7489375,True
zk_00289,120,train,mid,3,이들은 지씨가 사제들이 북한과 내통해 오 십 팔 사진자료집을 만들고 오 십 팔 에 대한 유언비어를 퍼뜨렸다고 비방했다며 허위사실 유포와 명예훼손 혐의로 고소했다,명예훼손 혐의를 취하했다,이들은 지씨가 사제들이 북한과 내통해 오 십 팔 사진자료집을 만들고 오 십 팔 에 대한 유언비어를 퍼뜨렸다고 비방했다며 허위사실 유포와 명예훼손 혐의를 취하했다,10.7489375,True
zk_00289,120,train,high,5,이들은 지씨가 사제들이 북한과 내통해 오 십 팔 사진자료집을 만들고 오 십 팔 에 대한 유언비어를 퍼뜨렸다고 비방했다며 허위사실 유포와 명예훼손 혐의로 고소했다,허위사실 유포와 명예훼손 혐의를 부인했다,이들은 지씨가 사제들이 북한과 내통해 오 십 팔 사진자료집을 만들고 오 십 팔 에 대한 유언비어를 퍼뜨렸다고 비방했다며 허위사실 유포와 명예훼손 혐의를 부인했다,10.7489375,True
zk_00290,122,train,low,2,때때로 자해는 우울증 양극성 장애 강박 장애 식욕 이상 등 다른 질환의 부산물이다,질환의 원인이다,때때로 자해는 우울증 양극성 장애 강박 장애 식욕 이상 등 다른 질환의 원인이다,9.4049375,True
zk_00290,122,train,mid,3,때때로 자해는 우울증 양극성 장애 강박 장애 식욕 이상 등 다른 질환의 부산물이다,독립적인 질환이다,때때로 자해는 우울증 양극성 장애 강박 장애 식욕 이상 등 독립적인 질환이다,9.4049375,False
zk_00290,122,train,high,5,때때로 자해는 우울증 양극성 장애 강박 장애 식욕 이상 등 다른 질환의 부산물이다,이상 등 다른 질환의 원인이다,때때로 자해는 우울증 양극성 장애 강박 장애 식욕 이상 등 다른 질환의 원인이다,9.4049375,True
zk_00291,122,train,low,2,현재 백화점과 영화관 등은 오픈해 영업하고 있고 테마파크 및 아파트 등의 공사는 이천 십 팔 년 완공을 목표로 진행돼 왔다,진행되지 못했다,현재 백화점과 영화관 등은 오픈해 영업하고 있고 테마파크 및 아파트 등의 공사는 이천 십 팔 년 완공을 목표로 진행되지 못했다,10.9331875,True
zk_00291,122,train,mid,3,현재 백화점과 영화관 등은 오픈해 영업하고 있고 테마파크 및 아파트 등의 공사는 이천 십 팔 년 완공을 목표로 진행돼 왔다,목표로 진행되지 않았다,현재 백화점과 영화관 등은 오픈해 영업하고 있고 테마파크 및 아파트 등의 공사는 이천 십 팔 년 완공을 목표로 진행되지 않았다,10.9331875,True
zk_00291,122,train,high,5,현재 백화점과 영화관 등은 오픈해 영업하고 있고 테마파크 및 아파트 등의 공사는 이천 십 팔 년 완공을 목표로 진행돼 왔다,년 완공을 미루며 지연돼 왔다,현재 백화점과 영화관 등은 오픈해 영업하고 있고 테마파크 및 아파트 등의 공사는 이천 십 팔 년 완공을 미루며 지연돼 왔다,10.9331875,True
zk_00292,122,train,low,2,창업 초기 아무리 힘들더라도 하루 한 편씩 새로운 동영상을 꼭 올린다는 일 일 일 콘텐트 원칙을 세웠고 지금도 그 약속을 지켜나가고 있습니다,깨뜨리고 있습니다,창업 초기 아무리 힘들더라도 하루 한 편씩 새로운 동영상을 꼭 올린다는 일 일 일 콘텐트 원칙을 세웠고 지금도 그 약속을 깨뜨리고 있습니다,12.11975,True
zk_00292,122,train,mid,3,창업 초기 아무리 힘들더라도 하루 한 편씩 새로운 동영상을 꼭 올린다는 일 일 일 콘텐트 원칙을 세웠고 지금도 그 약속을 지켜나가고 있습니다,약속을 어기고 있습니다,창업 초기 아무리 힘들더라도 하루 한 편씩 새로운 동영상을 꼭 올린다는 일 일 일 콘텐트 원칙을 세웠고 지금도 그 약속을 어기고 있습니다,12.11975,True
zk_00292,122,train,high,5,창업 초기 아무리 힘들더라도 하루 한 편씩 새로운 동영상을 꼭 올린다는 일 일 일 콘텐트 원칙을 세웠고 지금도 그 약속을 지켜나가고 있습니다,지금도 그 약속을 어기고 있습니다,창업 초기 아무리 힘들더라도 하루 한 편씩 새로운 동영상을 꼭 올린다는 일 일 일 콘텐트 원칙을 세웠고 지금도 그 약속을 어기고 있습니다,12.11975,True
zk_00293,122,train,low,2,더군다나 김정주 넥슨 창업주가 뇌물 공여 의혹에 휩싸이며 뒤숭숭한 사내 분위기 속에서 게임 서비스가 이뤄진 점도 아쉬운 대목이다,다행한 대목이다,더군다나 김정주 넥슨 창업주가 뇌물 공여 의혹에 휩싸이며 뒤숭숭한 사내 분위기 속에서 게임 서비스가 이뤄진 점도 다행한 대목이다,11.95425,True
zk_00293,122,train,mid,3,더군다나 김정주 넥슨 창업주가 뇌물 공여 의혹에 휩싸이며 뒤숭숭한 사내 분위기 속에서 게임 서비스가 이뤄진 점도 아쉬운 대목이다,점도 좋은 부분이다,더군다나 김정주 넥슨 창업주가 뇌물 공여 의혹에 휩싸이며 뒤숭숭한 사내 분위기 속에서 게임 서비스가 이뤄진 점도 좋은 부분이다,11.95425,True
zk_00293,122,train,high,5,더군다나 김정주 넥슨 창업주가 뇌물 공여 의혹에 휩싸이며 뒤숭숭한 사내 분위기 속에서 게임 서비스가 이뤄진 점도 아쉬운 대목이다,서비스가 잘 이뤄진 점이 좋다,더군다나 김정주 넥슨 창업주가 뇌물 공여 의혹에 휩싸이며 뒤숭숭한 사내 분위기 속에서 게임 서비스가 잘 이뤄진 점이 좋다,11.95425,True
zk_00294,122,train,low,2,항해를 지휘하는 선교에서 두 주만 더 경험을 쌓으면 된다고 말하자 그는 내가 이집트의 포트사이드로 항해하도록 마련해 주었습니다,마련하지 못했습니다,항해를 지휘하는 선교에서 두 주만 더 경험을 쌓으면 된다고 말하자 그는 내가 이집트의 포트사이드로 항해하도록 마련하지 못했습니다,11.8783125,True
zk_00294,122,train,mid,3,항해를 지휘하는 선교에서 두 주만 더 경험을 쌓으면 된다고 말하자 그는 내가 이집트의 포트사이드로 항해하도록 마련해 주었습니다,항해하지 못하게 했습니다,항해를 지휘하는 선교에서 두 주만 더 경험을 쌓으면 된다고 말하자 그는 내가 이집트의 포트사이드로 항해하지 못하게 했습니다,11.8783125,True
zk_00294,122,train,high,5,항해를 지휘하는 선교에서 두 주만 더 경험을 쌓으면 된다고 말하자 그는 내가 이집트의 포트사이드로 항해하도록 마련해 주었습니다,이집트의 포트사이드로 항해하지 못하게 했습니다,항해를 지휘하는 선교에서 두 주만 더 경험을 쌓으면 된다고 말하자 그는 내가 이집트의 포트사이드로 항해하지 못하게 했습니다,11.8783125,True
zk_00295,122,train,low,2,계속 신당 세력과 통합하는데 원외 민주당과 합치면 당명도 민주당이 되나,공화당이 아니다,계속 신당 세력과 통합하는데 원외 민주당과 합치면 당명도 공화당이 아니다,7.4140625,True
zk_00295,122,train,mid,3,계속 신당 세력과 통합하는데 원외 민주당과 합치면 당명도 민주당이 되나,당명도 공화당이 되나,계속 신당 세력과 통합하는데 원외 민주당과 합치면 당명도 공화당이 되나,7.4140625,True
zk_00295,122,train,high,5,계속 신당 세력과 통합하는데 원외 민주당과 합치면 당명도 민주당이 되나,민주당과 합치면 당명은 그대로 유지되나,계속 신당 세력과 통합하는데 원외 민주당과 합치면 당명은 그대로 유지되나,7.4140625,True
zk_00296,122,train,low,2,인기 드라마 태양의 후예를 패러디한 해당 포스터는 권 의원이 군복 차림으로 총을 겨눈 모습이 합성돼 있었다,분해돼 있었다,인기 드라마 태양의 후예를 패러디한 해당 포스터는 권 의원이 군복 차림으로 총을 겨눈 모습이 분해돼 있었다,10.0175625,True
zk_00296,122,train,mid,3,인기 드라마 태양의 후예를 패러디한 해당 포스터는 권 의원이 군복 차림으로 총을 겨눈 모습이 합성돼 있었다,모습이 분리돼 있었다,인기 드라마 태양의 후예를 패러디한 해당 포스터는 권 의원이 군복 차림으로 총을 겨눈 모습이 분리돼 있었다,10.0175625,True
zk_00296,122,train,high,5,인기 드라마 태양의 후예를 패러디한 해당 포스터는 권 의원이 군복 차림으로 총을 겨눈 모습이 합성돼 있었다,총을 내려놓은 모습이 담겨 있었다,인기 드라마 태양의 후예를 패러디한 해당 포스터는 권 의원이 군복 차림으로 총을 내려놓은 모습이 담겨 있었다,10.0175625,True
zk_00297,122,train,low,2,서울대 약대 관계자는 약대 입시가 편입으로 바뀐 이후에 약대는 연구의 장이 아니라 직업훈련학교로 전락한 지 오래라고 씁쓸해했다,잠깐 좋아했다,서울대 약대 관계자는 약대 입시가 편입으로 바뀐 이후에 약대는 연구의 장이 아니라 직업훈련학교로 전락한 지 잠깐 좋아했다,10.458625,True
zk_00297,122,train,mid,3,서울대 약대 관계자는 약대 입시가 편입으로 바뀐 이후에 약대는 연구의 장이 아니라 직업훈련학교로 전락한 지 오래라고 씁쓸해했다,지 않아서 기뻐했다,서울대 약대 관계자는 약대 입시가 편입으로 바뀐 이후에 약대는 연구의 장이 아니라 직업훈련학교로 전락한 지 않아서 기뻐했다,10.458625,True
zk_00297,122,train,high,5,서울대 약대 관계자는 약대 입시가 편입으로 바뀐 이후에 약대는 연구의 장이 아니라 직업훈련학교로 전락한 지 오래라고 씁쓸해했다,직업훈련학교로 발전한 지 얼마라고 자랑했다,서울대 약대 관계자는 약대 입시가 편입으로 바뀐 이후에 약대는 연구의 장이 아니라 직업훈련학교로 발전한 지 얼마라고 자랑했다,10.458625,True
zk_00298,122,train,low,2,삼성전자가 사원 대리 과장 차장 부장으로 이뤄진 다섯 단계 직급체계를 사원 선임 책임 수석의 네 단계로 축소하는 방안을 추진한다,방안을 거부한다,삼성전자가 사원 대리 과장 차장 부장으로 이뤄진 다섯 단계 직급체계를 사원 선임 책임 수석의 네 단계로 축소하는 방안을 거부한다,12.2214375,True
zk_00298,122,train,mid,3,삼성전자가 사원 대리 과장 차장 부장으로 이뤄진 다섯 단계 직급체계를 사원 선임 책임 수석의 네 단계로 축소하는 방안을 추진한다,확대하는 방안을 추진한다,삼성전자가 사원 대리 과장 차장 부장으로 이뤄진 다섯 단계 직급체계를 사원 선임 책임 수석의 네 단계로 확대하는 방안을 추진한다,12.2214375,True
zk_00298,122,train,high,5,삼성전자가 사원 대리 과장 차장 부장으로 이뤄진 다섯 단계 직급체계를 사원 선임 책임 수석의 네 단계로 축소하는 방안을 추진한다,네 단계로 확대하는 방안을 추진한다,삼성전자가 사원 대리 과장 차장 부장으로 이뤄진 다섯 단계 직급체계를 사원 선임 책임 수석의 네 단계로 확대하는 방안을 추진한다,12.2214375,True
zk_00299,122,train,low,2,김문수 전 경기지사는 십 삼 일 대구를 떠나 수도권 험지에 출마하라는 일각의 요구에 대해 저는 수성갑에 뼈를 묻어야 되겠다고 일축했다,불가능하다고 지적했다,김문수 전 경기지사는 십 삼 일 대구를 떠나 수도권 험지에 출마하라는 일각의 요구에 대해 저는 수성갑에 뼈를 묻어야 불가능하다고 지적했다,12.826125,True
zk_00299,122,train,mid,3,김문수 전 경기지사는 십 삼 일 대구를 떠나 수도권 험지에 출마하라는 일각의 요구에 대해 저는 수성갑에 뼈를 묻어야 되겠다고 일축했다,드러내야 한다고 주장했다,김문수 전 경기지사는 십 삼 일 대구를 떠나 수도권 험지에 출마하라는 일각의 요구에 대해 저는 수성갑에 뼈를 드러내야 한다고 주장했다,12.826125,True
zk_00299,122,train,high,5,김문수 전 경기지사는 십 삼 일 대구를 떠나 수도권 험지에 출마하라는 일각의 요구에 대해 저는 수성갑에 뼈를 묻어야 되겠다고 일축했다,수성갑에 뼈를 묻지 말았다고 했다,김문수 전 경기지사는 십 삼 일 대구를 떠나 수도권 험지에 출마하라는 일각의 요구에 대해 저는 수성갑에 뼈를 묻지 말았다고 했다,12.826125,True
zk_00300,123,train,low,2,기준이 애매하고 상대적인 개념이 될 수 있을 것 같습니다,틀렸을 것입니다,기준이 애매하고 상대적인 개념이 될 수 있을 틀렸을 것입니다,5.206,True
zk_00300,123,train,mid,3,기준이 애매하고 상대적인 개념이 될 수 있을 것 같습니다,없을 것 같습니다,기준이 애매하고 상대적인 개념이 될 수 없을 것 같습니다,5.206,True
zk_00300,123,train,high,5,기준이 애매하고 상대적인 개념이 될 수 있을 것 같습니다,될 수 없을 것 같습니다,기준이 애매하고 상대적인 개념이 될 수 없을 것 같습니다,5.206,True
zk_00301,123,train,low,2,이로써 그는 살아생전 전 재산을 기부하겠다는 약속을 지켰다,약속을 어겼다,이로써 그는 살아생전 전 재산을 기부하겠다는 약속을 어겼다,5.9895625,True
zk_00301,123,train,mid,3,이로써 그는 살아생전 전 재산을 기부하겠다는 약속을 지켰다,기부하겠다는 약속을 어겼다,이로써 그는 살아생전 전 재산을 기부하겠다는 약속을 어겼다,5.9895625,True
zk_00301,123,train,high,5,이로써 그는 살아생전 전 재산을 기부하겠다는 약속을 지켰다,전 재산을 기부하겠다는 약속을 어겼다,이로써 그는 살아생전 전 재산을 기부하겠다는 약속을 어겼다,5.9895625,True
zk_00302,123,train,low,2,슬프거나 스트레스를 받은 개의 극단적인 징후는 이빨을 드러내거나 물려는 모습이지만 코렌 박사는 불편함을 나타내는 개들의 섬세한 신호도 있다고 전했다,없다고 전했다,슬프거나 스트레스를 받은 개의 극단적인 징후는 이빨을 드러내거나 물려는 모습이지만 코렌 박사는 불편함을 나타내는 개들의 섬세한 신호도 없다고 전했다,12.4645,True
zk_00302,123,train,mid,3,슬프거나 스트레스를 받은 개의 극단적인 징후는 이빨을 드러내거나 물려는 모습이지만 코렌 박사는 불편함을 나타내는 개들의 섬세한 신호도 있다고 전했다,신호가 없다고 전했다,슬프거나 스트레스를 받은 개의 극단적인 징후는 이빨을 드러내거나 물려는 모습이지만 코렌 박사는 불편함을 나타내는 개들의 섬세한 신호가 없다고 전했다,12.4645,True
zk_00302,123,train,high,5,슬프거나 스트레스를 받은 개의 극단적인 징후는 이빨을 드러내거나 물려는 모습이지만 코렌 박사는 불편함을 나타내는 개들의 섬세한 신호도 있다고 전했다,개들의 거친 신호만 있다고 전했다,슬프거나 스트레스를 받은 개의 극단적인 징후는 이빨을 드러내거나 물려는 모습이지만 코렌 박사는 불편함을 나타내는 개들의 거친 신호만 있다고 전했다,12.4645,True
zk_00303,123,train,low,2,이들을 제외한 여든 네 개월 미만 아동에게는 월 십 만원이 지급된다,만원이 징수된다,이들을 제외한 여든 네 개월 미만 아동에게는 월 십 만원이 징수된다,6.4395625,True
zk_00303,123,train,mid,3,이들을 제외한 여든 네 개월 미만 아동에게는 월 십 만원이 지급된다,십 만원이 징수된다,이들을 제외한 여든 네 개월 미만 아동에게는 월 십 만원이 징수된다,6.4395625,True
zk_00303,123,train,high,5,이들을 제외한 여든 네 개월 미만 아동에게는 월 십 만원이 지급된다,아동에게는 월 오십만원이 지급된다,이들을 제외한 여든 네 개월 미만 아동에게는 월 오십만원이 지급된다,6.4395625,False
zk_00304,123,train,low,2,다음 모형들은 정육면체 모형들을 똑같은 모양으로 쌓아놓고 삼 차원 공간에서 각기 다른 방향으로 비틀어 놓은 것이다,집은 것이다,다음 모형들은 정육면체 모형들을 똑같은 모양으로 쌓아놓고 삼 차원 공간에서 각기 다른 방향으로 비틀어 집은 것이다,9.4983125,True
zk_00304,123,train,mid,3,다음 모형들은 정육면체 모형들을 똑같은 모양으로 쌓아놓고 삼 차원 공간에서 각기 다른 방향으로 비틀어 놓은 것이다,펼쳐 놓은 것이다,다음 모형들은 정육면체 모형들을 똑같은 모양으로 쌓아놓고 삼 차원 공간에서 각기 다른 방향으로 펼쳐 놓은 것이다,9.4983125,True
zk_00304,123,train,high,5,다음 모형들은 정육면체 모형들을 똑같은 모양으로 쌓아놓고 삼 차원 공간에서 각기 다른 방향으로 비틀어 놓은 것이다,같은 방향으로 펴 놓은 것이다,다음 모형들은 정육면체 모형들을 똑같은 모양으로 쌓아놓고 삼 차원 공간에서 각기 같은 방향으로 펴 놓은 것이다,9.4983125,True
zk_00305,123,train,low,2,한편 대설주의보가 발효 중인 전남 해안 지역에서는 약하게 눈이 이어지고 있습니다,끝났습니다.,한편 대설주의보가 발효 중인 전남 해안 지역에서는 약하게 눈이 끝났습니다.,7.2289375,False
zk_00305,123,train,mid,3,한편 대설주의보가 발효 중인 전남 해안 지역에서는 약하게 눈이 이어지고 있습니다,눈이 내리고 있습니다,한편 대설주의보가 발효 중인 전남 해안 지역에서는 약하게 눈이 내리고 있습니다,7.2289375,True
zk_00305,123,train,high,5,한편 대설주의보가 발효 중인 전남 해안 지역에서는 약하게 눈이 이어지고 있습니다,지역에서는 강하게 눈이 내리고 있습니다,한편 대설주의보가 발효 중인 전남 해안 지역에서는 강하게 눈이 내리고 있습니다,7.2289375,True
zk_00306,123,train,low,2,그래서 천 구백 구십 사 년 말 즈음에 나도 운동을 시작했습니다,운동을 멈췄습니다,그래서 천 구백 구십 사 년 말 즈음에 나도 운동을 멈췄습니다,5.6988125,True
zk_00306,123,train,mid,3,그래서 천 구백 구십 사 년 말 즈음에 나도 운동을 시작했습니다,나도 운동을 그만뒀습니다,그래서 천 구백 구십 사 년 말 즈음에 나도 운동을 그만뒀습니다,5.6988125,True
zk_00306,123,train,high,5,그래서 천 구백 구십 사 년 말 즈음에 나도 운동을 시작했습니다,말 즈음에 나도 운동을 포기했습니다,그래서 천 구백 구십 사 년 말 즈음에 나도 운동을 포기했습니다,5.6988125,True
zk_00307,123,train,low,2,어디 텃밭에 갔나보다 했는데 아 꽁치를 사러 가서 꽁치랑 시래기랑 사다가 그 백종원 선생님 밥집에 나온 거를 그걸 해주더라고요,그걸 안하더라고요,어디 텃밭에 갔나보다 했는데 아 꽁치를 사러 가서 꽁치랑 시래기랑 사다가 그 백종원 선생님 밥집에 나온 거를 그걸 안하더라고요,10.5139375,True
zk_00307,123,train,mid,3,어디 텃밭에 갔나보다 했는데 아 꽁치를 사러 가서 꽁치랑 시래기랑 사다가 그 백종원 선생님 밥집에 나온 거를 그걸 해주더라고요,안 해주려고 했어요,어디 텃밭에 갔나보다 했는데 아 꽁치를 사러 가서 꽁치랑 시래기랑 사다가 그 백종원 선생님 밥집에 나온 안 해주려고 했어요,10.5139375,True
zk_00307,123,train,high,5,어디 텃밭에 갔나보다 했는데 아 꽁치를 사러 가서 꽁치랑 시래기랑 사다가 그 백종원 선생님 밥집에 나온 거를 그걸 해주더라고요,밥집에 나온 거를 못 해주더라고요,어디 텃밭에 갔나보다 했는데 아 꽁치를 사러 가서 꽁치랑 시래기랑 사다가 그 백종원 선생님 밥집에 나온 거를 못 해주더라고요,10.5139375,True
zk_00308,123,train,low,2,입주자 대표회의 관계자는 애초 입주할 때부터 시공사와 엘리베이터 삼 대를 쓰는 조건으로 계약한 만큼 상가 측 주장은 억지에 가깝다고 반박하고 있다,수용하고 있다,입주자 대표회의 관계자는 애초 입주할 때부터 시공사와 엘리베이터 삼 대를 쓰는 조건으로 계약한 만큼 상가 측 주장은 억지에 가깝다고 수용하고 있다,12.2601875,True
zk_00308,123,train,mid,3,입주자 대표회의 관계자는 애초 입주할 때부터 시공사와 엘리베이터 삼 대를 쓰는 조건으로 계약한 만큼 상가 측 주장은 억지에 가깝다고 반박하고 있다,멀다고 주장하고 있다,입주자 대표회의 관계자는 애초 입주할 때부터 시공사와 엘리베이터 삼 대를 쓰는 조건으로 계약한 만큼 상가 측 주장은 억지에 멀다고 주장하고 있다,12.2601875,True
zk_00308,123,train,high,5,입주자 대표회의 관계자는 애초 입주할 때부터 시공사와 엘리베이터 삼 대를 쓰는 조건으로 계약한 만큼 상가 측 주장은 억지에 가깝다고 반박하고 있다,주장은 타당하다고 전적으로 인정하고 있다,입주자 대표회의 관계자는 애초 입주할 때부터 시공사와 엘리베이터 삼 대를 쓰는 조건으로 계약한 만큼 상가 측 주장은 타당하다고 전적으로 인정하고 있다,12.2601875,True
zk_00309,123,train,low,2,하지만 이같은 노동절 휴일수당은 여전히 많은 노동자에게 그림의 떡인 상황이다,아닌 상황이다,하지만 이같은 노동절 휴일수당은 여전히 많은 노동자에게 그림의 아닌 상황이다,7.29525,True
zk_00309,123,train,mid,3,하지만 이같은 노동절 휴일수당은 여전히 많은 노동자에게 그림의 떡인 상황이다,실현되어 있다,하지만 이같은 노동절 휴일수당은 여전히 많은 노동자에게 실현되어 있다,7.29525,False
zk_00309,123,train,high,5,하지만 이같은 노동절 휴일수당은 여전히 많은 노동자에게 그림의 떡인 상황이다,많은 노동자에게 실제로 달성 가능하다,하지만 이같은 노동절 휴일수당은 여전히 많은 노동자에게 실제로 달성 가능하다,7.29525,True
zk_00310,124,train,low,2,이 과정에서 아파트 명의 문제 등으로 말다툼이 벌어졌고 감정이 격해진 송씨가 공구를 침대에 펼쳐놓고 흉기를 아내 가슴에 들이대며 죽여버린다고 협박했다,살려준다고 약속했다,이 과정에서 아파트 명의 문제 등으로 말다툼이 벌어졌고 감정이 격해진 송씨가 공구를 침대에 펼쳐놓고 흉기를 아내 가슴에 들이대며 살려준다고 약속했다,12.0606875,True
zk_00310,124,train,mid,3,이 과정에서 아파트 명의 문제 등으로 말다툼이 벌어졌고 감정이 격해진 송씨가 공구를 침대에 펼쳐놓고 흉기를 아내 가슴에 들이대며 죽여버린다고 협박했다,살려주겠다고 약속했다,이 과정에서 아파트 명의 문제 등으로 말다툼이 벌어졌고 감정이 격해진 송씨가 공구를 침대에 펼쳐놓고 흉기를 아내 가슴에 살려주겠다고 약속했다,12.0606875,False
zk_00310,124,train,high,5,이 과정에서 아파트 명의 문제 등으로 말다툼이 벌어졌고 감정이 격해진 송씨가 공구를 침대에 펼쳐놓고 흉기를 아내 가슴에 들이대며 죽여버린다고 협박했다,아내 가슴에 들이대며 살려주겠다고 약속했다,이 과정에서 아파트 명의 문제 등으로 말다툼이 벌어졌고 감정이 격해진 송씨가 공구를 침대에 펼쳐놓고 흉기를 아내 가슴에 들이대며 살려주겠다고 약속했다,12.0606875,True
zk_00311,124,train,low,2,이 전 회장의 장례식은 별세 시점인 십 사 일을 기준으로 일곱 일장으로 치뤄진다,여러판으로 치뤄진다,이 전 회장의 장례식은 별세 시점인 십 사 일을 기준으로 일곱 여러판으로 치뤄진다,6.594625,True
zk_00311,124,train,mid,3,이 전 회장의 장례식은 별세 시점인 십 사 일을 기준으로 일곱 일장으로 치뤄진다,오 이상으로 나뉜다,이 전 회장의 장례식은 별세 시점인 십 사 일을 기준으로 오 이상으로 나뉜다,6.594625,True
zk_00311,124,train,high,5,이 전 회장의 장례식은 별세 시점인 십 사 일을 기준으로 일곱 일장으로 치뤄진다,일을 기준으로 한 경기로 결정된다,이 전 회장의 장례식은 별세 시점인 십 사 일을 기준으로 한 경기로 결정된다,6.594625,True
zk_00312,124,train,low,2,그러고 나서 넌 성서에서 약속하는 이런 축복이 이루어질 거라고 생각하니 라고 물었습니다,라고 대답했습니다,그러고 나서 넌 성서에서 약속하는 이런 축복이 이루어질 거라고 생각하니 라고 대답했습니다,6.891625,True
zk_00312,124,train,mid,3,그러고 나서 넌 성서에서 약속하는 이런 축복이 이루어질 거라고 생각하니 라고 물었습니다,생각하니 라고 대답했습니다,그러고 나서 넌 성서에서 약속하는 이런 축복이 이루어질 거라고 생각하니 라고 대답했습니다,6.891625,True
zk_00312,124,train,high,5,그러고 나서 넌 성서에서 약속하는 이런 축복이 이루어질 거라고 생각하니 라고 물었습니다,이루어질 수 없다고 대답했습니다,그러고 나서 넌 성서에서 약속하는 이런 축복이 이루어질 수 없다고 대답했습니다,6.891625,False
zk_00313,124,train,low,2,탱크 시위의 첫 번째 목적은 자기가 아니면 박정희 대통령을 보필할 사람이 없다는 점을 대통령에게 인식시키려는 것이다,외면하려는 것이다,탱크 시위의 첫 번째 목적은 자기가 아니면 박정희 대통령을 보필할 사람이 없다는 점을 대통령에게 외면하려는 것이다,8.9336875,True
zk_00313,124,train,mid,3,탱크 시위의 첫 번째 목적은 자기가 아니면 박정희 대통령을 보필할 사람이 없다는 점을 대통령에게 인식시키려는 것이다,대통령에게 숨기려는 것이다,탱크 시위의 첫 번째 목적은 자기가 아니면 박정희 대통령을 보필할 사람이 없다는 점을 대통령에게 숨기려는 것이다,8.9336875,True
zk_00313,124,train,high,5,탱크 시위의 첫 번째 목적은 자기가 아니면 박정희 대통령을 보필할 사람이 없다는 점을 대통령에게 인식시키려는 것이다,있다는 점을 대통령에게 숨기려는 것이다,탱크 시위의 첫 번째 목적은 자기가 아니면 박정희 대통령을 보필할 사람이 있다는 점을 대통령에게 숨기려는 것이다,8.9336875,True
zk_00314,124,train,low,2,그러나 그 논의가 한국인의 부족함으로 흘러가는 것을 의도하진 않았다고 설명했습니다,했다고 설명했습니다,그러나 그 논의가 한국인의 부족함으로 흘러가는 것을 의도하진 했다고 설명했습니다,7.049875,True
zk_00314,124,train,mid,3,그러나 그 논의가 한국인의 부족함으로 흘러가는 것을 의도하진 않았다고 설명했습니다,의도적으로 했다고 주장했습니다,그러나 그 논의가 한국인의 부족함으로 흘러가는 것을 의도적으로 했다고 주장했습니다,7.049875,True
zk_00314,124,train,high,5,그러나 그 논의가 한국인의 부족함으로 흘러가는 것을 의도하진 않았다고 설명했습니다,흘러가는 것을 의도했다고 강하게 주장했습니다,그러나 그 논의가 한국인의 부족함으로 흘러가는 것을 의도했다고 강하게 주장했습니다,7.049875,True
zk_00315,124,train,low,2,김현정 끝으로 국민들에게 하시고 싶은 말씀 있다면 한 말씀 해주시겠어요,묵묵히 하겠어요,김현정 끝으로 국민들에게 하시고 싶은 말씀 있다면 한 묵묵히 하겠어요,6.36775,True
zk_00315,124,train,mid,3,김현정 끝으로 국민들에게 하시고 싶은 말씀 있다면 한 말씀 해주시겠어요,말씀 안 하시겠어요,김현정 끝으로 국민들에게 하시고 싶은 말씀 있다면 말씀 안 하시겠어요,6.36775,True
zk_00315,124,train,high,5,김현정 끝으로 국민들에게 하시고 싶은 말씀 있다면 한 말씀 해주시겠어요,말씀 없으면 조용히 넘어가겠어요,김현정 끝으로 국민들에게 하시고 싶은 말씀 없으면 조용히 넘어가겠어요,6.36775,False
zk_00316,124,train,low,2,집이나 아파트를 구입할 때 한 번에 값을 모두 치를 수 있는 사람은 많지 않습니다,매우 많습니다,집이나 아파트를 구입할 때 한 번에 값을 모두 치를 수 있는 사람은 매우 많습니다,6.749,True
zk_00316,124,train,mid,3,집이나 아파트를 구입할 때 한 번에 값을 모두 치를 수 있는 사람은 많지 않습니다,사람이 매우 많습니다,집이나 아파트를 구입할 때 한 번에 값을 모두 치를 수 있는 사람이 매우 많습니다,6.749,True
zk_00316,124,train,high,5,집이나 아파트를 구입할 때 한 번에 값을 모두 치를 수 있는 사람은 많지 않습니다,수 있는 사람은 매우 많습니다,집이나 아파트를 구입할 때 한 번에 값을 모두 치를 수 있는 사람은 매우 많습니다,6.749,True
zk_00317,124,train,low,2,그런데 어찌하여 그런 뜨거운 가슴을 지닌 사람이 개성공단 폐쇄나 사드 문제에 관해 그렇게 미온적인가,그렇게 적극적인가,그런데 어찌하여 그런 뜨거운 가슴을 지닌 사람이 개성공단 폐쇄나 사드 문제에 관해 그렇게 적극적인가,8.629625,True
zk_00317,124,train,mid,3,그런데 어찌하여 그런 뜨거운 가슴을 지닌 사람이 개성공단 폐쇄나 사드 문제에 관해 그렇게 미온적인가,관해 그렇게 적극적인가,그런데 어찌하여 그런 뜨거운 가슴을 지닌 사람이 개성공단 폐쇄나 사드 문제에 관해 그렇게 적극적인가,8.629625,True
zk_00317,124,train,high,5,그런데 어찌하여 그런 뜨거운 가슴을 지닌 사람이 개성공단 폐쇄나 사드 문제에 관해 그렇게 미온적인가,사드 문제에 관해 그렇게 적극적인가,그런데 어찌하여 그런 뜨거운 가슴을 지닌 사람이 개성공단 폐쇄나 사드 문제에 관해 그렇게 적극적인가,8.629625,True
zk_00318,124,train,low,2,검찰이 청구한 전자발찌 부착은 의사 소견 등을 살핀 결과 살인 재범 우려는 없어 보인다며 받아들이지 않았다,받아들였던 것,검찰이 청구한 전자발찌 부착은 의사 소견 등을 살핀 결과 살인 재범 우려는 없어 보인다며 받아들였던 것,9.6565,True
zk_00318,124,train,mid,3,검찰이 청구한 전자발찌 부착은 의사 소견 등을 살핀 결과 살인 재범 우려는 없어 보인다며 받아들이지 않았다,보인다며 적극 찬성했다,검찰이 청구한 전자발찌 부착은 의사 소견 등을 살핀 결과 살인 재범 우려는 없어 보인다며 적극 찬성했다,9.6565,True
zk_00318,124,train,high,5,검찰이 청구한 전자발찌 부착은 의사 소견 등을 살핀 결과 살인 재범 우려는 없어 보인다며 받아들이지 않았다,우려가 크다며 즉각 받아들이기로 했다,검찰이 청구한 전자발찌 부착은 의사 소견 등을 살핀 결과 살인 재범 우려가 크다며 즉각 받아들이기로 했다,9.6565,True
zk_00319,124,train,low,2,사건은 일단락됐지만 전당대회가 끝난지 두 주차 만에 추 대표와 당의 허니문이 끝나게 된 계기가 됐다는 평가다,못했다는 평가다,사건은 일단락됐지만 전당대회가 끝난지 두 주차 만에 추 대표와 당의 허니문이 끝나게 된 계기가 못했다는 평가다,9.04175,True
zk_00319,124,train,mid,3,사건은 일단락됐지만 전당대회가 끝난지 두 주차 만에 추 대표와 당의 허니문이 끝나게 된 계기가 됐다는 평가다,장애물이 됐다는 평가다,사건은 일단락됐지만 전당대회가 끝난지 두 주차 만에 추 대표와 당의 허니문이 끝나게 된 장애물이 됐다는 평가다,9.04175,True
zk_00319,124,train,high,5,사건은 일단락됐지만 전당대회가 끝난지 두 주차 만에 추 대표와 당의 허니문이 끝나게 된 계기가 됐다는 평가다,시작하게 된 계기가 됐다는 평가다,사건은 일단락됐지만 전당대회가 끝난지 두 주차 만에 추 대표와 당의 허니문이 시작하게 된 계기가 됐다는 평가다,9.04175,True
zk_00320,125,train,low,2,기자 라스코 동굴벽화는 일 만 칠 천여 년 전 크로마뇽인이 그린 것으로 추정되는 구석기시대 대표 벽화입니다,숨겨진 벽화입니다,기자 라스코 동굴벽화는 일 만 칠 천여 년 전 크로마뇽인이 그린 것으로 추정되는 구석기시대 숨겨진 벽화입니다,9.615375,True
zk_00320,125,train,mid,3,기자 라스코 동굴벽화는 일 만 칠 천여 년 전 크로마뇽인이 그린 것으로 추정되는 구석기시대 대표 벽화입니다,신석기시대 유물 아닙니다,기자 라스코 동굴벽화는 일 만 칠 천여 년 전 크로마뇽인이 그린 것으로 추정되는 신석기시대 유물 아닙니다,9.615375,True
zk_00320,125,train,high,5,기자 라스코 동굴벽화는 일 만 칠 천여 년 전 크로마뇽인이 그린 것으로 추정되는 구석기시대 대표 벽화입니다,것으로 추정되는 신석기시대 대표 유물입니다,기자 라스코 동굴벽화는 일 만 칠 천여 년 전 크로마뇽인이 그린 것으로 추정되는 신석기시대 대표 유물입니다,9.615375,True
zk_00321,125,train,low,2,청도군은 피서객들이 불편을 겪고 지역 이미지가 나빠지자 계도와 단속을 병행하면서 재단을 설득하고 있으나 재단은 모르쇠로 일관하고 있다,모순하고 있다,청도군은 피서객들이 불편을 겪고 지역 이미지가 나빠지자 계도와 단속을 병행하면서 재단을 설득하고 있으나 재단은 모르쇠로 모순하고 있다,11.4025,True
zk_00321,125,train,mid,3,청도군은 피서객들이 불편을 겪고 지역 이미지가 나빠지자 계도와 단속을 병행하면서 재단을 설득하고 있으나 재단은 모르쇠로 일관하고 있다,솔직하게 밝히고 있다,청도군은 피서객들이 불편을 겪고 지역 이미지가 나빠지자 계도와 단속을 병행하면서 재단을 설득하고 있으나 재단은 솔직하게 밝히고 있다,11.4025,True
zk_00321,125,train,high,5,청도군은 피서객들이 불편을 겪고 지역 이미지가 나빠지자 계도와 단속을 병행하면서 재단을 설득하고 있으나 재단은 모르쇠로 일관하고 있다,있으나 재단은 적극 대응하고 있다,청도군은 피서객들이 불편을 겪고 지역 이미지가 나빠지자 계도와 단속을 병행하면서 재단을 설득하고 있으나 재단은 적극 대응하고 있다,11.4025,True
zk_00322,125,train,low,2,그래서 아직까지 중국어선 불법조업은 개선되지 않고 있고요,하고 있고요,그래서 아직까지 중국어선 불법조업은 개선되지 하고 있고요,5.7560625,True
zk_00322,125,train,mid,3,그래서 아직까지 중국어선 불법조업은 개선되지 않고 있고요,계속 악화되고 있고요,그래서 아직까지 중국어선 불법조업은 계속 악화되고 있고요,5.7560625,True
zk_00322,125,train,high,5,그래서 아직까지 중국어선 불법조업은 개선되지 않고 있고요,중국어선 불법조업은 점차 개선되고 있고요,그래서 아직까지 중국어선 불법조업은 점차 개선되고 있고요,5.7560625,True
zk_00323,125,train,low,2,수도권에선 서울이 영 쩜 일 오 퍼센트를 기록하며 서른 아홉 주 연속 상승했고 경기와 인천도 오름세를 이어갔다,하락세를 보였다,수도권에선 서울이 영 쩜 일 오 퍼센트를 기록하며 서른 아홉 주 연속 상승했고 경기와 인천도 하락세를 보였다,9.39025,True
zk_00323,125,train,mid,3,수도권에선 서울이 영 쩜 일 오 퍼센트를 기록하며 서른 아홉 주 연속 상승했고 경기와 인천도 오름세를 이어갔다,인천도 하락세를 보였다,수도권에선 서울이 영 쩜 일 오 퍼센트를 기록하며 서른 아홉 주 연속 상승했고 경기와 인천도 하락세를 보였다,9.39025,True
zk_00323,125,train,high,5,수도권에선 서울이 영 쩜 일 오 퍼센트를 기록하며 서른 아홉 주 연속 상승했고 경기와 인천도 오름세를 이어갔다,상승했고 경기와 인천은 하락세를 보였다,수도권에선 서울이 영 쩜 일 오 퍼센트를 기록하며 서른 아홉 주 연속 상승했고 경기와 인천은 하락세를 보였다,9.39025,True
zk_00324,125,train,low,2,검은 덩어리가 실제로 핵연료 파편으로 드러나면 사고 후 육 년 가까이 지나서 처음 발견한 것으로 폐로작업을 하는 과정에서 귀중한 자료가 된다,문제가 된다,검은 덩어리가 실제로 핵연료 파편으로 드러나면 사고 후 육 년 가까이 지나서 처음 발견한 것으로 폐로작업을 하는 과정에서 귀중한 문제가 된다,11.76525,True
zk_00324,125,train,mid,3,검은 덩어리가 실제로 핵연료 파편으로 드러나면 사고 후 육 년 가까이 지나서 처음 발견한 것으로 폐로작업을 하는 과정에서 귀중한 자료가 된다,쓸모없어 버린다,검은 덩어리가 실제로 핵연료 파편으로 드러나면 사고 후 육 년 가까이 지나서 처음 발견한 것으로 폐로작업을 하는 과정에서 쓸모없어 버린다,11.76525,False
zk_00324,125,train,high,5,검은 덩어리가 실제로 핵연료 파편으로 드러나면 사고 후 육 년 가까이 지나서 처음 발견한 것으로 폐로작업을 하는 과정에서 귀중한 자료가 된다,하는 과정에서 폐기되어 버린다,검은 덩어리가 실제로 핵연료 파편으로 드러나면 사고 후 육 년 가까이 지나서 처음 발견한 것으로 폐로작업을 하는 과정에서 폐기되어 버린다,11.76525,False
zk_00325,125,train,low,2,은행 대출처럼 복잡하지 않고 자동화기기에서 몇 차례 클릭만으로 현금을 손에 쥘 수 있다는 편리함 때문에 점점 이용 빈도가 잦아지고 한 차례 연체했다가 갚기도 했다,못 갚았다,은행 대출처럼 복잡하지 않고 자동화기기에서 몇 차례 클릭만으로 현금을 손에 쥘 수 있다는 편리함 때문에 점점 이용 빈도가 잦아지고 한 차례 연체했다가 못 갚았다,13.2405,True
zk_00325,125,train,mid,3,은행 대출처럼 복잡하지 않고 자동화기기에서 몇 차례 클릭만으로 현금을 손에 쥘 수 있다는 편리함 때문에 점점 이용 빈도가 잦아지고 한 차례 연체했다가 갚기도 했다,연체한 채 방치했다,은행 대출처럼 복잡하지 않고 자동화기기에서 몇 차례 클릭만으로 현금을 손에 쥘 수 있다는 편리함 때문에 점점 이용 빈도가 잦아지고 한 차례 연체한 채 방치했다,13.2405,True
zk_00325,125,train,high,5,은행 대출처럼 복잡하지 않고 자동화기기에서 몇 차례 클릭만으로 현금을 손에 쥘 수 있다는 편리함 때문에 점점 이용 빈도가 잦아지고 한 차례 연체했다가 갚기도 했다,한 차례 연체했다가 못 갚았다,은행 대출처럼 복잡하지 않고 자동화기기에서 몇 차례 클릭만으로 현금을 손에 쥘 수 있다는 편리함 때문에 점점 이용 빈도가 잦아지고 한 차례 연체했다가 못 갚았다,13.2405,True
zk_00326,125,train,low,2,정용욱 한국역사연구회장은 십 팔 일 교육부 측의 간담회 요청을 받고 불참하겠다고 했다,참석하겠다고 했다,정용욱 한국역사연구회장은 십 팔 일 교육부 측의 간담회 요청을 받고 참석하겠다고 했다,8.099125,True
zk_00326,125,train,mid,3,정용욱 한국역사연구회장은 십 팔 일 교육부 측의 간담회 요청을 받고 불참하겠다고 했다,받고 참석하겠다고 했다,정용욱 한국역사연구회장은 십 팔 일 교육부 측의 간담회 요청을 받고 참석하겠다고 했다,8.099125,True
zk_00326,125,train,high,5,정용욱 한국역사연구회장은 십 팔 일 교육부 측의 간담회 요청을 받고 불참하겠다고 했다,간담회 요청을 받고 참석하겠다고 했다,정용욱 한국역사연구회장은 십 팔 일 교육부 측의 간담회 요청을 받고 참석하겠다고 했다,8.099125,True
zk_00327,125,train,low,2,그는 성서 계시록에 기록된 매우 인상적인 환상을 받은 후에 경외심에 사로잡힌 나머지 환상을 보여 준 천사의 발 앞에 숭배하려고 엎드렸습니다,거부하고 일어났습니다,그는 성서 계시록에 기록된 매우 인상적인 환상을 받은 후에 경외심에 사로잡힌 나머지 환상을 보여 준 천사의 발 앞에 거부하고 일어났습니다,11.8625625,True
zk_00327,125,train,mid,3,그는 성서 계시록에 기록된 매우 인상적인 환상을 받은 후에 경외심에 사로잡힌 나머지 환상을 보여 준 천사의 발 앞에 숭배하려고 엎드렸습니다,앞에서 거부하였습니다,그는 성서 계시록에 기록된 매우 인상적인 환상을 받은 후에 경외심에 사로잡힌 나머지 환상을 보여 준 천사의 발 앞에서 거부하였습니다,11.8625625,False
zk_00327,125,train,high,5,그는 성서 계시록에 기록된 매우 인상적인 환상을 받은 후에 경외심에 사로잡힌 나머지 환상을 보여 준 천사의 발 앞에 숭배하려고 엎드렸습니다,천사의 발 앞에서 벌떡 일어섰습니다,그는 성서 계시록에 기록된 매우 인상적인 환상을 받은 후에 경외심에 사로잡힌 나머지 환상을 보여 준 천사의 발 앞에서 벌떡 일어섰습니다,11.8625625,True
zk_00328,125,train,low,2,평균속도 백 십 삼 쩜 사 키로미터 수준으로 주행하면 킨텍스 동탄 전체 구간을 삼십 육 분 만에 주파할 수 있다,없을 것이다,평균속도 백 십 삼 쩜 사 키로미터 수준으로 주행하면 킨텍스 동탄 전체 구간을 삼십 육 분 만에 주파할 없을 것이다,9.17975,True
zk_00328,125,train,mid,3,평균속도 백 십 삼 쩜 사 키로미터 수준으로 주행하면 킨텍스 동탄 전체 구간을 삼십 육 분 만에 주파할 수 있다,주파할 수 없다,평균속도 백 십 삼 쩜 사 키로미터 수준으로 주행하면 킨텍스 동탄 전체 구간을 삼십 육 분 만에 주파할 수 없다,9.17975,True
zk_00328,125,train,high,5,평균속도 백 십 삼 쩜 사 키로미터 수준으로 주행하면 킨텍스 동탄 전체 구간을 삼십 육 분 만에 주파할 수 있다,분 만에 주파할 수 없다,평균속도 백 십 삼 쩜 사 키로미터 수준으로 주행하면 킨텍스 동탄 전체 구간을 삼십 육 분 만에 주파할 수 없다,9.17975,True
zk_00329,125,train,low,2,중국이 판첸 라마가 사라진 지 이십 년 만에 그의 근황을 처음 언급했다고 로이터통신이 칠 일 보도했다,일 부인했다,중국이 판첸 라마가 사라진 지 이십 년 만에 그의 근황을 처음 언급했다고 로이터통신이 칠 일 부인했다,8.8421875,True
zk_00329,125,train,mid,3,중국이 판첸 라마가 사라진 지 이십 년 만에 그의 근황을 처음 언급했다고 로이터통신이 칠 일 보도했다,칠 일 은폐했다,중국이 판첸 라마가 사라진 지 이십 년 만에 그의 근황을 처음 언급했다고 로이터통신이 칠 일 은폐했다,8.8421875,True
zk_00329,125,train,high,5,중국이 판첸 라마가 사라진 지 이십 년 만에 그의 근황을 처음 언급했다고 로이터통신이 칠 일 보도했다,부인했다고 로이터통신이 칠 일 보도했다,중국이 판첸 라마가 사라진 지 이십 년 만에 그의 근황을 처음 부인했다고 로이터통신이 칠 일 보도했다,8.8421875,True
zk_00330,126,train,low,2,올해 가계소득과 소비 전망에 대해서도 부정적 의견이 우세했다,의견이 대립했다,올해 가계소득과 소비 전망에 대해서도 부정적 의견이 대립했다,7.159875,True
zk_00330,126,train,mid,3,올해 가계소득과 소비 전망에 대해서도 부정적 의견이 우세했다,긍정적 의견이 우세했다,올해 가계소득과 소비 전망에 대해서도 긍정적 의견이 우세했다,7.159875,True
zk_00330,126,train,high,5,올해 가계소득과 소비 전망에 대해서도 부정적 의견이 우세했다,전망에 대해서도 긍정적 의견이 대다수였다,올해 가계소득과 소비 전망에 대해서도 긍정적 의견이 대다수였다,7.159875,True
zk_00331,126,train,low,2,삼 분기에만 매출 일 조 이천 구백 십 구 억원 영업이익 육백 십 팔 억원을 올렸다,억원을 낮췄다,삼 분기에만 매출 일 조 이천 구백 십 구 억원 영업이익 육백 십 팔 억원을 낮췄다,8.5765,True
zk_00331,126,train,mid,3,삼 분기에만 매출 일 조 이천 구백 십 구 억원 영업이익 육백 십 팔 억원을 올렸다,팔 억원을 내렸다,삼 분기에만 매출 일 조 이천 구백 십 구 억원 영업이익 육백 십 팔 억원을 내렸다,8.5765,True
zk_00331,126,train,high,5,삼 분기에만 매출 일 조 이천 구백 십 구 억원 영업이익 육백 십 팔 억원을 올렸다,육백 십 팔 억원을 내렸다,삼 분기에만 매출 일 조 이천 구백 십 구 억원 영업이익 육백 십 팔 억원을 내렸다,8.5765,True
zk_00332,126,train,low,2,언제 이 뚜껑이 들끓어서 열릴까하는 게 시간문제였거든요,게 영원했거든요,언제 이 뚜껑이 들끓어서 열릴까하는 게 영원했거든요,6.83675,True
zk_00332,126,train,mid,3,언제 이 뚜껑이 들끓어서 열릴까하는 게 시간문제였거든요,닫힐까하는 게 시간문제였거든요,언제 이 뚜껑이 들끓어서 닫힐까하는 게 시간문제였거든요,6.83675,True
zk_00332,126,train,high,5,언제 이 뚜껑이 들끓어서 열릴까하는 게 시간문제였거든요,뚜껑이 꼭 닫혀서 열리지 않았거든요,언제 이 뚜껑이 꼭 닫혀서 열리지 않았거든요,6.83675,True
zk_00333,126,train,low,2,강아지가 용변을 보도록 유도하는 말을 가르칠 수도 있다,수도 없다,강아지가 용변을 보도록 유도하는 말을 가르칠 수도 없다,6.0380625,True
zk_00333,126,train,mid,3,강아지가 용변을 보도록 유도하는 말을 가르칠 수도 있다,배울 수도 없다,강아지가 용변을 보도록 유도하는 말을 배울 수도 없다,6.0380625,True
zk_00333,126,train,high,5,강아지가 용변을 보도록 유도하는 말을 가르칠 수도 있다,막는 말을 가르칠 수도 있다,강아지가 용변을 보도록 막는 말을 가르칠 수도 있다,6.0380625,True
zk_00334,126,train,low,2,트럼프 행정부가 북한에 대한 군사적 압박을 높이는 상황에서 이뤄진 인터뷰인 만큼 한 부상의 입에 관심이 쏠렸습니다,관심이 흩어졌습니다,트럼프 행정부가 북한에 대한 군사적 압박을 높이는 상황에서 이뤄진 인터뷰인 만큼 한 부상의 입에 관심이 흩어졌습니다,13.057375,True
zk_00334,126,train,mid,3,트럼프 행정부가 북한에 대한 군사적 압박을 높이는 상황에서 이뤄진 인터뷰인 만큼 한 부상의 입에 관심이 쏠렸습니다,손에 관심이 쏠렸습니다,트럼프 행정부가 북한에 대한 군사적 압박을 높이는 상황에서 이뤄진 인터뷰인 만큼 한 부상의 손에 관심이 쏠렸습니다,13.057375,True
zk_00334,126,train,high,5,트럼프 행정부가 북한에 대한 군사적 압박을 높이는 상황에서 이뤄진 인터뷰인 만큼 한 부상의 입에 관심이 쏠렸습니다,한 부상의 입에 관심이 없었습니다,트럼프 행정부가 북한에 대한 군사적 압박을 높이는 상황에서 이뤄진 인터뷰인 만큼 한 부상의 입에 관심이 없었습니다,13.057375,True
zk_00335,126,train,low,2,실제로 우두머리 수컷은 화가 나거나 흥분하면 코가 부풀어 오르면서 빨개집니다,내려가면서 파래집니다,실제로 우두머리 수컷은 화가 나거나 흥분하면 코가 부풀어 내려가면서 파래집니다,7.95475,True
zk_00335,126,train,mid,3,실제로 우두머리 수컷은 화가 나거나 흥분하면 코가 부풀어 오르면서 빨개집니다,쪼그라들면서 창백해집니다,실제로 우두머리 수컷은 화가 나거나 흥분하면 코가 쪼그라들면서 창백해집니다,7.95475,False
zk_00335,126,train,high,5,실제로 우두머리 수컷은 화가 나거나 흥분하면 코가 부풀어 오르면서 빨개집니다,흥분하면 코가 쭈그러지면서 창백해집니다,실제로 우두머리 수컷은 화가 나거나 흥분하면 코가 쭈그러지면서 창백해집니다,7.95475,False
zk_00336,126,train,low,2,폭발로 인한 연기는 공항 밖 주차장까지 퍼져나갔고 사람들은 놀라 뛰쳐나가기 바쁩니다,들어오기 바쁩니다,폭발로 인한 연기는 공항 밖 주차장까지 퍼져나갔고 사람들은 놀라 들어오기 바쁩니다,10.748625,True
zk_00336,126,train,mid,3,폭발로 인한 연기는 공항 밖 주차장까지 퍼져나갔고 사람들은 놀라 뛰쳐나가기 바쁩니다,천천히 걸어가기 바쁩니다,폭발로 인한 연기는 공항 밖 주차장까지 퍼져나갔고 사람들은 천천히 걸어가기 바쁩니다,10.748625,True
zk_00336,126,train,high,5,폭발로 인한 연기는 공항 밖 주차장까지 퍼져나갔고 사람들은 놀라 뛰쳐나가기 바쁩니다,퍼져나갔고 사람들은 침착히 자리를 지킵니다,폭발로 인한 연기는 공항 밖 주차장까지 퍼져나갔고 사람들은 침착히 자리를 지킵니다,10.748625,True
zk_00337,126,train,low,2,박씨의 인터뷰는 일본에서 니코니코 홈페이지를 통해 팔 월 사 일 오후 열 시에 방영된다,시에 방영되지,박씨의 인터뷰는 일본에서 니코니코 홈페이지를 통해 팔 월 사 일 오후 열 시에 방영되지,9.0165,True
zk_00337,126,train,mid,3,박씨의 인터뷰는 일본에서 니코니코 홈페이지를 통해 팔 월 사 일 오후 열 시에 방영된다,열 시에 재방송된다,박씨의 인터뷰는 일본에서 니코니코 홈페이지를 통해 팔 월 사 일 오후 열 시에 재방송된다,9.0165,True
zk_00337,126,train,high,5,박씨의 인터뷰는 일본에서 니코니코 홈페이지를 통해 팔 월 사 일 오후 열 시에 방영된다,일 오후 열 시에 폐지된다,박씨의 인터뷰는 일본에서 니코니코 홈페이지를 통해 팔 월 사 일 오후 열 시에 폐지된다,9.0165,True
zk_00338,126,train,low,2,그런데 어찌하여 그런 뜨거운 가슴을 지닌 사람이 개성공단 폐쇄나 사드 문제에 관해 그렇게 미온적인가,그렇게 적극적인가,그런데 어찌하여 그런 뜨거운 가슴을 지닌 사람이 개성공단 폐쇄나 사드 문제에 관해 그렇게 적극적인가,9.5418125,True
zk_00338,126,train,mid,3,그런데 어찌하여 그런 뜨거운 가슴을 지닌 사람이 개성공단 폐쇄나 사드 문제에 관해 그렇게 미온적인가,관해 그렇게 적극적인가,그런데 어찌하여 그런 뜨거운 가슴을 지닌 사람이 개성공단 폐쇄나 사드 문제에 관해 그렇게 적극적인가,9.5418125,True
zk_00338,126,train,high,5,그런데 어찌하여 그런 뜨거운 가슴을 지닌 사람이 개성공단 폐쇄나 사드 문제에 관해 그렇게 미온적인가,사드 문제에 관해 그렇게 적극적인가,그런데 어찌하여 그런 뜨거운 가슴을 지닌 사람이 개성공단 폐쇄나 사드 문제에 관해 그렇게 적극적인가,9.5418125,True
zk_00339,126,train,low,2,한국 무속의 경우에도 남쪽 지방과 북쪽 지방이 상당히 다르다,거의 같다,한국 무속의 경우에도 남쪽 지방과 북쪽 지방이 거의 같다,7.28575,True
zk_00339,126,train,mid,3,한국 무속의 경우에도 남쪽 지방과 북쪽 지방이 상당히 다르다,지방이 거의 같다,한국 무속의 경우에도 남쪽 지방과 북쪽 지방이 거의 같다,7.28575,True
zk_00339,126,train,high,5,한국 무속의 경우에도 남쪽 지방과 북쪽 지방이 상당히 다르다,지방과 북쪽 지방이 거의 같다,한국 무속의 경우에도 남쪽 지방과 북쪽 지방이 거의 같다,7.28575,True
zk_00340,128,train,low,2,한국인터넷진흥원은 아이핀 시스템을 전면 재구축하는 방안도 검토하기로 했다,무시하기로 했다,한국인터넷진흥원은 아이핀 시스템을 전면 재구축하는 방안도 무시하기로 했다,6.8479375,True
zk_00340,128,train,mid,3,한국인터넷진흥원은 아이핀 시스템을 전면 재구축하는 방안도 검토하기로 했다,방안도 거부하기로 했다,한국인터넷진흥원은 아이핀 시스템을 전면 재구축하는 방안도 거부하기로 했다,6.8479375,True
zk_00340,128,train,high,5,한국인터넷진흥원은 아이핀 시스템을 전면 재구축하는 방안도 검토하기로 했다,현 상태를 유지하기로 했다,한국인터넷진흥원은 아이핀 시스템을 현 상태를 유지하기로 했다,6.8479375,False
zk_00341,128,train,low,2,앞쪽에는 단상을 비롯해 대형 텔레비전이 덮개로 덮여있었다,노출되어 있었다,앞쪽에는 단상을 비롯해 대형 텔레비전이 노출되어 있었다,5.3380625,True
zk_00341,128,train,mid,3,앞쪽에는 단상을 비롯해 대형 텔레비전이 덮개로 덮여있었다,텔레비전이 드러나 있었다,앞쪽에는 단상을 비롯해 대형 텔레비전이 드러나 있었다,5.3380625,True
zk_00341,128,train,high,5,앞쪽에는 단상을 비롯해 대형 텔레비전이 덮개로 덮여있었다,비롯해 대형 텔레비전이 드러나 있었다,앞쪽에는 단상을 비롯해 대형 텔레비전이 드러나 있었다,5.3380625,True
zk_00342,128,train,low,2,재판부는 김씨에게 육체적 정신적 피로가 누적된 상태에서 심근경색이 발생한 것으로 보인다고 판단했다,보이지 않았다,재판부는 김씨에게 육체적 정신적 피로가 누적된 상태에서 심근경색이 발생한 것으로 보이지 않았다,8.37175,True
zk_00342,128,train,mid,3,재판부는 김씨에게 육체적 정신적 피로가 누적된 상태에서 심근경색이 발생한 것으로 보인다고 판단했다,것으로 보이지 않았다,재판부는 김씨에게 육체적 정신적 피로가 누적된 상태에서 심근경색이 발생한 것으로 보이지 않았다,8.37175,True
zk_00342,128,train,high,5,재판부는 김씨에게 육체적 정신적 피로가 누적된 상태에서 심근경색이 발생한 것으로 보인다고 판단했다,심근경색이 발생하지 않은 것으로 판단했다,재판부는 김씨에게 육체적 정신적 피로가 누적된 상태에서 심근경색이 발생하지 않은 것으로 판단했다,8.37175,True
zk_00343,128,train,low,2,그리고 제가 이 나라가 처한 문제들에 대해서 과연 그런 해법을 제시하고 그것을 실행할 의지나 능력이 있느냐,능력이 없느냐,그리고 제가 이 나라가 처한 문제들에 대해서 과연 그런 해법을 제시하고 그것을 실행할 의지나 능력이 없느냐,7.8309375,True
zk_00343,128,train,mid,3,그리고 제가 이 나라가 처한 문제들에 대해서 과연 그런 해법을 제시하고 그것을 실행할 의지나 능력이 있느냐,의지나 능력이 없느냐,그리고 제가 이 나라가 처한 문제들에 대해서 과연 그런 해법을 제시하고 그것을 실행할 의지나 능력이 없느냐,7.8309375,True
zk_00343,128,train,high,5,그리고 제가 이 나라가 처한 문제들에 대해서 과연 그런 해법을 제시하고 그것을 실행할 의지나 능력이 있느냐,그것을 포기할 생각만 하고 있다,그리고 제가 이 나라가 처한 문제들에 대해서 과연 그런 해법을 제시하고 그것을 포기할 생각만 하고 있다,7.8309375,True
zk_00344,128,train,low,2,그래도 답답한 마음에 하루에 몇 번씩 전화를 걸지만 닷새째 연결이 되지 않는다,잘 된다,그래도 답답한 마음에 하루에 몇 번씩 전화를 걸지만 닷새째 연결이 잘 된다,6.521125,True
zk_00344,128,train,mid,3,그래도 답답한 마음에 하루에 몇 번씩 전화를 걸지만 닷새째 연결이 되지 않는다,연결이 잘 된다,그래도 답답한 마음에 하루에 몇 번씩 전화를 걸지만 닷새째 연결이 잘 된다,6.521125,True
zk_00344,128,train,high,5,그래도 답답한 마음에 하루에 몇 번씩 전화를 걸지만 닷새째 연결이 되지 않는다,걸지만 닷새째 연결이 되고 있다,그래도 답답한 마음에 하루에 몇 번씩 전화를 걸지만 닷새째 연결이 되고 있다,6.521125,True
zk_00345,128,train,low,2,이천 칠 년 오천 다섯 개였던 미국 증권사는 이천 십 이 년 사천 이백 여든 아홉 개로 줄어 십 사 쩜 삼 퍼센트나 감소했습니다,크게 증가했습니다,이천 칠 년 오천 다섯 개였던 미국 증권사는 이천 십 이 년 사천 이백 여든 아홉 개로 줄어 십 사 쩜 삼 크게 증가했습니다,9.37825,True
zk_00345,128,train,mid,3,이천 칠 년 오천 다섯 개였던 미국 증권사는 이천 십 이 년 사천 이백 여든 아홉 개로 줄어 십 사 쩜 삼 퍼센트나 감소했습니다,삼 퍼센트나 증가했습니다,이천 칠 년 오천 다섯 개였던 미국 증권사는 이천 십 이 년 사천 이백 여든 아홉 개로 줄어 십 사 쩜 삼 퍼센트나 증가했습니다,9.37825,True
zk_00345,128,train,high,5,이천 칠 년 오천 다섯 개였던 미국 증권사는 이천 십 이 년 사천 이백 여든 아홉 개로 줄어 십 사 쩜 삼 퍼센트나 감소했습니다,사 쩜 삼 퍼센트나 증가했습니다,이천 칠 년 오천 다섯 개였던 미국 증권사는 이천 십 이 년 사천 이백 여든 아홉 개로 줄어 십 사 쩜 삼 퍼센트나 증가했습니다,9.37825,True
zk_00346,128,train,low,2,이십 대 국회에서 야당이 다수를 차지한 만큼 야당과의 협력관계를 구축하지 않으면 사실상 국정 운영이 불가능하기 때문이다,가능하기 때문이다,이십 대 국회에서 야당이 다수를 차지한 만큼 야당과의 협력관계를 구축하지 않으면 사실상 국정 운영이 가능하기 때문이다,9.1985,True
zk_00346,128,train,mid,3,이십 대 국회에서 야당이 다수를 차지한 만큼 야당과의 협력관계를 구축하지 않으면 사실상 국정 운영이 불가능하기 때문이다,운영이 가능하기 때문이다,이십 대 국회에서 야당이 다수를 차지한 만큼 야당과의 협력관계를 구축하지 않으면 사실상 국정 운영이 가능하기 때문이다,9.1985,True
zk_00346,128,train,high,5,이십 대 국회에서 야당이 다수를 차지한 만큼 야당과의 협력관계를 구축하지 않으면 사실상 국정 운영이 불가능하기 때문이다,실제로 국정 운영이 매우 효율적이다,이십 대 국회에서 야당이 다수를 차지한 만큼 야당과의 협력관계를 구축하지 않으면 실제로 국정 운영이 매우 효율적이다,9.1985,True
zk_00347,128,train,low,2,하지만 이같은 노동절 휴일수당은 여전히 많은 노동자에게 그림의 떡인 상황이다,아닌 상황이다,하지만 이같은 노동절 휴일수당은 여전히 많은 노동자에게 그림의 아닌 상황이다,6.9675,True
zk_00347,128,train,mid,3,하지만 이같은 노동절 휴일수당은 여전히 많은 노동자에게 그림의 떡인 상황이다,실현 가능한 상황이다,하지만 이같은 노동절 휴일수당은 여전히 많은 노동자에게 실현 가능한 상황이다,6.9675,True
zk_00347,128,train,high,5,하지만 이같은 노동절 휴일수당은 여전히 많은 노동자에게 그림의 떡인 상황이다,많은 노동자에게 실현 가능한 상황이다,하지만 이같은 노동절 휴일수당은 여전히 많은 노동자에게 실현 가능한 상황이다,6.9675,True
zk_00348,128,train,low,2,박씨는 일 때문에 전국을 돌아다니는데 캠핑카 때문에 더 이상 모텔에서 잘 필요가 없어졌다고 했다,생겼다고 했다,박씨는 일 때문에 전국을 돌아다니는데 캠핑카 때문에 더 이상 모텔에서 잘 필요가 생겼다고 했다,7.569,True
zk_00348,128,train,mid,3,박씨는 일 때문에 전국을 돌아다니는데 캠핑카 때문에 더 이상 모텔에서 잘 필요가 없어졌다고 했다,필요하다고 주장했다,박씨는 일 때문에 전국을 돌아다니는데 캠핑카 때문에 더 이상 모텔에서 잘 필요하다고 주장했다,7.569,False
zk_00348,128,train,high,5,박씨는 일 때문에 전국을 돌아다니는데 캠핑카 때문에 더 이상 모텔에서 잘 필요가 없어졌다고 했다,모텔에서 꼭 자야 한다고 했다,박씨는 일 때문에 전국을 돌아다니는데 캠핑카 때문에 더 이상 모텔에서 꼭 자야 한다고 했다,7.569,True
zk_00349,128,train,low,2,앞서 조사를 받은 박상진 삼성전자 대외협력담당 사장은 검찰조사에서 삼성이 정유라씨에게 거액을 후원한 데 대해 최순실씨 측 협박 때문이라고 진술한 것으로 알려졌다,것으로 밝혀졌다,앞서 조사를 받은 박상진 삼성전자 대외협력담당 사장은 검찰조사에서 삼성이 정유라씨에게 거액을 후원한 데 대해 최순실씨 측 협박 때문이라고 진술한 것으로 밝혀졌다,13.1609375,True
zk_00349,128,train,mid,3,앞서 조사를 받은 박상진 삼성전자 대외협력담당 사장은 검찰조사에서 삼성이 정유라씨에게 거액을 후원한 데 대해 최순실씨 측 협박 때문이라고 진술한 것으로 알려졌다,부인한 것으로 알려졌다,앞서 조사를 받은 박상진 삼성전자 대외협력담당 사장은 검찰조사에서 삼성이 정유라씨에게 거액을 후원한 데 대해 최순실씨 측 협박 때문이라고 부인한 것으로 알려졌다,13.1609375,True
zk_00349,128,train,high,5,앞서 조사를 받은 박상진 삼성전자 대외협력담당 사장은 검찰조사에서 삼성이 정유라씨에게 거액을 후원한 데 대해 최순실씨 측 협박 때문이라고 진술한 것으로 알려졌다,자발적 참여였다고 주장한 것으로 알려졌다,앞서 조사를 받은 박상진 삼성전자 대외협력담당 사장은 검찰조사에서 삼성이 정유라씨에게 거액을 후원한 데 대해 최순실씨 측 자발적 참여였다고 주장한 것으로 알려졌다,13.1609375,True
zk_00350,129,train,low,2,그밖의 자세한 사항은 중앙선거여론조사심의위원회 홈페이지를 참조하면 된다,무시하면 된다,그밖의 자세한 사항은 중앙선거여론조사심의위원회 홈페이지를 무시하면 된다,6.6525,True
zk_00350,129,train,mid,3,그밖의 자세한 사항은 중앙선거여론조사심의위원회 홈페이지를 참조하면 된다,홈페이지를 무시하면 된다,그밖의 자세한 사항은 중앙선거여론조사심의위원회 홈페이지를 무시하면 된다,6.6525,True
zk_00350,129,train,high,5,그밖의 자세한 사항은 중앙선거여론조사심의위원회 홈페이지를 참조하면 된다,사항은 공식 발표를 무시하면 된다,그밖의 자세한 사항은 공식 발표를 무시하면 된다,6.6525,True
zk_00351,129,train,low,2,제주로 오기 전 직업은 사무 관리직이 가장 많고 자영업 판매 서비스직 순이나 이주 후 직업은 자영업 판매 서비스직 일 차 산업 순으로 나타났다,나타나지 않았다,제주로 오기 전 직업은 사무 관리직이 가장 많고 자영업 판매 서비스직 순이나 이주 후 직업은 자영업 판매 서비스직 일 차 산업 나타나지 않았다,10.193625,True
zk_00351,129,train,mid,3,제주로 오기 전 직업은 사무 관리직이 가장 많고 자영업 판매 서비스직 순이나 이주 후 직업은 자영업 판매 서비스직 일 차 산업 순으로 나타났다,산업 간 차이났다,제주로 오기 전 직업은 사무 관리직이 가장 많고 자영업 판매 서비스직 순이나 이주 후 직업은 자영업 판매 서비스직 일 차 산업 간 차이났다,10.193625,True
zk_00351,129,train,high,5,제주로 오기 전 직업은 사무 관리직이 가장 많고 자영업 판매 서비스직 순이나 이주 후 직업은 자영업 판매 서비스직 일 차 산업 순으로 나타났다,이차 산업 순으로 나타났다,제주로 오기 전 직업은 사무 관리직이 가장 많고 자영업 판매 서비스직 순이나 이주 후 직업은 자영업 판매 서비스직 이차 산업 순으로 나타났다,10.193625,False
zk_00352,129,train,low,2,정씨는 이천 십 삼 년 이 월 공공비정규직 노조 지회 설립을 주도했다,설립을 반대했다,정씨는 이천 십 삼 년 이 월 공공비정규직 노조 지회 설립을 반대했다,9.381,True
zk_00352,129,train,mid,3,정씨는 이천 십 삼 년 이 월 공공비정규직 노조 지회 설립을 주도했다,지회 설립을 반대했다,정씨는 이천 십 삼 년 이 월 공공비정규직 노조 지회 설립을 반대했다,9.381,True
zk_00352,129,train,high,5,정씨는 이천 십 삼 년 이 월 공공비정규직 노조 지회 설립을 주도했다,공공비정규직 노조 지회 설립을 반대했다,정씨는 이천 십 삼 년 이 월 공공비정규직 노조 지회 설립을 반대했다,9.381,True
zk_00353,129,train,low,2,산업별로는 로비력이 막강한 재정 보험 부문에서 불평등이 심각했다,불평등이 없었다,산업별로는 로비력이 막강한 재정 보험 부문에서 불평등이 없었다,5.5265,True
zk_00353,129,train,mid,3,산업별로는 로비력이 막강한 재정 보험 부문에서 불평등이 심각했다,부문에서 공정성이 확보되었다,산업별로는 로비력이 막강한 재정 보험 부문에서 공정성이 확보되었다,5.5265,True
zk_00353,129,train,high,5,산업별로는 로비력이 막강한 재정 보험 부문에서 불평등이 심각했다,재정 보험 부문에서 공평성이 확보되었다,산업별로는 로비력이 막강한 재정 보험 부문에서 공평성이 확보되었다,5.5265,True
zk_00354,129,train,low,2,당신은 몸으로 하는 일에 대해 어떤 생각을 가지고 있습니까,버렸습니까,당신은 몸으로 하는 일에 대해 어떤 생각을 버렸습니까,5.0453125,False
zk_00354,129,train,mid,3,당신은 몸으로 하는 일에 대해 어떤 생각을 가지고 있습니까,생각을 바꾸고 있습니까,당신은 몸으로 하는 일에 대해 어떤 생각을 바꾸고 있습니까,5.0453125,True
zk_00354,129,train,high,5,당신은 몸으로 하는 일에 대해 어떤 생각을 가지고 있습니까,대해 어떤 우려를 가지고 있습니까,당신은 몸으로 하는 일에 대해 어떤 우려를 가지고 있습니까,5.0453125,True
zk_00355,129,train,low,2,최씨는 한 푼도 없어도 광역콜 대리운전 회사에 가면 일 만원을 충전해준다며 하루 일해서 갚으면서 돈을 벌 수 있는 게 대리기사라 설명했다,정황을 왜곡했다,최씨는 한 푼도 없어도 광역콜 대리운전 회사에 가면 일 만원을 충전해준다며 하루 일해서 갚으면서 돈을 벌 수 있는 게 정황을 왜곡했다,9.1309375,True
zk_00355,129,train,mid,3,최씨는 한 푼도 없어도 광역콜 대리운전 회사에 가면 일 만원을 충전해준다며 하루 일해서 갚으면서 돈을 벌 수 있는 게 대리기사라 설명했다,게 운전자라 부인했다,최씨는 한 푼도 없어도 광역콜 대리운전 회사에 가면 일 만원을 충전해준다며 하루 일해서 갚으면서 돈을 벌 수 있는 게 운전자라 부인했다,9.1309375,True
zk_00355,129,train,high,5,최씨는 한 푼도 없어도 광역콜 대리운전 회사에 가면 일 만원을 충전해준다며 하루 일해서 갚으면서 돈을 벌 수 있는 게 대리기사라 설명했다,수 없는 게 택시라 설명했다,최씨는 한 푼도 없어도 광역콜 대리운전 회사에 가면 일 만원을 충전해준다며 하루 일해서 갚으면서 돈을 벌 수 없는 게 택시라 설명했다,9.1309375,True
zk_00356,129,train,low,2,두 사람의 감정이 갈수록 격해지자 재판장인 김세윤 부장판사가 아직 더 남았어요,다 없어요,두 사람의 감정이 갈수록 격해지자 재판장인 김세윤 부장판사가 아직 다 없어요,6.8131875,True
zk_00356,129,train,mid,3,두 사람의 감정이 갈수록 격해지자 재판장인 김세윤 부장판사가 아직 더 남았어요,이제 다 끝났어요,두 사람의 감정이 갈수록 격해지자 재판장인 김세윤 부장판사가 이제 다 끝났어요,6.8131875,True
zk_00356,129,train,high,5,두 사람의 감정이 갈수록 격해지자 재판장인 김세윤 부장판사가 아직 더 남았어요,김세윤 부장판사가 이미 다 떠났어요,두 사람의 감정이 갈수록 격해지자 재판장인 김세윤 부장판사가 이미 다 떠났어요,6.8131875,True
zk_00357,129,train,low,2,합참의 예상이 맞다면 이번 발사는 올해 들어 여덟 번째 시험발사된 무수단 미사일이 된다,폐기 된다,합참의 예상이 맞다면 이번 발사는 올해 들어 여덟 번째 시험발사된 무수단 폐기 된다,6.2293125,True
zk_00357,129,train,mid,3,합참의 예상이 맞다면 이번 발사는 올해 들어 여덟 번째 시험발사된 무수단 미사일이 된다,일반 무기가 된다,합참의 예상이 맞다면 이번 발사는 올해 들어 여덟 번째 시험발사된 일반 무기가 된다,6.2293125,True
zk_00357,129,train,high,5,합참의 예상이 맞다면 이번 발사는 올해 들어 여덟 번째 시험발사된 무수단 미사일이 된다,번째 시험발사된 무수단 미사일이 아니다,합참의 예상이 맞다면 이번 발사는 올해 들어 여덟 번째 시험발사된 무수단 미사일이 아니다,6.2293125,True
zk_00358,129,train,low,2,신동주 쿠데타에는 일본의 신선호 사장뿐 아니라 한국의 신영자 롯데복지재단 이사장 신동인 롯데자이언츠 구단주 대행도 함께했다,대행도 빠졌다,신동주 쿠데타에는 일본의 신선호 사장뿐 아니라 한국의 신영자 롯데복지재단 이사장 신동인 롯데자이언츠 구단주 대행도 빠졌다,9.0045,True
zk_00358,129,train,mid,3,신동주 쿠데타에는 일본의 신선호 사장뿐 아니라 한국의 신영자 롯데복지재단 이사장 신동인 롯데자이언츠 구단주 대행도 함께했다,구단주 대행은 빠졌다,신동주 쿠데타에는 일본의 신선호 사장뿐 아니라 한국의 신영자 롯데복지재단 이사장 신동인 롯데자이언츠 구단주 대행은 빠졌다,9.0045,True
zk_00358,129,train,high,5,신동주 쿠데타에는 일본의 신선호 사장뿐 아니라 한국의 신영자 롯데복지재단 이사장 신동인 롯데자이언츠 구단주 대행도 함께했다,신동인 롯데자이언츠 구단주 대행은 빠졌다,신동주 쿠데타에는 일본의 신선호 사장뿐 아니라 한국의 신영자 롯데복지재단 이사장 신동인 롯데자이언츠 구단주 대행은 빠졌다,9.0045,True
zk_00359,129,train,low,2,본래 목적인 세금추징뿐만 아니라 정부의 부동산 정책에까지 반영될 정도로 다양한 곳에 부동산 통계자료 또는 지표로 활용되고 있습니다,활용되지 않습니다,본래 목적인 세금추징뿐만 아니라 정부의 부동산 정책에까지 반영될 정도로 다양한 곳에 부동산 통계자료 또는 지표로 활용되지 않습니다,9.6346875,True
zk_00359,129,train,mid,3,본래 목적인 세금추징뿐만 아니라 정부의 부동산 정책에까지 반영될 정도로 다양한 곳에 부동산 통계자료 또는 지표로 활용되고 있습니다,지표로 거부되고 있습니다,본래 목적인 세금추징뿐만 아니라 정부의 부동산 정책에까지 반영될 정도로 다양한 곳에 부동산 통계자료 또는 지표로 거부되고 있습니다,9.6346875,True
zk_00359,129,train,high,5,본래 목적인 세금추징뿐만 아니라 정부의 부동산 정책에까지 반영될 정도로 다양한 곳에 부동산 통계자료 또는 지표로 활용되고 있습니다,통계자료로 인정받지 못하고 있습니다,본래 목적인 세금추징뿐만 아니라 정부의 부동산 정책에까지 반영될 정도로 다양한 곳에 부동산 통계자료로 인정받지 못하고 있습니다,9.6346875,False
zk_00360,131,train,low,2,메탄은 천연가스의 주요 성분이며 온실 효과를 유발하는 매우 강력한 가스이다,약한 액체이다,메탄은 천연가스의 주요 성분이며 온실 효과를 유발하는 매우 약한 액체이다,6.4640625,True
zk_00360,131,train,mid,3,메탄은 천연가스의 주요 성분이며 온실 효과를 유발하는 매우 강력한 가스이다,매우 약한 가스이다,메탄은 천연가스의 주요 성분이며 온실 효과를 유발하는 매우 약한 가스이다,6.4640625,True
zk_00360,131,train,high,5,메탄은 천연가스의 주요 성분이며 온실 효과를 유발하는 매우 강력한 가스이다,효과를 유발하지 않는 약한 물질이다,메탄은 천연가스의 주요 성분이며 온실 효과를 유발하지 않는 약한 물질이다,6.4640625,True
zk_00361,131,train,low,2,이천 십 삼 년 기준으로 인구 커버율은 이십 퍼센트대다,구십 퍼센트대다,이천 십 삼 년 기준으로 인구 커버율은 구십 퍼센트대다,5.2693125,True
zk_00361,131,train,mid,3,이천 십 삼 년 기준으로 인구 커버율은 이십 퍼센트대다,커버율은 구십 퍼센트다,이천 십 삼 년 기준으로 인구 커버율은 구십 퍼센트다,5.2693125,True
zk_00361,131,train,high,5,이천 십 삼 년 기준으로 인구 커버율은 이십 퍼센트대다,기준으로 인구 커버율은 구십 퍼센트대다,이천 십 삼 년 기준으로 인구 커버율은 구십 퍼센트대다,5.2693125,True
zk_00362,131,train,low,2,그렇게 하면서 그는 또한 혁신적인 수공학 기술을 전격 도입하였습니다,점진 추진하였습니다,그렇게 하면서 그는 또한 혁신적인 수공학 기술을 점진 추진하였습니다,6.0294375,True
zk_00362,131,train,mid,3,그렇게 하면서 그는 또한 혁신적인 수공학 기술을 전격 도입하였습니다,기술을 거부하고 있습니다,그렇게 하면서 그는 또한 혁신적인 수공학 기술을 거부하고 있습니다,6.0294375,True
zk_00362,131,train,high,5,그렇게 하면서 그는 또한 혁신적인 수공학 기술을 전격 도입하였습니다,구식 수공학 기술을 계속 유지하였습니다,그렇게 하면서 그는 또한 구식 수공학 기술을 계속 유지하였습니다,6.0294375,True
zk_00363,131,train,low,2,할머니의 이웃들 중 상당수가 코코넛 목재로 오두막을 지었고 지붕은 말린 코코넛 잎으로 만들었지요,나무로 만들었지요,할머니의 이웃들 중 상당수가 코코넛 목재로 오두막을 지었고 지붕은 말린 코코넛 나무로 만들었지요,7.8551875,True
zk_00363,131,train,mid,3,할머니의 이웃들 중 상당수가 코코넛 목재로 오두막을 지었고 지붕은 말린 코코넛 잎으로 만들었지요,플라스틱으로 만들지 않았지요,할머니의 이웃들 중 상당수가 코코넛 목재로 오두막을 지었고 지붕은 말린 플라스틱으로 만들지 않았지요,7.8551875,True
zk_00363,131,train,high,5,할머니의 이웃들 중 상당수가 코코넛 목재로 오두막을 지었고 지붕은 말린 코코넛 잎으로 만들었지요,지붕은 콘크리트로 완전히 새로 지었지요,할머니의 이웃들 중 상당수가 코코넛 목재로 오두막을 지었고 지붕은 콘크리트로 완전히 새로 지었지요,7.8551875,True
zk_00364,131,train,low,2,사장은 석 달을 채우지 못했으니 돈을 줄 수 없다고 했다,있다고 했다,사장은 석 달을 채우지 못했으니 돈을 줄 수 있다고 했다,5.1260625,True
zk_00364,131,train,mid,3,사장은 석 달을 채우지 못했으니 돈을 줄 수 없다고 했다,할 수 있다고,사장은 석 달을 채우지 못했으니 돈을 줄 할 수 있다고,5.1260625,True
zk_00364,131,train,high,5,사장은 석 달을 채우지 못했으니 돈을 줄 수 없다고 했다,돈을 줄 수 있다고 했다,사장은 석 달을 채우지 못했으니 돈을 줄 수 있다고 했다,5.1260625,True
zk_00365,131,train,low,2,구 솔직히 삼십 에서 사십 대 분들에겐 화가 안 나요,잘 나요,구 솔직히 삼십 에서 사십 대 분들에겐 화가 잘 나요,5.079875,True
zk_00365,131,train,mid,3,구 솔직히 삼십 에서 사십 대 분들에겐 화가 안 나요,화가 많이 나요,구 솔직히 삼십 에서 사십 대 분들에겐 화가 많이 나요,5.079875,True
zk_00365,131,train,high,5,구 솔직히 삼십 에서 사십 대 분들에겐 화가 안 나요,대 분들에겐 화가 많이 나요,구 솔직히 삼십 에서 사십 대 분들에겐 화가 많이 나요,5.079875,True
zk_00366,131,train,low,2,한겨레신문 한겨레 이십 일 한겨레는 한국온라인신문협회의 디지털뉴스이용규칙에 따른 저작권을 행사합니다,저작권을 포기합니다,한겨레신문 한겨레 이십 일 한겨레는 한국온라인신문협회의 디지털뉴스이용규칙에 따른 저작권을 포기합니다,8.905875,True
zk_00366,131,train,mid,3,한겨레신문 한겨레 이십 일 한겨레는 한국온라인신문협회의 디지털뉴스이용규칙에 따른 저작권을 행사합니다,따른 저작권을 포기합니다,한겨레신문 한겨레 이십 일 한겨레는 한국온라인신문협회의 디지털뉴스이용규칙에 따른 저작권을 포기합니다,8.905875,True
zk_00366,131,train,high,5,한겨레신문 한겨레 이십 일 한겨레는 한국온라인신문협회의 디지털뉴스이용규칙에 따른 저작권을 행사합니다,한국온라인신문협회의 디지털뉴스이용규칙을 거부합니다,한겨레신문 한겨레 이십 일 한겨레는 한국온라인신문협회의 디지털뉴스이용규칙을 거부합니다,8.905875,False
zk_00367,131,train,low,2,한국갤럽은 십 사 일 이같은 내용의 사 월 두 주차 여론조사 결과를 발표했다,결과를 숨겼다,한국갤럽은 십 사 일 이같은 내용의 사 월 두 주차 여론조사 결과를 숨겼다,6.4209375,True
zk_00367,131,train,mid,3,한국갤럽은 십 사 일 이같은 내용의 사 월 두 주차 여론조사 결과를 발표했다,여론조사 결과를 숨겼다,한국갤럽은 십 사 일 이같은 내용의 사 월 두 주차 여론조사 결과를 숨겼다,6.4209375,True
zk_00367,131,train,high,5,한국갤럽은 십 사 일 이같은 내용의 사 월 두 주차 여론조사 결과를 발표했다,한 주차 여론조사 결과를 은폐했다,한국갤럽은 십 사 일 이같은 내용의 사 월 한 주차 여론조사 결과를 은폐했다,6.4209375,True
zk_00368,131,train,low,2,하지만 때때로 해로운 병균 때문에 몸에 이상을 느끼기도 합니다,느끼지 않습니다,하지만 때때로 해로운 병균 때문에 몸에 이상을 느끼지 않습니다,5.787875,True
zk_00368,131,train,mid,3,하지만 때때로 해로운 병균 때문에 몸에 이상을 느끼기도 합니다,자신감을 느끼곤 합니다,하지만 때때로 해로운 병균 때문에 몸에 자신감을 느끼곤 합니다,5.787875,True
zk_00368,131,train,high,5,하지만 때때로 해로운 병균 때문에 몸에 이상을 느끼기도 합니다,때문에 몸이 아주 건강해지기도 합니다,하지만 때때로 해로운 병균 때문에 몸이 아주 건강해지기도 합니다,5.787875,True
zk_00369,131,train,low,2,온라인에서는 옥시 불매운동 여론과 함께 대체품을 소개하는 글이 퍼지고 있습니다,모아지고 있습니다,온라인에서는 옥시 불매운동 여론과 함께 대체품을 소개하는 글이 모아지고 있습니다,6.87575,True
zk_00369,131,train,mid,3,온라인에서는 옥시 불매운동 여론과 함께 대체품을 소개하는 글이 퍼지고 있습니다,글이 막혀있는 중입니다,온라인에서는 옥시 불매운동 여론과 함께 대체품을 소개하는 글이 막혀있는 중입니다,6.87575,True
zk_00369,131,train,high,5,온라인에서는 옥시 불매운동 여론과 함께 대체품을 소개하는 글이 퍼지고 있습니다,대체품을 비판하는 글이 퍼지고 있습니다,온라인에서는 옥시 불매운동 여론과 함께 대체품을 비판하는 글이 퍼지고 있습니다,6.87575,True
zk_00370,132,train,low,2,대외변수에 실적 불안감까지 겹치면서 코스피 낙폭이 어느 정도 수준까지 이어질지 가늠하기도 어려운 상황이다,쉬운 상황이다,대외변수에 실적 불안감까지 겹치면서 코스피 낙폭이 어느 정도 수준까지 이어질지 가늠하기도 쉬운 상황이다,8.8818125,True
zk_00370,132,train,mid,3,대외변수에 실적 불안감까지 겹치면서 코스피 낙폭이 어느 정도 수준까지 이어질지 가늠하기도 어려운 상황이다,명백히 드러난다,대외변수에 실적 불안감까지 겹치면서 코스피 낙폭이 어느 정도 수준까지 이어질지 명백히 드러난다,8.8818125,False
zk_00370,132,train,high,5,대외변수에 실적 불안감까지 겹치면서 코스피 낙폭이 어느 정도 수준까지 이어질지 가늠하기도 어려운 상황이다,수준까지 이어질 가능성이 매우 높다,대외변수에 실적 불안감까지 겹치면서 코스피 낙폭이 어느 정도 수준까지 이어질 가능성이 매우 높다,8.8818125,True
zk_00371,132,train,low,2,유열씨는 일본 국적자로 분류되면서 군대를 가지 않았다,가지 말았다,유열씨는 일본 국적자로 분류되면서 군대를 가지 말았다,6.0781875,True
zk_00371,132,train,mid,3,유열씨는 일본 국적자로 분류되면서 군대를 가지 않았다,군대를 잘 다녀왔다,유열씨는 일본 국적자로 분류되면서 군대를 잘 다녀왔다,6.0781875,True
zk_00371,132,train,high,5,유열씨는 일본 국적자로 분류되면서 군대를 가지 않았다,국적자로 분류되면서 군대를 꼭 갔다,유열씨는 일본 국적자로 분류되면서 군대를 꼭 갔다,6.0781875,True
zk_00372,132,train,low,2,그리고 수사를 관련자를 마흔 여섯 명이나 불러서 조사를 했어요,조사를 안했어요,그리고 수사를 관련자를 마흔 여섯 명이나 불러서 조사를 안했어요,6.5608125,True
zk_00372,132,train,mid,3,그리고 수사를 관련자를 마흔 여섯 명이나 불러서 조사를 했어요,불러서 조사를 못했어요,그리고 수사를 관련자를 마흔 여섯 명이나 불러서 조사를 못했어요,6.5608125,True
zk_00372,132,train,high,5,그리고 수사를 관련자를 마흔 여섯 명이나 불러서 조사를 했어요,한 명만 불러서 조사를 했어요,그리고 수사를 관련자를 마흔 한 명만 불러서 조사를 했어요,6.5608125,True
zk_00373,132,train,low,2,이 미사일을 실은 잠수함이 새벽에 동해로 기습 출격했다 다시 돌아갔습니다,계속 남았습니다,이 미사일을 실은 잠수함이 새벽에 동해로 기습 출격했다 계속 남았습니다,7.282,True
zk_00373,132,train,mid,3,이 미사일을 실은 잠수함이 새벽에 동해로 기습 출격했다 다시 돌아갔습니다,출격하지 않고 남았습니다,이 미사일을 실은 잠수함이 새벽에 동해로 기습 출격하지 않고 남았습니다,7.282,True
zk_00373,132,train,high,5,이 미사일을 실은 잠수함이 새벽에 동해로 기습 출격했다 다시 돌아갔습니다,서해로 천천히 물러나 갔습니다,이 미사일을 실은 잠수함이 새벽에 서해로 천천히 물러나 갔습니다,7.282,False
zk_00374,132,train,low,2,시간이 흐를수록 피고인 박씨에게 불리한 재판부의 판결이 이어지자 법정 안에 방청객으로 앉아 있던 피고인 박씨의 가족들 사이에서 불만의 소리가 터져 나왔다,억눌려 있었다,시간이 흐를수록 피고인 박씨에게 불리한 재판부의 판결이 이어지자 법정 안에 방청객으로 앉아 있던 피고인 박씨의 가족들 사이에서 불만의 소리가 억눌려 있었다,11.993625,True
zk_00374,132,train,mid,3,시간이 흐를수록 피고인 박씨에게 불리한 재판부의 판결이 이어지자 법정 안에 방청객으로 앉아 있던 피고인 박씨의 가족들 사이에서 불만의 소리가 터져 나왔다,소리가 죽어 버렸다,시간이 흐를수록 피고인 박씨에게 불리한 재판부의 판결이 이어지자 법정 안에 방청객으로 앉아 있던 피고인 박씨의 가족들 사이에서 불만의 소리가 죽어 버렸다,11.993625,True
zk_00374,132,train,high,5,시간이 흐를수록 피고인 박씨에게 불리한 재판부의 판결이 이어지자 법정 안에 방청객으로 앉아 있던 피고인 박씨의 가족들 사이에서 불만의 소리가 터져 나왔다,사이에서 찬성의 목소리가 울려 퍼졌다,시간이 흐를수록 피고인 박씨에게 불리한 재판부의 판결이 이어지자 법정 안에 방청객으로 앉아 있던 피고인 박씨의 가족들 사이에서 찬성의 목소리가 울려 퍼졌다,11.993625,True
zk_00375,132,train,low,2,그러나 이번 작전 성공으로 그동안 실추된 명예를 어느 정도나마 회복한 셈이다,악화한 셈이다,그러나 이번 작전 성공으로 그동안 실추된 명예를 어느 정도나마 악화한 셈이다,7.087625,True
zk_00375,132,train,mid,3,그러나 이번 작전 성공으로 그동안 실추된 명예를 어느 정도나마 회복한 셈이다,더욱 악화되었다,그러나 이번 작전 성공으로 그동안 실추된 명예를 어느 더욱 악화되었다,7.087625,False
zk_00375,132,train,high,5,그러나 이번 작전 성공으로 그동안 실추된 명예를 어느 정도나마 회복한 셈이다,명예를 완전히 잃어버린 것 같다,그러나 이번 작전 성공으로 그동안 실추된 명예를 완전히 잃어버린 것 같다,7.087625,True
zk_00376,132,train,low,2,조사해봤지만 트럼프의 주장을 뒷받침할 만한 정보를 찾지 못했다는 것이다,했다는 것이다,조사해봤지만 트럼프의 주장을 뒷받침할 만한 정보를 찾지 했다는 것이다,7.0095,True
zk_00376,132,train,mid,3,조사해봤지만 트럼프의 주장을 뒷받침할 만한 정보를 찾지 못했다는 것이다,찾아낼 수 있다는 것이다,조사해봤지만 트럼프의 주장을 뒷받침할 만한 정보를 찾아낼 수 있다는 것이다,7.0095,False
zk_00376,132,train,high,5,조사해봤지만 트럼프의 주장을 뒷받침할 만한 정보를 찾지 못했다는 것이다,충분한 정보를 찾았다는 것이었다,조사해봤지만 트럼프의 주장을 뒷받침할 충분한 정보를 찾았다는 것이었다,7.0095,False
zk_00377,132,train,low,2,과거 이천 구 년 이천 십 삼 년 제도 변경때도 비슷한 패턴이 반복됐다,패턴이 깨졌다,과거 이천 구 년 이천 십 삼 년 제도 변경때도 비슷한 패턴이 깨졌다,6.828625,True
zk_00377,132,train,mid,3,과거 이천 구 년 이천 십 삼 년 제도 변경때도 비슷한 패턴이 반복됐다,다른 패턴이 나타났다,과거 이천 구 년 이천 십 삼 년 제도 변경때도 다른 패턴이 나타났다,6.828625,True
zk_00377,132,train,high,5,과거 이천 구 년 이천 십 삼 년 제도 변경때도 비슷한 패턴이 반복됐다,제도 변경때도 패턴이 달랐다,과거 이천 구 년 이천 십 삼 년 제도 변경때도 패턴이 달랐다,6.828625,False
zk_00378,132,train,low,2,이날 박경림 팀은 가장 극적인 상황 히든카드를 발동해 눈길을 끌었다,눈길을 피했다,이날 박경림 팀은 가장 극적인 상황 히든카드를 발동해 눈길을 피했다,6.705625,True
zk_00378,132,train,mid,3,이날 박경림 팀은 가장 극적인 상황 히든카드를 발동해 눈길을 끌었다,무산되어 관심을 잃었다,이날 박경림 팀은 가장 극적인 상황 히든카드를 무산되어 관심을 잃었다,6.705625,True
zk_00378,132,train,high,5,이날 박경림 팀은 가장 극적인 상황 히든카드를 발동해 눈길을 끌었다,상황 히든카드를 숨겨 주목을 피했다,이날 박경림 팀은 가장 극적인 상황 히든카드를 숨겨 주목을 피했다,6.705625,True
zk_00379,132,train,low,2,한국은행에 따르면 작년 말 현재 가계신용 잔액은 천 삼백 사십 사 조 삼천 억원으로 이 가운데 약 십 삼 퍼센트가 마이너스통장 등 대출로 추산된다,투자로 조성된다,한국은행에 따르면 작년 말 현재 가계신용 잔액은 천 삼백 사십 사 조 삼천 억원으로 이 가운데 약 십 삼 퍼센트가 마이너스통장 등 투자로 조성된다,13.31025,True
zk_00379,132,train,mid,3,한국은행에 따르면 작년 말 현재 가계신용 잔액은 천 삼백 사십 사 조 삼천 억원으로 이 가운데 약 십 삼 퍼센트가 마이너스통장 등 대출로 추산된다,등 대출로 확인된다,한국은행에 따르면 작년 말 현재 가계신용 잔액은 천 삼백 사십 사 조 삼천 억원으로 이 가운데 약 십 삼 퍼센트가 마이너스통장 등 대출로 확인된다,13.31025,True
zk_00379,132,train,high,5,한국은행에 따르면 작년 말 현재 가계신용 잔액은 천 삼백 사십 사 조 삼천 억원으로 이 가운데 약 십 삼 퍼센트가 마이너스통장 등 대출로 추산된다,퍼센트가 저축 등 자산으로 계산된다,한국은행에 따르면 작년 말 현재 가계신용 잔액은 천 삼백 사십 사 조 삼천 억원으로 이 가운데 약 십 삼 퍼센트가 저축 등 자산으로 계산된다,13.31025,True
zk_00380,135,train,low,2,지난해 삼 월 김 전 장관의 동료인 장동련 홍익대 교수가 민간 자문단장으로 위촉되면서 본격적인 공모와 개발 작업에 들어갔다,작업을 멈췄다,지난해 삼 월 김 전 장관의 동료인 장동련 홍익대 교수가 민간 자문단장으로 위촉되면서 본격적인 공모와 개발 작업을 멈췄다,12.7105625,True
zk_00380,135,train,mid,3,지난해 삼 월 김 전 장관의 동료인 장동련 홍익대 교수가 민간 자문단장으로 위촉되면서 본격적인 공모와 개발 작업에 들어갔다,개발 작업을 중단했다,지난해 삼 월 김 전 장관의 동료인 장동련 홍익대 교수가 민간 자문단장으로 위촉되면서 본격적인 공모와 개발 작업을 중단했다,12.7105625,True
zk_00380,135,train,high,5,지난해 삼 월 김 전 장관의 동료인 장동련 홍익대 교수가 민간 자문단장으로 위촉되면서 본격적인 공모와 개발 작업에 들어갔다,공모와 개발 작업을 완전히 중단했다,지난해 삼 월 김 전 장관의 동료인 장동련 홍익대 교수가 민간 자문단장으로 위촉되면서 공모와 개발 작업을 완전히 중단했다,12.7105625,True
zk_00381,135,train,low,2,또 미국 무기들이 세계에서 가장 우수하다는 점도 영향을 미쳤다,영향을 주지,또 미국 무기들이 세계에서 가장 우수하다는 점도 영향을 주지,6.482125,True
zk_00381,135,train,mid,3,또 미국 무기들이 세계에서 가장 우수하다는 점도 영향을 미쳤다,점도 영향을 주지않았다,또 미국 무기들이 세계에서 가장 우수하다는 점도 영향을 주지않았다,6.482125,True
zk_00381,135,train,high,5,또 미국 무기들이 세계에서 가장 우수하다는 점도 영향을 미쳤다,가장 열악하다는 점도 영향을 미쳤다,또 미국 무기들이 세계에서 가장 열악하다는 점도 영향을 미쳤다,6.482125,True
zk_00382,135,train,low,2,이와 같은 부유한 제조업자와 상인 그리고 농민 가운데서 초기 농업 기계를 발명한 사람들이 나타났습니다,사람들이 사라졌습니다,이와 같은 부유한 제조업자와 상인 그리고 농민 가운데서 초기 농업 기계를 발명한 사람들이 사라졌습니다,9.493,True
zk_00382,135,train,mid,3,이와 같은 부유한 제조업자와 상인 그리고 농민 가운데서 초기 농업 기계를 발명한 사람들이 나타났습니다,발명한 사람들이 사라졌습니다,이와 같은 부유한 제조업자와 상인 그리고 농민 가운데서 초기 농업 기계를 발명한 사람들이 사라졌습니다,9.493,True
zk_00382,135,train,high,5,이와 같은 부유한 제조업자와 상인 그리고 농민 가운데서 초기 농업 기계를 발명한 사람들이 나타났습니다,농업 기계를 발명하려 하지 않았습니다,이와 같은 부유한 제조업자와 상인 그리고 농민 가운데서 초기 농업 기계를 발명하려 하지 않았습니다,9.493,True
zk_00383,135,train,low,2,그래서 아직까지 중국어선 불법조업은 개선되지 않고 있고요,하고 있고요,그래서 아직까지 중국어선 불법조업은 개선되지 하고 있고요,6.307375,True
zk_00383,135,train,mid,3,그래서 아직까지 중국어선 불법조업은 개선되지 않고 있고요,계속 개선되고 있어요,그래서 아직까지 중국어선 불법조업은 계속 개선되고 있어요,6.307375,True
zk_00383,135,train,high,5,그래서 아직까지 중국어선 불법조업은 개선되지 않고 있고요,중국어선 불법조업이 계속 개선되고 있고요,그래서 아직까지 중국어선 불법조업이 계속 개선되고 있고요,6.307375,True
zk_00384,135,train,low,2,아마존은 상품 배송에 드론을 이용하겠다며 아마존 프라임에어 계획을 발표했다,계획을 철회했다,아마존은 상품 배송에 드론을 이용하겠다며 아마존 프라임에어 계획을 철회했다,7.337875,True
zk_00384,135,train,mid,3,아마존은 상품 배송에 드론을 이용하겠다며 아마존 프라임에어 계획을 발표했다,프라임에어 계획을 백지화했다,아마존은 상품 배송에 드론을 이용하겠다며 아마존 프라임에어 계획을 백지화했다,7.337875,True
zk_00384,135,train,high,5,아마존은 상품 배송에 드론을 이용하겠다며 아마존 프라임에어 계획을 발표했다,이용하지 않겠다며 프라임에어 계획을 취소했다,아마존은 상품 배송에 드론을 이용하지 않겠다며 프라임에어 계획을 취소했다,7.337875,True
zk_00385,135,train,low,2,담화문을 발표하는 동안 아랫입술을 질끈 무는 모습을 여러차례 보이기도 했다,보이지도 않았다,담화문을 발표하는 동안 아랫입술을 질끈 무는 모습을 여러차례 보이지도 않았다,9.2235,True
zk_00385,135,train,mid,3,담화문을 발표하는 동안 아랫입술을 질끈 무는 모습을 여러차례 보이기도 했다,한번도 보이지 않았다,담화문을 발표하는 동안 아랫입술을 질끈 무는 모습을 한번도 보이지 않았다,9.2235,True
zk_00385,135,train,high,5,담화문을 발표하는 동안 아랫입술을 질끈 무는 모습을 여러차례 보이기도 했다,무는 모습을 한번도 보이지 않았다,담화문을 발표하는 동안 아랫입술을 질끈 무는 모습을 한번도 보이지 않았다,9.2235,True
zk_00386,135,train,low,2,대중들은 문혁이 재연될 경우 어렵게 일궈 온 개혁개방의 경제 성과는 순식간에 사라지고 가난만 남을 뿐이라는데 의견을 같이 합니다,따로 합니다,대중들은 문혁이 재연될 경우 어렵게 일궈 온 개혁개방의 경제 성과는 순식간에 사라지고 가난만 남을 뿐이라는데 의견을 따로 합니다,11.8786875,True
zk_00386,135,train,mid,3,대중들은 문혁이 재연될 경우 어렵게 일궈 온 개혁개방의 경제 성과는 순식간에 사라지고 가난만 남을 뿐이라는데 의견을 같이 합니다,의견을 달리합니다,대중들은 문혁이 재연될 경우 어렵게 일궈 온 개혁개방의 경제 성과는 순식간에 사라지고 가난만 남을 뿐이라는데 의견을 달리합니다,11.8786875,False
zk_00386,135,train,high,5,대중들은 문혁이 재연될 경우 어렵게 일궈 온 개혁개방의 경제 성과는 순식간에 사라지고 가난만 남을 뿐이라는데 의견을 같이 합니다,남을 뿐이라는데 의견을 달리 합니다,대중들은 문혁이 재연될 경우 어렵게 일궈 온 개혁개방의 경제 성과는 순식간에 사라지고 가난만 남을 뿐이라는데 의견을 달리 합니다,11.8786875,True
zk_00387,135,train,low,2,그에 대해 알게 된 이후로는 의학에 대한 열정이 식기 시작했습니다,계속되고 있습니다,그에 대해 알게 된 이후로는 의학에 대한 열정이 계속되고 있습니다,6.4165,True
zk_00387,135,train,mid,3,그에 대해 알게 된 이후로는 의학에 대한 열정이 식기 시작했습니다,열정이 타오르기 시작했습니다,그에 대해 알게 된 이후로는 의학에 대한 열정이 타오르기 시작했습니다,6.4165,True
zk_00387,135,train,high,5,그에 대해 알게 된 이후로는 의학에 대한 열정이 식기 시작했습니다,의학에 대한 열정이 더욱 커졌습니다,그에 대해 알게 된 이후로는 의학에 대한 열정이 더욱 커졌습니다,6.4165,True
zk_00388,135,train,low,2,형제들 저희가 있습니다라며 피고인들에게 그래도 용기를 전하려는 지지자도 있었다,반대자도 있었다,형제들 저희가 있습니다라며 피고인들에게 그래도 용기를 전하려는 반대자도 있었다,7.7648125,True
zk_00388,135,train,mid,3,형제들 저희가 있습니다라며 피고인들에게 그래도 용기를 전하려는 지지자도 있었다,반대하는 지지자도 있었다,형제들 저희가 있습니다라며 피고인들에게 그래도 용기를 반대하는 지지자도 있었다,7.7648125,True
zk_00388,135,train,high,5,형제들 저희가 있습니다라며 피고인들에게 그래도 용기를 전하려는 지지자도 있었다,그래도 비판을 제기하는 사람도 있었다,형제들 저희가 있습니다라며 피고인들에게 그래도 비판을 제기하는 사람도 있었다,7.7648125,True
zk_00389,135,train,low,2,최소한 집은 자녀에게 물려줘야 한다는 생각도 생활고를 겪는 노인들이 주택 자산을 팔지 못하는 이유다,잘하는 이유다,최소한 집은 자녀에게 물려줘야 한다는 생각도 생활고를 겪는 노인들이 주택 자산을 팔지 잘하는 이유다,9.157875,True
zk_00389,135,train,mid,3,최소한 집은 자녀에게 물려줘야 한다는 생각도 생활고를 겪는 노인들이 주택 자산을 팔지 못하는 이유다,팔리고 있는 이유다,최소한 집은 자녀에게 물려줘야 한다는 생각도 생활고를 겪는 노인들이 주택 자산을 팔리고 있는 이유다,9.157875,True
zk_00389,135,train,high,5,최소한 집은 자녀에게 물려줘야 한다는 생각도 생활고를 겪는 노인들이 주택 자산을 팔지 못하는 이유다,주택 자산을 사려는 주요 이유다,최소한 집은 자녀에게 물려줘야 한다는 생각도 생활고를 겪는 노인들이 주택 자산을 사려는 주요 이유다,9.157875,True
zk_00390,137,train,low,2,그런데 지금 미국은 중국보고 하라고 했는데 하지 않으면 우리가 하겠다 이러고 있는데요,못하고 있는데요,그런데 지금 미국은 중국보고 하라고 했는데 하지 않으면 우리가 하겠다 못하고 있는데요,7.4950625,True
zk_00390,137,train,mid,3,그런데 지금 미국은 중국보고 하라고 했는데 하지 않으면 우리가 하겠다 이러고 있는데요,못하겠다 이러고 있는데요,그런데 지금 미국은 중국보고 하라고 했는데 하지 않으면 우리가 못하겠다 이러고 있는데요,7.4950625,True
zk_00390,137,train,high,5,그런데 지금 미국은 중국보고 하라고 했는데 하지 않으면 우리가 하겠다 이러고 있는데요,하면 우리가 말릴 수밖에 없는데요,그런데 지금 미국은 중국보고 하라고 했는데 하지 하면 우리가 말릴 수밖에 없는데요,7.4950625,True
zk_00391,137,train,low,2,연골이 퇴화되고 마모되면서 연골과 붙어 있는 뼈가 받는 압력이 증가한다고 그들은 생각합니다,그들은 잊습니다,연골이 퇴화되고 마모되면서 연골과 붙어 있는 뼈가 받는 압력이 증가한다고 그들은 잊습니다,8.2286875,True
zk_00391,137,train,mid,3,연골이 퇴화되고 마모되면서 연골과 붙어 있는 뼈가 받는 압력이 증가한다고 그들은 생각합니다,감소한다고 그들은 생각합니다,연골이 퇴화되고 마모되면서 연골과 붙어 있는 뼈가 받는 압력이 감소한다고 그들은 생각합니다,8.2286875,True
zk_00391,137,train,high,5,연골이 퇴화되고 마모되면서 연골과 붙어 있는 뼈가 받는 압력이 증가한다고 그들은 생각합니다,주는 압력이 감소한다고 그들은 생각합니다,연골이 퇴화되고 마모되면서 연골과 붙어 있는 뼈가 주는 압력이 감소한다고 그들은 생각합니다,8.2286875,True
zk_00392,137,train,low,2,이들 작품은 그의 인생을 바꿨고 오늘의 그를 있게 했다,못하게 했다,이들 작품은 그의 인생을 바꿨고 오늘의 그를 못하게 했다,6.4795,True
zk_00392,137,train,mid,3,이들 작품은 그의 인생을 바꿨고 오늘의 그를 있게 했다,그를 없게 했다,이들 작품은 그의 인생을 바꿨고 오늘의 그를 없게 했다,6.4795,True
zk_00392,137,train,high,5,이들 작품은 그의 인생을 바꿨고 오늘의 그를 있게 했다,바꿨고 오늘의 그를 완전히 망쳤다,이들 작품은 그의 인생을 바꿨고 오늘의 그를 완전히 망쳤다,6.4795,True
zk_00393,137,train,low,2,이분들 정신 못 차리고 다 그렇게 면책성 발언하고 책임회피하면,침묵하고 책임지면,이분들 정신 못 차리고 다 그렇게 면책성 침묵하고 책임지면,6.965625,True
zk_00393,137,train,mid,3,이분들 정신 못 차리고 다 그렇게 면책성 발언하고 책임회피하면,책임지고 솔직하게 하면,이분들 정신 못 차리고 다 그렇게 책임지고 솔직하게 하면,6.965625,True
zk_00393,137,train,high,5,이분들 정신 못 차리고 다 그렇게 면책성 발언하고 책임회피하면,책임지고 솔직하게 대답해야 한다,이분들 정신 못 차리고 책임지고 솔직하게 대답해야 한다,6.965625,False
zk_00394,137,train,low,2,기후가 더 좋은 그곳에서 대학교를 다니고 운동과 관련된 분야에서 일을 할 생각이었습니다,하지 못했습니다,기후가 더 좋은 그곳에서 대학교를 다니고 운동과 관련된 분야에서 일을 하지 못했습니다,7.746,True
zk_00394,137,train,mid,3,기후가 더 좋은 그곳에서 대학교를 다니고 운동과 관련된 분야에서 일을 할 생각이었습니다,일을 피할 생각이었습니다,기후가 더 좋은 그곳에서 대학교를 다니고 운동과 관련된 분야에서 일을 피할 생각이었습니다,7.746,True
zk_00394,137,train,high,5,기후가 더 좋은 그곳에서 대학교를 다니고 운동과 관련된 분야에서 일을 할 생각이었습니다,관련된 분야를 피하려고 했습니다,기후가 더 좋은 그곳에서 대학교를 다니고 운동과 관련된 분야를 피하려고 했습니다,7.746,False
zk_00395,137,train,low,2,십 일 이십 사 일 홍콩행은 비행시간이 왕복 일곱 시간으로 여느 단거리보다 길어 승무원 사이에서 힘들다고 소문나 있다,알려지지 않다,십 일 이십 사 일 홍콩행은 비행시간이 왕복 일곱 시간으로 여느 단거리보다 길어 승무원 사이에서 힘들다고 알려지지 않다,11.525,True
zk_00395,137,train,mid,3,십 일 이십 사 일 홍콩행은 비행시간이 왕복 일곱 시간으로 여느 단거리보다 길어 승무원 사이에서 힘들다고 소문나 있다,쉽다고 소문나 있다,십 일 이십 사 일 홍콩행은 비행시간이 왕복 일곱 시간으로 여느 단거리보다 길어 승무원 사이에서 쉽다고 소문나 있다,11.525,True
zk_00395,137,train,high,5,십 일 이십 사 일 홍콩행은 비행시간이 왕복 일곱 시간으로 여느 단거리보다 길어 승무원 사이에서 힘들다고 소문나 있다,승무원 사이에서 쉽다고 소문나 있다,십 일 이십 사 일 홍콩행은 비행시간이 왕복 일곱 시간으로 여느 단거리보다 길어 승무원 사이에서 쉽다고 소문나 있다,11.525,True
zk_00396,137,train,low,2,회수대상은 이천 십 육 년 시 월 일 일 에서 이천 십 육 년 십 일 월 십 구 일 내로 유통기한이 표시된 제품들이다,숨겨진 제품들이다,회수대상은 이천 십 육 년 시 월 일 일 에서 이천 십 육 년 십 일 월 십 구 일 내로 유통기한이 숨겨진 제품들이다,10.2233125,True
zk_00396,137,train,mid,3,회수대상은 이천 십 육 년 시 월 일 일 에서 이천 십 육 년 십 일 월 십 구 일 내로 유통기한이 표시된 제품들이다,유통기한이 미표시된 제품들이다,회수대상은 이천 십 육 년 시 월 일 일 에서 이천 십 육 년 십 일 월 십 구 일 내로 유통기한이 미표시된 제품들이다,10.2233125,True
zk_00396,137,train,high,5,회수대상은 이천 십 육 년 시 월 일 일 에서 이천 십 육 년 십 일 월 십 구 일 내로 유통기한이 표시된 제품들이다,년 이상 유통기한이 없는 제품들이다,회수대상은 이천 십 육 년 시 월 일 일 에서 이천 십 육 년 십 일 월 십 구 년 이상 유통기한이 없는 제품들이다,10.2233125,True
zk_00397,137,train,low,2,가을에 단풍이 드는 것은 나무들이 겨울맞이를 준비하는 과정의 일부입니다,과정을 벗어납니다,가을에 단풍이 드는 것은 나무들이 겨울맞이를 준비하는 과정을 벗어납니다,6.955875,True
zk_00397,137,train,mid,3,가을에 단풍이 드는 것은 나무들이 겨울맞이를 준비하는 과정의 일부입니다,완료한 단계입니다,가을에 단풍이 드는 것은 나무들이 겨울맞이를 완료한 단계입니다,6.955875,False
zk_00397,137,train,high,5,가을에 단풍이 드는 것은 나무들이 겨울맞이를 준비하는 과정의 일부입니다,나무들이 봄맞이를 준비하는 과정이 아닙니다,가을에 단풍이 드는 것은 나무들이 봄맞이를 준비하는 과정이 아닙니다,6.955875,True
zk_00398,137,train,low,2,땅콩보트 운영업체와 모터보트 운전자는 운영허가와 운전면허는 갖춘 것으로 확인됐다,것으로 의심된다,땅콩보트 운영업체와 모터보트 운전자는 운영허가와 운전면허는 갖춘 것으로 의심된다,9.552375,True
zk_00398,137,train,mid,3,땅콩보트 운영업체와 모터보트 운전자는 운영허가와 운전면허는 갖춘 것으로 확인됐다,갖추지 못했다고 확인됐다,땅콩보트 운영업체와 모터보트 운전자는 운영허가와 운전면허는 갖추지 못했다고 확인됐다,9.552375,True
zk_00398,137,train,high,5,땅콩보트 운영업체와 모터보트 운전자는 운영허가와 운전면허는 갖춘 것으로 확인됐다,운영허가와 운전면허는 없는 것으로 확인됐다,땅콩보트 운영업체와 모터보트 운전자는 운영허가와 운전면허는 없는 것으로 확인됐다,9.552375,True
zk_00399,137,train,low,2,안 의원의 선진화법 개정 찬성 주장으로 현재 정국 이슈로 부상한 선진화법 논의에 변화가 뒤따를지 주목된다,예상되지 않는다,안 의원의 선진화법 개정 찬성 주장으로 현재 정국 이슈로 부상한 선진화법 논의에 변화가 예상되지 않는다,11.667875,True
zk_00399,137,train,mid,3,안 의원의 선진화법 개정 찬성 주장으로 현재 정국 이슈로 부상한 선진화법 논의에 변화가 뒤따를지 주목된다,변화가 일어나지 않을것이다,안 의원의 선진화법 개정 찬성 주장으로 현재 정국 이슈로 부상한 선진화법 논의에 변화가 일어나지 않을것이다,11.667875,True
zk_00399,137,train,high,5,안 의원의 선진화법 개정 찬성 주장으로 현재 정국 이슈로 부상한 선진화법 논의에 변화가 뒤따를지 주목된다,선진화법 논의는 계속 교착될 것이다,안 의원의 선진화법 개정 찬성 주장으로 현재 정국 이슈로 부상한 선진화법 논의는 계속 교착될 것이다,11.667875,True
zk_00400,139,train,low,2,김수현 전북 전주 덕진동 수박을 고를 때 두드려보거나 꼭지 상태를 보고 구매를 했는데요,구매를 안했는데요,김수현 전북 전주 덕진동 수박을 고를 때 두드려보거나 꼭지 상태를 보고 구매를 안했는데요,8.529,True
zk_00400,139,train,mid,3,김수현 전북 전주 덕진동 수박을 고를 때 두드려보거나 꼭지 상태를 보고 구매를 했는데요,보고 구매를 거절했는데요,김수현 전북 전주 덕진동 수박을 고를 때 두드려보거나 꼭지 상태를 보고 구매를 거절했는데요,8.529,True
zk_00400,139,train,high,5,김수현 전북 전주 덕진동 수박을 고를 때 두드려보거나 꼭지 상태를 보고 구매를 했는데요,꼭지 상태를 보지 않고 구매했는데요,김수현 전북 전주 덕진동 수박을 고를 때 두드려보거나 꼭지 상태를 보지 않고 구매했는데요,8.529,True
zk_00401,139,train,low,2,그러한 야밤의 심문은 거의 일년 동안이나 정기적으로 계속되었습니다,간헐적으로 중단되었습니다,그러한 야밤의 심문은 거의 일년 동안이나 간헐적으로 중단되었습니다,6.441625,True
zk_00401,139,train,mid,3,그러한 야밤의 심문은 거의 일년 동안이나 정기적으로 계속되었습니다,즉시 중단되었습니다,그러한 야밤의 심문은 거의 일년 즉시 중단되었습니다,6.441625,False
zk_00401,139,train,high,5,그러한 야밤의 심문은 거의 일년 동안이나 정기적으로 계속되었습니다,단 며칠 동안만 불규칙적으로 진행되었습니다,그러한 야밤의 심문은 단 며칠 동안만 불규칙적으로 진행되었습니다,6.441625,True
zk_00402,139,train,low,2,입법조사처는 정부가 창조경제의 구체적인 개념을 제시하는 것이 중요하다고 평가했다,부정적으로 평가했다,입법조사처는 정부가 창조경제의 구체적인 개념을 제시하는 것이 부정적으로 평가했다,7.7053125,True
zk_00402,139,train,mid,3,입법조사처는 정부가 창조경제의 구체적인 개념을 제시하는 것이 중요하다고 평가했다,것이 불필요하다고 지적했다,입법조사처는 정부가 창조경제의 구체적인 개념을 제시하는 것이 불필요하다고 지적했다,7.7053125,True
zk_00402,139,train,high,5,입법조사처는 정부가 창조경제의 구체적인 개념을 제시하는 것이 중요하다고 평가했다,개념을 제시하는 것이 불필요하다고 지적했다,입법조사처는 정부가 창조경제의 구체적인 개념을 제시하는 것이 불필요하다고 지적했다,7.7053125,True
zk_00403,139,train,low,2,그런데 일반적으로 전쟁 포로들을 노예로 사용하였습니다,자유롭게 하였습니다,그런데 일반적으로 전쟁 포로들을 자유롭게 하였습니다,5.4625625,True
zk_00403,139,train,mid,3,그런데 일반적으로 전쟁 포로들을 노예로 사용하였습니다,포로들을 즉시 해방했습니다,그런데 일반적으로 전쟁 포로들을 즉시 해방했습니다,5.4625625,True
zk_00403,139,train,high,5,그런데 일반적으로 전쟁 포로들을 노예로 사용하였습니다,전쟁 포로들을 우대하여 보상했습니다,그런데 전쟁 포로들을 우대하여 보상했습니다,5.4625625,False
zk_00404,139,train,low,2,그래도 답답한 마음에 하루에 몇 번씩 전화를 걸지만 닷새째 연결이 되지 않는다,될 것이다,그래도 답답한 마음에 하루에 몇 번씩 전화를 걸지만 닷새째 연결이 될 것이다,8.4304375,True
zk_00404,139,train,mid,3,그래도 답답한 마음에 하루에 몇 번씩 전화를 걸지만 닷새째 연결이 되지 않는다,연결이 잘 작동한다,그래도 답답한 마음에 하루에 몇 번씩 전화를 걸지만 닷새째 연결이 잘 작동한다,8.4304375,True
zk_00404,139,train,high,5,그래도 답답한 마음에 하루에 몇 번씩 전화를 걸지만 닷새째 연결이 되지 않는다,걸지만 닷새째 연결이 잘 된다,그래도 답답한 마음에 하루에 몇 번씩 전화를 걸지만 닷새째 연결이 잘 된다,8.4304375,True
zk_00405,139,train,low,2,동료들끼리 돌아가면서 한 달에 한 두 차례씩 토요일에 쉬었을 뿐이었다,쉬지 않았다,동료들끼리 돌아가면서 한 달에 한 두 차례씩 토요일에 쉬지 않았다,6.61575,True
zk_00405,139,train,mid,3,동료들끼리 돌아가면서 한 달에 한 두 차례씩 토요일에 쉬었을 뿐이었다,토요일에 일했을 뿐이었다,동료들끼리 돌아가면서 한 달에 한 두 차례씩 토요일에 일했을 뿐이었다,6.61575,True
zk_00405,139,train,high,5,동료들끼리 돌아가면서 한 달에 한 두 차례씩 토요일에 쉬었을 뿐이었다,매주 토요일에 쉬지 않았을 뿐이었다,동료들끼리 돌아가면서 한 달에 한 매주 토요일에 쉬지 않았을 뿐이었다,6.61575,True
zk_00406,139,train,low,2,별로 무겁지도 않은 짐을 들어주겠다며 실랑이 하는 사람,안 하는 사람,별로 무겁지도 않은 짐을 들어주겠다며 실랑이 안 하는 사람,5.3645,False
zk_00406,139,train,mid,3,별로 무겁지도 않은 짐을 들어주겠다며 실랑이 하는 사람,합의를 거부하는 사람,별로 무겁지도 않은 짐을 들어주겠다며 합의를 거부하는 사람,5.3645,True
zk_00406,139,train,high,5,별로 무겁지도 않은 짐을 들어주겠다며 실랑이 하는 사람,짐을 들지 말라며 말리는 사람,별로 무겁지도 않은 짐을 들지 말라며 말리는 사람,5.3645,True
zk_00407,139,train,low,2,해당 인사를 파면하라는 목소리가 커지고 있지만 정작 교육부 내부기류는 미온적이어서 징계 여부와 수위가 주목된다,수위가 우려된다,해당 인사를 파면하라는 목소리가 커지고 있지만 정작 교육부 내부기류는 미온적이어서 징계 여부와 수위가 우려된다,10.101375,True
zk_00407,139,train,mid,3,해당 인사를 파면하라는 목소리가 커지고 있지만 정작 교육부 내부기류는 미온적이어서 징계 여부와 수위가 주목된다,여부와 수위가 무시된다,해당 인사를 파면하라는 목소리가 커지고 있지만 정작 교육부 내부기류는 미온적이어서 징계 여부와 수위가 무시된다,10.101375,True
zk_00407,139,train,high,5,해당 인사를 파면하라는 목소리가 커지고 있지만 정작 교육부 내부기류는 미온적이어서 징계 여부와 수위가 주목된다,강력해서 징계 여부와 수위가 결정된다,해당 인사를 파면하라는 목소리가 커지고 있지만 정작 교육부 내부기류는 강력해서 징계 여부와 수위가 결정된다,10.101375,True
zk_00408,139,train,low,2,하지만 병원 문 닫으면 이 환자들이 갈 곳이 없지 않느냐고 되물었다,긍정해 버렸다,하지만 병원 문 닫으면 이 환자들이 갈 곳이 없지 긍정해 버렸다,6.5018125,True
zk_00408,139,train,mid,3,하지만 병원 문 닫으면 이 환자들이 갈 곳이 없지 않느냐고 되물었다,있다고 단언했다,하지만 병원 문 닫으면 이 환자들이 갈 곳이 있다고 단언했다,6.5018125,False
zk_00408,139,train,high,5,하지만 병원 문 닫으면 이 환자들이 갈 곳이 없지 않느냐고 되물었다,갈 곳이 많지 않냐고 말했다,하지만 병원 문 닫으면 이 환자들이 갈 곳이 많지 않냐고 말했다,6.5018125,True
zk_00409,139,train,low,2,교육부 관계자는 이영 차관이 해임을 포함해 조치를 논의하겠다고 밝혔고 그 후 진전된 내용은 없다고 했다,있다고 했다,교육부 관계자는 이영 차관이 해임을 포함해 조치를 논의하겠다고 밝혔고 그 후 진전된 내용은 있다고 했다,9.10475,True
zk_00409,139,train,mid,3,교육부 관계자는 이영 차관이 해임을 포함해 조치를 논의하겠다고 밝혔고 그 후 진전된 내용은 없다고 했다,내용이 많다고 했다,교육부 관계자는 이영 차관이 해임을 포함해 조치를 논의하겠다고 밝혔고 그 후 진전된 내용이 많다고 했다,9.10475,True
zk_00409,139,train,high,5,교육부 관계자는 이영 차관이 해임을 포함해 조치를 논의하겠다고 밝혔고 그 후 진전된 내용은 없다고 했다,후 진전된 내용이 많다고 했다,교육부 관계자는 이영 차관이 해임을 포함해 조치를 논의하겠다고 밝혔고 그 후 진전된 내용이 많다고 했다,9.10475,True
zk_00410,142,train,low,2,이 과정에서 아파트 명의 문제 등으로 말다툼이 벌어졌고 감정이 격해진 송씨가 공구를 침대에 펼쳐놓고 흉기를 아내 가슴에 들이대며 죽여버린다고 협박했다,살려준다고 약속했다,이 과정에서 아파트 명의 문제 등으로 말다툼이 벌어졌고 감정이 격해진 송씨가 공구를 침대에 펼쳐놓고 흉기를 아내 가슴에 들이대며 살려준다고 약속했다,12.187875,True
zk_00410,142,train,mid,3,이 과정에서 아파트 명의 문제 등으로 말다툼이 벌어졌고 감정이 격해진 송씨가 공구를 침대에 펼쳐놓고 흉기를 아내 가슴에 들이대며 죽여버린다고 협박했다,살려주겠다고 약속했다,이 과정에서 아파트 명의 문제 등으로 말다툼이 벌어졌고 감정이 격해진 송씨가 공구를 침대에 펼쳐놓고 흉기를 아내 가슴에 살려주겠다고 약속했다,12.187875,False
zk_00410,142,train,high,5,이 과정에서 아파트 명의 문제 등으로 말다툼이 벌어졌고 감정이 격해진 송씨가 공구를 침대에 펼쳐놓고 흉기를 아내 가슴에 들이대며 죽여버린다고 협박했다,아내 가슴에 들이대며 살려주겠다고 약속했다,이 과정에서 아파트 명의 문제 등으로 말다툼이 벌어졌고 감정이 격해진 송씨가 공구를 침대에 펼쳐놓고 흉기를 아내 가슴에 들이대며 살려주겠다고 약속했다,12.187875,True
zk_00411,142,train,low,2,그러면 동네 아주머니가 창문 밖으로 고개를 내밀어 안드레아를 부르고는 날이 무뎌진 칼 몇 개를 들고 옵니다,두고 옵니다,그러면 동네 아주머니가 창문 밖으로 고개를 내밀어 안드레아를 부르고는 날이 무뎌진 칼 몇 개를 두고 옵니다,8.7528125,True
zk_00411,142,train,mid,3,그러면 동네 아주머니가 창문 밖으로 고개를 내밀어 안드레아를 부르고는 날이 무뎌진 칼 몇 개를 들고 옵니다,개를 두고 옵니다,그러면 동네 아주머니가 창문 밖으로 고개를 내밀어 안드레아를 부르고는 날이 무뎌진 칼 몇 개를 두고 옵니다,8.7528125,True
zk_00411,142,train,high,5,그러면 동네 아주머니가 창문 밖으로 고개를 내밀어 안드레아를 부르고는 날이 무뎌진 칼 몇 개를 들고 옵니다,칼 몇 개를 놔두고 옵니다,그러면 동네 아주머니가 창문 밖으로 고개를 내밀어 안드레아를 부르고는 날이 무뎌진 칼 몇 개를 놔두고 옵니다,8.7528125,True
zk_00412,142,train,low,2,하지만 그 사이 병원비로 쌓인 빚이 천 오백 만원이었다,십억 원이었다,하지만 그 사이 병원비로 쌓인 빚이 천 십억 원이었다,5.0530625,True
zk_00412,142,train,mid,3,하지만 그 사이 병원비로 쌓인 빚이 천 오백 만원이었다,천 원도 아니었다,하지만 그 사이 병원비로 쌓인 빚이 천 원도 아니었다,5.0530625,True
zk_00412,142,train,high,5,하지만 그 사이 병원비로 쌓인 빚이 천 오백 만원이었다,남은 돈이 천 오백 만원이었다,하지만 그 사이 병원비로 남은 돈이 천 오백 만원이었다,5.0530625,True
zk_00413,142,train,low,2,이 돈은 자살로 처리된 군인에게만 지급하는 항목이기 때문에 무조건 지급할 수 없다는 말입니다,있다는 말입니다,이 돈은 자살로 처리된 군인에게만 지급하는 항목이기 때문에 무조건 지급할 수 있다는 말입니다,8.306375,True
zk_00413,142,train,mid,3,이 돈은 자살로 처리된 군인에게만 지급하는 항목이기 때문에 무조건 지급할 수 없다는 말입니다,있을 수 있다는 말입니다,이 돈은 자살로 처리된 군인에게만 지급하는 항목이기 때문에 무조건 지급할 있을 수 있다는 말입니다,8.306375,False
zk_00413,142,train,high,5,이 돈은 자살로 처리된 군인에게만 지급하는 항목이기 때문에 무조건 지급할 수 없다는 말입니다,충분히 지급할 수 있다는 말입니다,이 돈은 자살로 처리된 군인에게만 지급하는 항목이기 때문에 충분히 지급할 수 있다는 말입니다,8.306375,True
zk_00414,142,train,low,2,이화여대 총학생회와 서른 개 단과대 학과 학생회 회견을 열어 역사 교과서 국정화 전환은 하나의 역사관만을 올바르다고 강제하는 시대 역행적 시도라고 주장했다,거부했다고 주장했다,이화여대 총학생회와 서른 개 단과대 학과 학생회 회견을 열어 역사 교과서 국정화 전환은 하나의 역사관만을 올바르다고 강제하는 시대 역행적 거부했다고 주장했다,12.0541875,True
zk_00414,142,train,mid,3,이화여대 총학생회와 서른 개 단과대 학과 학생회 회견을 열어 역사 교과서 국정화 전환은 하나의 역사관만을 올바르다고 강제하는 시대 역행적 시도라고 주장했다,진보적 시도라고 평가했다,이화여대 총학생회와 서른 개 단과대 학과 학생회 회견을 열어 역사 교과서 국정화 전환은 하나의 역사관만을 올바르다고 강제하는 시대 진보적 시도라고 평가했다,12.0541875,True
zk_00414,142,train,high,5,이화여대 총학생회와 서른 개 단과대 학과 학생회 회견을 열어 역사 교과서 국정화 전환은 하나의 역사관만을 올바르다고 강제하는 시대 역행적 시도라고 주장했다,시대에 부응하는 진보적 노력이라고 평가했다,이화여대 총학생회와 서른 개 단과대 학과 학생회 회견을 열어 역사 교과서 국정화 전환은 하나의 역사관만을 올바르다고 시대에 부응하는 진보적 노력이라고 평가했다,12.0541875,True
zk_00415,142,train,low,2,또한 우리는 부활이요 생명이신 예수께서 기념 무덤에 있는 모든 사람을 되돌아오게 할 것이라는 자신의 약속과 일치하게 행동하실 것임을 온전히 확신합니다,전혀 의심합니다,또한 우리는 부활이요 생명이신 예수께서 기념 무덤에 있는 모든 사람을 되돌아오게 할 것이라는 자신의 약속과 일치하게 행동하실 것임을 전혀 의심합니다,10.6581875,True
zk_00415,142,train,mid,3,또한 우리는 부활이요 생명이신 예수께서 기념 무덤에 있는 모든 사람을 되돌아오게 할 것이라는 자신의 약속과 일치하게 행동하실 것임을 온전히 확신합니다,것임을 전혀 의심합니다,또한 우리는 부활이요 생명이신 예수께서 기념 무덤에 있는 모든 사람을 되돌아오게 할 것이라는 자신의 약속과 일치하게 행동하실 것임을 전혀 의심합니다,10.6581875,True
zk_00415,142,train,high,5,또한 우리는 부활이요 생명이신 예수께서 기념 무덤에 있는 모든 사람을 되돌아오게 할 것이라는 자신의 약속과 일치하게 행동하실 것임을 온전히 확신합니다,일치하지 않을 것임을 깊이 우려합니다,또한 우리는 부활이요 생명이신 예수께서 기념 무덤에 있는 모든 사람을 되돌아오게 할 것이라는 자신의 약속과 일치하지 않을 것임을 깊이 우려합니다,10.6581875,True
zk_00416,142,train,low,2,많은 사람이 있었는데 노무현 대통령 자신이 조지 부시 대통령과 여러 차례 회담했습니다,차례 회담하지못했습니다,많은 사람이 있었는데 노무현 대통령 자신이 조지 부시 대통령과 여러 차례 회담하지못했습니다,7.181,True
zk_00416,142,train,mid,3,많은 사람이 있었는데 노무현 대통령 자신이 조지 부시 대통령과 여러 차례 회담했습니다,한 번도 못했습니다,많은 사람이 있었는데 노무현 대통령 자신이 조지 부시 대통령과 한 번도 못했습니다,7.181,True
zk_00416,142,train,high,5,많은 사람이 있었는데 노무현 대통령 자신이 조지 부시 대통령과 여러 차례 회담했습니다,부시 대통령과 회담하지 않았습니다,많은 사람이 있었는데 노무현 대통령 자신이 조지 부시 대통령과 회담하지 않았습니다,7.181,False
zk_00417,142,train,low,2,이들은 해임됐고 받은 금액의 세 배에 해당하는 징계부과금을 물어야 할 처지라고 한다,형편이라고 한다,이들은 해임됐고 받은 금액의 세 배에 해당하는 징계부과금을 물어야 할 형편이라고 한다,6.419,True
zk_00417,142,train,mid,3,이들은 해임됐고 받은 금액의 세 배에 해당하는 징계부과금을 물어야 할 처지라고 한다,할 수 없단다,이들은 해임됐고 받은 금액의 세 배에 해당하는 징계부과금을 물어야 할 수 없단다,6.419,True
zk_00417,142,train,high,5,이들은 해임됐고 받은 금액의 세 배에 해당하는 징계부과금을 물어야 할 처지라고 한다,징계부과금을 받을 자격이 있다고 한다,이들은 해임됐고 받은 금액의 세 배에 해당하는 징계부과금을 받을 자격이 있다고 한다,6.419,True
zk_00418,142,train,low,2,모든 아이들을 같은 방식으로 대하는 것은 그들을 불평등하게 대하는 것이다,피하는 것이다,모든 아이들을 같은 방식으로 대하는 것은 그들을 불평등하게 피하는 것이다,6.1995,True
zk_00418,142,train,mid,3,모든 아이들을 같은 방식으로 대하는 것은 그들을 불평등하게 대하는 것이다,공평하게 대하는 것이다,모든 아이들을 같은 방식으로 대하는 것은 그들을 공평하게 대하는 것이다,6.1995,True
zk_00418,142,train,high,5,모든 아이들을 같은 방식으로 대하는 것은 그들을 불평등하게 대하는 것이다,것은 그들을 공평하게 대하는 것이다,모든 아이들을 같은 방식으로 대하는 것은 그들을 공평하게 대하는 것이다,6.1995,True
zk_00419,142,train,low,2,배우 나영희 윤유선 코미디언 이성미 등도 비통함을 금치 못했다,막아 냈다,배우 나영희 윤유선 코미디언 이성미 등도 비통함을 막아 냈다,5.9510625,True
zk_00419,142,train,mid,3,배우 나영희 윤유선 코미디언 이성미 등도 비통함을 금치 못했다,기쁨을 드러냈다,배우 나영희 윤유선 코미디언 이성미 등도 기쁨을 드러냈다,5.9510625,False
zk_00419,142,train,high,5,배우 나영희 윤유선 코미디언 이성미 등도 비통함을 금치 못했다,이성미 등은 오히려 만족해했다,배우 나영희 윤유선 코미디언 이성미 등은 오히려 만족해했다,5.9510625,False
zk_00420,143,train,low,2,공식 순방기간은 육 일부터 구 일까지였지만 이 후보자 부부는 이보다 앞선 사 일 함께 출국해 부인은 칠 일 이 후보자는 구 일 각각 귀국했다,각각 출국했다,공식 순방기간은 육 일부터 구 일까지였지만 이 후보자 부부는 이보다 앞선 사 일 함께 출국해 부인은 칠 일 이 후보자는 구 일 각각 출국했다,11.8093125,True
zk_00420,143,train,mid,3,공식 순방기간은 육 일부터 구 일까지였지만 이 후보자 부부는 이보다 앞선 사 일 함께 출국해 부인은 칠 일 이 후보자는 구 일 각각 귀국했다,일 각각 출국했다,공식 순방기간은 육 일부터 구 일까지였지만 이 후보자 부부는 이보다 앞선 사 일 함께 출국해 부인은 칠 일 이 후보자는 구 일 각각 출국했다,11.8093125,True
zk_00420,143,train,high,5,공식 순방기간은 육 일부터 구 일까지였지만 이 후보자 부부는 이보다 앞선 사 일 함께 출국해 부인은 칠 일 이 후보자는 구 일 각각 귀국했다,후보자는 구 일 함께 출국했다,공식 순방기간은 육 일부터 구 일까지였지만 이 후보자 부부는 이보다 앞선 사 일 함께 출국해 부인은 칠 일 이 후보자는 구 일 함께 출국했다,11.8093125,True
zk_00421,143,train,low,2,그에 더해 예수께서는 우리가 요청한다면 하느님께서 우주에서 가장 강력한 힘인 그분의 성령을 주실 것이라고 말씀하셨습니다,것이라고 부정하셨습니다,그에 더해 예수께서는 우리가 요청한다면 하느님께서 우주에서 가장 강력한 힘인 그분의 성령을 주실 것이라고 부정하셨습니다,11.0218125,True
zk_00421,143,train,mid,3,그에 더해 예수께서는 우리가 요청한다면 하느님께서 우주에서 가장 강력한 힘인 그분의 성령을 주실 것이라고 말씀하셨습니다,주지 않으실 것입니다,그에 더해 예수께서는 우리가 요청한다면 하느님께서 우주에서 가장 강력한 힘인 그분의 성령을 주지 않으실 것입니다,11.0218125,True
zk_00421,143,train,high,5,그에 더해 예수께서는 우리가 요청한다면 하느님께서 우주에서 가장 강력한 힘인 그분의 성령을 주실 것이라고 말씀하셨습니다,그분의 성령을 거두실 것이라고 말씀하셨습니다,그에 더해 예수께서는 우리가 요청한다면 하느님께서 우주에서 가장 강력한 힘인 그분의 성령을 거두실 것이라고 말씀하셨습니다,11.0218125,True
zk_00422,143,train,low,2,이로 인해 경주 대구는 진도 육 부산 울산 창원에선 진도 오 의 흔들림이 발생했다,안정성이 유지됐다,이로 인해 경주 대구는 진도 육 부산 울산 창원에선 진도 오 의 안정성이 유지됐다,6.8811875,True
zk_00422,143,train,mid,3,이로 인해 경주 대구는 진도 육 부산 울산 창원에선 진도 오 의 흔들림이 발생했다,의 안정성이 확보되었다,이로 인해 경주 대구는 진도 육 부산 울산 창원에선 진도 오 의 안정성이 확보되었다,6.8811875,True
zk_00422,143,train,high,5,이로 인해 경주 대구는 진도 육 부산 울산 창원에선 진도 오 의 흔들림이 발생했다,진도 오 의 흔들림이 없었다,이로 인해 경주 대구는 진도 육 부산 울산 창원에선 진도 오 의 흔들림이 없었다,6.8811875,True
zk_00423,143,train,low,2,그러니까 노무현 정부 이후에 이명박 정부 박근혜 정부 들어오면서 완전히 수시 위주로 대입제도가 바뀌었다 이렇게 말씀드리는 거고요,묻고 싶거든요,그러니까 노무현 정부 이후에 이명박 정부 박근혜 정부 들어오면서 완전히 수시 위주로 대입제도가 바뀌었다 이렇게 묻고 싶거든요,10.2181875,True
zk_00423,143,train,mid,3,그러니까 노무현 정부 이후에 이명박 정부 박근혜 정부 들어오면서 완전히 수시 위주로 대입제도가 바뀌었다 이렇게 말씀드리는 거고요,그렇게 말씀드리지 않겠습니다,그러니까 노무현 정부 이후에 이명박 정부 박근혜 정부 들어오면서 완전히 수시 위주로 대입제도가 바뀌었다 그렇게 말씀드리지 않겠습니다,10.2181875,True
zk_00423,143,train,high,5,그러니까 노무현 정부 이후에 이명박 정부 박근혜 정부 들어오면서 완전히 수시 위주로 대입제도가 바뀌었다 이렇게 말씀드리는 거고요,대입제도가 유지되었다 이렇게 말씀드리는 거고요,그러니까 노무현 정부 이후에 이명박 정부 박근혜 정부 들어오면서 완전히 수시 위주로 대입제도가 유지되었다 이렇게 말씀드리는 거고요,10.2181875,True
zk_00424,143,train,low,2,그리고 세대주가 사망이나 퇴직으로 긴급한 생활자금이 필요하다 이런 분들은 만기 일시 상환대출이 허용된다 이렇게 보시면 되겠습니다,피하셔야 합니다,그리고 세대주가 사망이나 퇴직으로 긴급한 생활자금이 필요하다 이런 분들은 만기 일시 상환대출이 허용된다 이렇게 피하셔야 합니다,10.4138125,True
zk_00424,143,train,mid,3,그리고 세대주가 사망이나 퇴직으로 긴급한 생활자금이 필요하다 이런 분들은 만기 일시 상환대출이 허용된다 이렇게 보시면 되겠습니다,이렇게 보면 안됩니다,그리고 세대주가 사망이나 퇴직으로 긴급한 생활자금이 필요하다 이런 분들은 만기 일시 상환대출이 허용된다 이렇게 보면 안됩니다,10.4138125,True
zk_00424,143,train,high,5,그리고 세대주가 사망이나 퇴직으로 긴급한 생활자금이 필요하다 이런 분들은 만기 일시 상환대출이 허용된다 이렇게 보시면 되겠습니다,상환대출이 금지된다 이렇게 보시면 되겠습니다,그리고 세대주가 사망이나 퇴직으로 긴급한 생활자금이 필요하다 이런 분들은 만기 일시 상환대출이 금지된다 이렇게 보시면 되겠습니다,10.4138125,True
zk_00425,143,train,low,2,박 대통령이 향후 각각의 사안에 대해 반박하고 감성적으로 억울함을 호소할 경우 보수층의 마음이 움직일 수도 있다는 분석이 나온다,분석이 없다,박 대통령이 향후 각각의 사안에 대해 반박하고 감성적으로 억울함을 호소할 경우 보수층의 마음이 움직일 수도 있다는 분석이 없다,10.423,True
zk_00425,143,train,mid,3,박 대통령이 향후 각각의 사안에 대해 반박하고 감성적으로 억울함을 호소할 경우 보수층의 마음이 움직일 수도 있다는 분석이 나온다,없다는 분석이 나온다,박 대통령이 향후 각각의 사안에 대해 반박하고 감성적으로 억울함을 호소할 경우 보수층의 마음이 움직일 수도 없다는 분석이 나온다,10.423,True
zk_00425,143,train,high,5,박 대통령이 향후 각각의 사안에 대해 반박하고 감성적으로 억울함을 호소할 경우 보수층의 마음이 움직일 수도 있다는 분석이 나온다,움직일 수 없다는 분석이 나온다,박 대통령이 향후 각각의 사안에 대해 반박하고 감성적으로 억울함을 호소할 경우 보수층의 마음이 움직일 수 없다는 분석이 나온다,10.423,True
zk_00426,143,train,low,2,실제로 우두머리 수컷은 화가 나거나 흥분하면 코가 부풀어 오르면서 빨개집니다,내려가면서 파래집니다,실제로 우두머리 수컷은 화가 나거나 흥분하면 코가 부풀어 내려가면서 파래집니다,6.6326875,True
zk_00426,143,train,mid,3,실제로 우두머리 수컷은 화가 나거나 흥분하면 코가 부풀어 오르면서 빨개집니다,쪼그라들면서 하얘집니다,실제로 우두머리 수컷은 화가 나거나 흥분하면 코가 쪼그라들면서 하얘집니다,6.6326875,False
zk_00426,143,train,high,5,실제로 우두머리 수컷은 화가 나거나 흥분하면 코가 부풀어 오르면서 빨개집니다,흥분하면 코가 쭉 내려갑니다,실제로 우두머리 수컷은 화가 나거나 흥분하면 코가 쭉 내려갑니다,6.6326875,False
zk_00427,143,train,low,2,해당 인사를 파면하라는 목소리가 커지고 있지만 정작 교육부 내부기류는 미온적이어서 징계 여부와 수위가 주목된다,수위가 우려된다,해당 인사를 파면하라는 목소리가 커지고 있지만 정작 교육부 내부기류는 미온적이어서 징계 여부와 수위가 우려된다,9.3353125,True
zk_00427,143,train,mid,3,해당 인사를 파면하라는 목소리가 커지고 있지만 정작 교육부 내부기류는 미온적이어서 징계 여부와 수위가 주목된다,여부와 수위가 무시된다,해당 인사를 파면하라는 목소리가 커지고 있지만 정작 교육부 내부기류는 미온적이어서 징계 여부와 수위가 무시된다,9.3353125,True
zk_00427,143,train,high,5,해당 인사를 파면하라는 목소리가 커지고 있지만 정작 교육부 내부기류는 미온적이어서 징계 여부와 수위가 주목된다,강력해서 징계가 불가피할 것으로 보인다,해당 인사를 파면하라는 목소리가 커지고 있지만 정작 교육부 내부기류는 강력해서 징계가 불가피할 것으로 보인다,9.3353125,True
zk_00428,143,train,low,2,희망을 나누고 대안을 전파하는 이들의 이야기를 머니투데이와 생명보험사회공헌재단이 함께 전한다,따로 전한다,희망을 나누고 대안을 전파하는 이들의 이야기를 머니투데이와 생명보험사회공헌재단이 따로 전한다,8.85,True
zk_00428,143,train,mid,3,희망을 나누고 대안을 전파하는 이들의 이야기를 머니투데이와 생명보험사회공헌재단이 함께 전한다,생명보험사회공헌재단이 숨긴다,희망을 나누고 대안을 전파하는 이들의 이야기를 머니투데이와 생명보험사회공헌재단이 숨긴다,8.85,False
zk_00428,143,train,high,5,희망을 나누고 대안을 전파하는 이들의 이야기를 머니투데이와 생명보험사회공헌재단이 함께 전한다,이야기를 머니투데이가 독점적으로 전한다,희망을 나누고 대안을 전파하는 이들의 이야기를 머니투데이가 독점적으로 전한다,8.85,False
zk_00429,143,train,low,2,소비자 입장에선 멀지 않은 곳에 다른 쇼핑 몰들도 많은데 이런 고액의 주차료를 내가며 롯데월드몰을 찾을 이유를 찾기는 쉽지 않다,매우 쉽다,소비자 입장에선 멀지 않은 곳에 다른 쇼핑 몰들도 많은데 이런 고액의 주차료를 내가며 롯데월드몰을 찾을 이유를 찾기는 매우 쉽다,9.9056875,True
zk_00429,143,train,mid,3,소비자 입장에선 멀지 않은 곳에 다른 쇼핑 몰들도 많은데 이런 고액의 주차료를 내가며 롯데월드몰을 찾을 이유를 찾기는 쉽지 않다,찾기는 매우 쉽다,소비자 입장에선 멀지 않은 곳에 다른 쇼핑 몰들도 많은데 이런 고액의 주차료를 내가며 롯데월드몰을 찾을 이유를 찾기는 매우 쉽다,9.9056875,True
zk_00429,143,train,high,5,소비자 입장에선 멀지 않은 곳에 다른 쇼핑 몰들도 많은데 이런 고액의 주차료를 내가며 롯데월드몰을 찾을 이유를 찾기는 쉽지 않다,찾을 이유는 충분히 많다,소비자 입장에선 멀지 않은 곳에 다른 쇼핑 몰들도 많은데 이런 고액의 주차료를 내가며 롯데월드몰을 찾을 이유는 충분히 많다,9.9056875,False
zk_00430,144,train,low,2,수백 대 일 로 치솟은 청약 경쟁률이나 삼 쩜 삼 제곱미터에 사천 만원이 넘은 분양가는 경기흐름과 어울리지 않는다,잘 어울린다,수백 대 일 로 치솟은 청약 경쟁률이나 삼 쩜 삼 제곱미터에 사천 만원이 넘은 분양가는 경기흐름과 잘 어울린다,9.733625,True
zk_00430,144,train,mid,3,수백 대 일 로 치솟은 청약 경쟁률이나 삼 쩜 삼 제곱미터에 사천 만원이 넘은 분양가는 경기흐름과 어울리지 않는다,경기흐름과 잘 어울린다,수백 대 일 로 치솟은 청약 경쟁률이나 삼 쩜 삼 제곱미터에 사천 만원이 넘은 분양가는 경기흐름과 잘 어울린다,9.733625,True
zk_00430,144,train,high,5,수백 대 일 로 치솟은 청약 경쟁률이나 삼 쩜 삼 제곱미터에 사천 만원이 넘은 분양가는 경기흐름과 어울리지 않는다,넘은 분양가는 경기흐름과 잘 어울린다,수백 대 일 로 치솟은 청약 경쟁률이나 삼 쩜 삼 제곱미터에 사천 만원이 넘은 분양가는 경기흐름과 잘 어울린다,9.733625,True
zk_00431,144,train,low,2,단계적인 확대 계획을 감안하면 인력 부족부터 해결해야 합니다,방치해도 됩니다,단계적인 확대 계획을 감안하면 인력 부족부터 방치해도 됩니다,6.408875,True
zk_00431,144,train,mid,3,단계적인 확대 계획을 감안하면 인력 부족부터 해결해야 합니다,부족을 방치해야 합니다,단계적인 확대 계획을 감안하면 인력 부족을 방치해야 합니다,6.408875,True
zk_00431,144,train,high,5,단계적인 확대 계획을 감안하면 인력 부족부터 해결해야 합니다,감안하면 인력 증원은 전혀 필요없습니다,단계적인 확대 계획을 감안하면 인력 증원은 전혀 필요없습니다,6.408875,True
zk_00432,144,train,low,2,그러나 성인 기준 나이를 훌쩍 넘긴 이들이 미디어에서 어린이 다움을 어필하는 것은 이미 대세가 됐다,소수가 됐다,그러나 성인 기준 나이를 훌쩍 넘긴 이들이 미디어에서 어린이 다움을 어필하는 것은 이미 소수가 됐다,8.1419375,True
zk_00432,144,train,mid,3,그러나 성인 기준 나이를 훌쩍 넘긴 이들이 미디어에서 어린이 다움을 어필하는 것은 이미 대세가 됐다,아직도 미정이다,그러나 성인 기준 나이를 훌쩍 넘긴 이들이 미디어에서 어린이 다움을 어필하는 것은 아직도 미정이다,8.1419375,False
zk_00432,144,train,high,5,그러나 성인 기준 나이를 훌쩍 넘긴 이들이 미디어에서 어린이 다움을 어필하는 것은 이미 대세가 됐다,외면하는 것은 여전히 소수가 되었다,그러나 성인 기준 나이를 훌쩍 넘긴 이들이 미디어에서 어린이 다움을 외면하는 것은 여전히 소수가 되었다,8.1419375,True
zk_00433,144,train,low,2,구의원님들께 배포해 주시도록 의장님 말씀해 주십시오라고 거듭 요구했다,거듭 거절했다,구의원님들께 배포해 주시도록 의장님 말씀해 주십시오라고 거듭 거절했다,6.8970625,True
zk_00433,144,train,mid,3,구의원님들께 배포해 주시도록 의장님 말씀해 주십시오라고 거듭 요구했다,거절해 버렸다,구의원님들께 배포해 주시도록 의장님 말씀해 거절해 버렸다,6.8970625,False
zk_00433,144,train,high,5,구의원님들께 배포해 주시도록 의장님 말씀해 주십시오라고 거듭 요구했다,의장님 침묵을 지켜 달라고 요구했다,구의원님들께 배포해 주시도록 의장님 침묵을 지켜 달라고 요구했다,6.8970625,True
zk_00434,144,train,low,2,그러나 이세돌이 하변 백집에서 수를 낸다면 극적인 역전승을 이끌 수도 있는 승부처가 됐다,승부처가 아니었다,그러나 이세돌이 하변 백집에서 수를 낸다면 극적인 역전승을 이끌 수도 있는 승부처가 아니었다,8.02675,True
zk_00434,144,train,mid,3,그러나 이세돌이 하변 백집에서 수를 낸다면 극적인 역전승을 이끌 수도 있는 승부처가 됐다,없는 승부처가 됐다,그러나 이세돌이 하변 백집에서 수를 낸다면 극적인 역전승을 이끌 수도 없는 승부처가 됐다,8.02675,True
zk_00434,144,train,high,5,그러나 이세돌이 하변 백집에서 수를 낸다면 극적인 역전승을 이끌 수도 있는 승부처가 됐다,이끌 수 없는 고비가 됐다,그러나 이세돌이 하변 백집에서 수를 낸다면 극적인 역전승을 이끌 수 없는 고비가 됐다,8.02675,True
zk_00435,144,train,low,2,예를 들어 수컷과 암컷 모두의 귀가 접혀 있으면 그 사이에서 태어나는 새끼는 선천성 뼈 형성 장애 같은 유전적 결함이 생겨 뼈가 기형이 될 수 있습니다,없을 것입니다,예를 들어 수컷과 암컷 모두의 귀가 접혀 있으면 그 사이에서 태어나는 새끼는 선천성 뼈 형성 장애 같은 유전적 결함이 생겨 뼈가 기형이 될 없을 것입니다,12.6471875,True
zk_00435,144,train,mid,3,예를 들어 수컷과 암컷 모두의 귀가 접혀 있으면 그 사이에서 태어나는 새끼는 선천성 뼈 형성 장애 같은 유전적 결함이 생겨 뼈가 기형이 될 수 있습니다,될 수 없습니다,예를 들어 수컷과 암컷 모두의 귀가 접혀 있으면 그 사이에서 태어나는 새끼는 선천성 뼈 형성 장애 같은 유전적 결함이 생겨 뼈가 기형이 될 수 없습니다,12.6471875,True
zk_00435,144,train,high,5,예를 들어 수컷과 암컷 모두의 귀가 접혀 있으면 그 사이에서 태어나는 새끼는 선천성 뼈 형성 장애 같은 유전적 결함이 생겨 뼈가 기형이 될 수 있습니다,뼈가 정상적으로 발달할 수 있습니다,예를 들어 수컷과 암컷 모두의 귀가 접혀 있으면 그 사이에서 태어나는 새끼는 선천성 뼈 형성 장애 같은 유전적 결함이 생겨 뼈가 정상적으로 발달할 수 있습니다,12.6471875,True
zk_00436,144,train,low,2,평소 규정과 절차에 맞는 업무 처리를 중시하던 그는 군 내부에 문제를 제기했다,문제를 해결했다,평소 규정과 절차에 맞는 업무 처리를 중시하던 그는 군 내부에 문제를 해결했다,6.765875,True
zk_00436,144,train,mid,3,평소 규정과 절차에 맞는 업무 처리를 중시하던 그는 군 내부에 문제를 제기했다,내부에 문제를 은폐했다,평소 규정과 절차에 맞는 업무 처리를 중시하던 그는 군 내부에 문제를 은폐했다,6.765875,True
zk_00436,144,train,high,5,평소 규정과 절차에 맞는 업무 처리를 중시하던 그는 군 내부에 문제를 제기했다,그는 군 내부에 문제를 은폐했다,평소 규정과 절차에 맞는 업무 처리를 중시하던 그는 군 내부에 문제를 은폐했다,6.765875,True
zk_00437,144,train,low,2,때문에 대통령은 또 한 번 국민 앞에 무릎을 꿇었습니다,일어나 섰습니다,때문에 대통령은 또 한 번 국민 앞에 일어나 섰습니다,5.25275,True
zk_00437,144,train,mid,3,때문에 대통령은 또 한 번 국민 앞에 무릎을 꿇었습니다,앞에서 일어섰습니다,때문에 대통령은 또 한 번 국민 앞에서 일어섰습니다,5.25275,False
zk_00437,144,train,high,5,때문에 대통령은 또 한 번 국민 앞에 무릎을 꿇었습니다,번 국민 앞에서 당당히 맞섰습니다,때문에 대통령은 또 한 번 국민 앞에서 당당히 맞섰습니다,5.25275,True
zk_00438,144,train,low,2,구로구 도봉구 서대문구 영등포구 용산구에서 당구장의 오 년 생존율이 칠십 퍼센트를 넘었다,퍼센트를 못했다,구로구 도봉구 서대문구 영등포구 용산구에서 당구장의 오 년 생존율이 칠십 퍼센트를 못했다,8.4404375,True
zk_00438,144,train,mid,3,구로구 도봉구 서대문구 영등포구 용산구에서 당구장의 오 년 생존율이 칠십 퍼센트를 넘었다,삼십 퍼센트 미만이다,구로구 도봉구 서대문구 영등포구 용산구에서 당구장의 오 년 생존율이 삼십 퍼센트 미만이다,8.4404375,True
zk_00438,144,train,high,5,구로구 도봉구 서대문구 영등포구 용산구에서 당구장의 오 년 생존율이 칠십 퍼센트를 넘었다,년 생존율이 삼십 퍼센트 미만이다,구로구 도봉구 서대문구 영등포구 용산구에서 당구장의 오 년 생존율이 삼십 퍼센트 미만이다,8.4404375,True
zk_00439,144,train,low,2,정관용 동양시멘트에서 직접 고용된 직원도 있을 거 아니에요,거 맞아요,정관용 동양시멘트에서 직접 고용된 직원도 있을 거 맞아요,5.671125,True
zk_00439,144,train,mid,3,정관용 동양시멘트에서 직접 고용된 직원도 있을 거 아니에요,없을 거 아니에요,정관용 동양시멘트에서 직접 고용된 직원도 없을 거 아니에요,5.671125,True
zk_00439,144,train,high,5,정관용 동양시멘트에서 직접 고용된 직원도 있을 거 아니에요,고용된 직원은 없을 거 아니에요,정관용 동양시멘트에서 직접 고용된 직원은 없을 거 아니에요,5.671125,True
zk_00440,148,train,low,2,당분간 정치적 휴지기를 갖고 재기를 모색하겠다는 뜻으로 풀이된다,뜻으로 거부된다,당분간 정치적 휴지기를 갖고 재기를 모색하겠다는 뜻으로 거부된다,6.7044375,True
zk_00440,148,train,mid,3,당분간 정치적 휴지기를 갖고 재기를 모색하겠다는 뜻으로 풀이된다,거부하겠다는 뜻으로 풀이된다,당분간 정치적 휴지기를 갖고 재기를 거부하겠다는 뜻으로 풀이된다,6.7044375,True
zk_00440,148,train,high,5,당분간 정치적 휴지기를 갖고 재기를 모색하겠다는 뜻으로 풀이된다,현상유지를 계속 추구하겠다는 뜻으로 풀이된다,당분간 정치적 휴지기를 현상유지를 계속 추구하겠다는 뜻으로 풀이된다,6.7044375,True
zk_00441,148,train,low,2,하지만 전반적인 상승 추세가 이어지고 있어 육십 달러대를 회복하는 것은 시간문제라는 관측이 나온다,관측이 없다,하지만 전반적인 상승 추세가 이어지고 있어 육십 달러대를 회복하는 것은 시간문제라는 관측이 없다,8.0789375,True
zk_00441,148,train,mid,3,하지만 전반적인 상승 추세가 이어지고 있어 육십 달러대를 회복하는 것은 시간문제라는 관측이 나온다,확실한 결론이 난다,하지만 전반적인 상승 추세가 이어지고 있어 육십 달러대를 회복하는 것은 확실한 결론이 난다,8.0789375,True
zk_00441,148,train,high,5,하지만 전반적인 상승 추세가 이어지고 있어 육십 달러대를 회복하는 것은 시간문제라는 관측이 나온다,악화되는 것은 불가피하다는 전망이 나온다,하지만 전반적인 상승 추세가 이어지고 있어 육십 달러대를 악화되는 것은 불가피하다는 전망이 나온다,8.0789375,True
zk_00442,148,train,low,2,휴대전화 가지고 회사 화장실 이용 못한다 지난 십 구 일 후난성의 성도 창사의 한 회사에서 벌어진 일이다,예상된 일이다,휴대전화 가지고 회사 화장실 이용 못한다 지난 십 구 일 후난성의 성도 창사의 한 회사에서 예상된 일이다,9.5575,True
zk_00442,148,train,mid,3,휴대전화 가지고 회사 화장실 이용 못한다 지난 십 구 일 후난성의 성도 창사의 한 회사에서 벌어진 일이다,집에서 벌어진 일이다,휴대전화 가지고 회사 화장실 이용 못한다 지난 십 구 일 후난성의 성도 창사의 한 집에서 벌어진 일이다,9.5575,True
zk_00442,148,train,high,5,휴대전화 가지고 회사 화장실 이용 못한다 지난 십 구 일 후난성의 성도 창사의 한 회사에서 벌어진 일이다,창사의 여러 회사에서 벌어진 일이다,휴대전화 가지고 회사 화장실 이용 못한다 지난 십 구 일 후난성의 성도 창사의 여러 회사에서 벌어진 일이다,9.5575,True
zk_00443,148,train,low,2,내 말을 전혀 믿지 않던 경찰의 태도가 조금 바뀌기 시작한 건 역설적이지만 시 인권센터 결정문 덕분이다,결정문 때문이다,내 말을 전혀 믿지 않던 경찰의 태도가 조금 바뀌기 시작한 건 역설적이지만 시 인권센터 결정문 때문이다,9.6380625,True
zk_00443,148,train,mid,3,내 말을 전혀 믿지 않던 경찰의 태도가 조금 바뀌기 시작한 건 역설적이지만 시 인권센터 결정문 덕분이다,인권센터 결정문 때문이다,내 말을 전혀 믿지 않던 경찰의 태도가 조금 바뀌기 시작한 건 역설적이지만 시 인권센터 결정문 때문이다,9.6380625,True
zk_00443,148,train,high,5,내 말을 전혀 믿지 않던 경찰의 태도가 조금 바뀌기 시작한 건 역설적이지만 시 인권센터 결정문 덕분이다,역설적이지만 시 인권센터 반발 때문이다,내 말을 전혀 믿지 않던 경찰의 태도가 조금 바뀌기 시작한 건 역설적이지만 시 인권센터 반발 때문이다,9.6380625,True
zk_00444,148,train,low,2,에스케이텔레콤과 케이티는 이런 요청서를 받고도 의 주민등록번호와 주소 등 개인정보가 담긴 통신자료를 검찰에 넘겨줬다,경찰에 뺏겼다,에스케이텔레콤과 케이티는 이런 요청서를 받고도 의 주민등록번호와 주소 등 개인정보가 담긴 통신자료를 경찰에 뺏겼다,12.54975,True
zk_00444,148,train,mid,3,에스케이텔레콤과 케이티는 이런 요청서를 받고도 의 주민등록번호와 주소 등 개인정보가 담긴 통신자료를 검찰에 넘겨줬다,통신자료를 은폐했다,에스케이텔레콤과 케이티는 이런 요청서를 받고도 의 주민등록번호와 주소 등 개인정보가 담긴 통신자료를 은폐했다,12.54975,False
zk_00444,148,train,high,5,에스케이텔레콤과 케이티는 이런 요청서를 받고도 의 주민등록번호와 주소 등 개인정보가 담긴 통신자료를 검찰에 넘겨줬다,개인정보가 담긴 통신자료를 검찰에 넘겨받았다,에스케이텔레콤과 케이티는 이런 요청서를 받고도 의 주민등록번호와 주소 등 개인정보가 담긴 통신자료를 검찰에 넘겨받았다,12.54975,True
zk_00445,148,train,low,2,저는 종로에서 십 육 십 칠 십 팔 대 내리 삼선했습니다,올려 삼선했습니다,저는 종로에서 십 육 십 칠 십 팔 대 올려 삼선했습니다,6.6063125,True
zk_00445,148,train,mid,3,저는 종로에서 십 육 십 칠 십 팔 대 내리 삼선했습니다,대 내리 포기했습니다,저는 종로에서 십 육 십 칠 십 팔 대 내리 포기했습니다,6.6063125,True
zk_00445,148,train,high,5,저는 종로에서 십 육 십 칠 십 팔 대 내리 삼선했습니다,십 팔 대 내리 승리했습니다,저는 종로에서 십 육 십 칠 십 팔 대 내리 승리했습니다,6.6063125,True
zk_00446,148,train,low,2,사이다를 마신 할머니 여섯 명은 그 자리에서 의식을 잃고 병원으로 옮겨졌다,집에 머물렀다,사이다를 마신 할머니 여섯 명은 그 자리에서 의식을 잃고 집에 머물렀다,6.8919375,True
zk_00446,148,train,mid,3,사이다를 마신 할머니 여섯 명은 그 자리에서 의식을 잃고 병원으로 옮겨졌다,찾고 집으로 돌아왔다,사이다를 마신 할머니 여섯 명은 그 자리에서 의식을 찾고 집으로 돌아왔다,6.8919375,True
zk_00446,148,train,high,5,사이다를 마신 할머니 여섯 명은 그 자리에서 의식을 잃고 병원으로 옮겨졌다,자리에서 의식을 차리고 집으로 돌아갔다,사이다를 마신 할머니 여섯 명은 그 자리에서 의식을 차리고 집으로 돌아갔다,6.8919375,True
zk_00447,148,train,low,2,새누리당 입장에서는 법안명 등 일부 세부조항을 제외하고는 사실상 다 내줬다는 평가다,받지못했다는 평가다,새누리당 입장에서는 법안명 등 일부 세부조항을 제외하고는 사실상 다 받지못했다는 평가다,8.2584375,True
zk_00447,148,train,mid,3,새누리당 입장에서는 법안명 등 일부 세부조항을 제외하고는 사실상 다 내줬다는 평가다,못 내줬다는 평가다,새누리당 입장에서는 법안명 등 일부 세부조항을 제외하고는 사실상 못 내줬다는 평가다,8.2584375,True
zk_00447,148,train,high,5,새누리당 입장에서는 법안명 등 일부 세부조항을 제외하고는 사실상 다 내줬다는 평가다,제외하고는 거의 안 줬다는 평가다,새누리당 입장에서는 법안명 등 일부 세부조항을 제외하고는 거의 안 줬다는 평가다,8.2584375,True
zk_00448,148,train,low,2,흥미롭게도 바울은 부유한 사람들에게 구체적인 지침을 제시하였습니다,지침을 거부하였습니다,흥미롭게도 바울은 부유한 사람들에게 구체적인 지침을 거부하였습니다,6.5856875,True
zk_00448,148,train,mid,3,흥미롭게도 바울은 부유한 사람들에게 구체적인 지침을 제시하였습니다,구체적인 지침을 거부했습니다,흥미롭게도 바울은 부유한 사람들에게 구체적인 지침을 거부했습니다,6.5856875,True
zk_00448,148,train,high,5,흥미롭게도 바울은 부유한 사람들에게 구체적인 지침을 제시하였습니다,부유한 사람들을 강하게 비판하였습니다,흥미롭게도 바울은 부유한 사람들을 강하게 비판하였습니다,6.5856875,False
zk_00449,148,train,low,2,본래 목적인 세금추징뿐만 아니라 정부의 부동산 정책에까지 반영될 정도로 다양한 곳에 부동산 통계자료 또는 지표로 활용되고 있습니다,활용되지 않습니다,본래 목적인 세금추징뿐만 아니라 정부의 부동산 정책에까지 반영될 정도로 다양한 곳에 부동산 통계자료 또는 지표로 활용되지 않습니다,11.9741875,True
zk_00449,148,train,mid,3,본래 목적인 세금추징뿐만 아니라 정부의 부동산 정책에까지 반영될 정도로 다양한 곳에 부동산 통계자료 또는 지표로 활용되고 있습니다,지표로 활용되지 않습니다,본래 목적인 세금추징뿐만 아니라 정부의 부동산 정책에까지 반영될 정도로 다양한 곳에 부동산 통계자료 또는 지표로 활용되지 않습니다,11.9741875,True
zk_00449,148,train,high,5,본래 목적인 세금추징뿐만 아니라 정부의 부동산 정책에까지 반영될 정도로 다양한 곳에 부동산 통계자료 또는 지표로 활용되고 있습니다,통계자료로 인정받지 못하고 있습니다,본래 목적인 세금추징뿐만 아니라 정부의 부동산 정책에까지 반영될 정도로 다양한 곳에 부동산 통계자료로 인정받지 못하고 있습니다,11.9741875,False
zk_00450,150,train,low,2,한겨레 이십 일 은 박근혜 정부 시기 청와대 관계자 일곱 명을 비롯한 다수의 전 정권 청와대 인사들을 상대로 세월호 당일 대통령의 행적을 취재했다,행적을 은폐했다,한겨레 이십 일 은 박근혜 정부 시기 청와대 관계자 일곱 명을 비롯한 다수의 전 정권 청와대 인사들을 상대로 세월호 당일 대통령의 행적을 은폐했다,11.0579375,True
zk_00450,150,train,mid,3,한겨레 이십 일 은 박근혜 정부 시기 청와대 관계자 일곱 명을 비롯한 다수의 전 정권 청와대 인사들을 상대로 세월호 당일 대통령의 행적을 취재했다,대통령을 비판했다,한겨레 이십 일 은 박근혜 정부 시기 청와대 관계자 일곱 명을 비롯한 다수의 전 정권 청와대 인사들을 상대로 세월호 당일 대통령을 비판했다,11.0579375,False
zk_00450,150,train,high,5,한겨레 이십 일 은 박근혜 정부 시기 청와대 관계자 일곱 명을 비롯한 다수의 전 정권 청와대 인사들을 상대로 세월호 당일 대통령의 행적을 취재했다,세월호 당일 대통령의 행적을 은폐했다,한겨레 이십 일 은 박근혜 정부 시기 청와대 관계자 일곱 명을 비롯한 다수의 전 정권 청와대 인사들을 상대로 세월호 당일 대통령의 행적을 은폐했다,11.0579375,True
zk_00451,150,train,low,2,이명박 정부 출범 직후인 이천 팔 년 삼 월 김씨의 횡령 및 증권거래법 위반 사건 재판에 신경화씨가 증인으로 출석했다,증거를 제출했다,이명박 정부 출범 직후인 이천 팔 년 삼 월 김씨의 횡령 및 증권거래법 위반 사건 재판에 신경화씨가 증거를 제출했다,10.115375,True
zk_00451,150,train,mid,3,이명박 정부 출범 직후인 이천 팔 년 삼 월 김씨의 횡령 및 증권거래법 위반 사건 재판에 신경화씨가 증인으로 출석했다,신경화씨가 증인으로 결석했다,이명박 정부 출범 직후인 이천 팔 년 삼 월 김씨의 횡령 및 증권거래법 위반 사건 재판에 신경화씨가 증인으로 결석했다,10.115375,True
zk_00451,150,train,high,5,이명박 정부 출범 직후인 이천 팔 년 삼 월 김씨의 횡령 및 증권거래법 위반 사건 재판에 신경화씨가 증인으로 출석했다,사건 재판에 신경화씨가 증인으로 불출석했다,이명박 정부 출범 직후인 이천 팔 년 삼 월 김씨의 횡령 및 증권거래법 위반 사건 재판에 신경화씨가 증인으로 불출석했다,10.115375,True
zk_00452,150,train,low,2,여덟 시간이나 집을 비웠는데도 재우기만하면 별문제 없을 것이라고 착각했습니다,것이라고 확신했습니다,여덟 시간이나 집을 비웠는데도 재우기만하면 별문제 없을 것이라고 확신했습니다,6.5153125,True
zk_00452,150,train,mid,3,여덟 시간이나 집을 비웠는데도 재우기만하면 별문제 없을 것이라고 착각했습니다,있을 것이라고 확신했습니다,여덟 시간이나 집을 비웠는데도 재우기만하면 별문제 있을 것이라고 확신했습니다,6.5153125,True
zk_00452,150,train,high,5,여덟 시간이나 집을 비웠는데도 재우기만하면 별문제 없을 것이라고 착각했습니다,깨워야만 큰 문제가 생긴다고 확신했습니다,여덟 시간이나 집을 비웠는데도 깨워야만 큰 문제가 생긴다고 확신했습니다,6.5153125,True
zk_00453,150,train,low,2,반잠수 선박에서 무게를 측정했던 게 만 육천 칠백 톤 정도였습니다,톤 초과였습니다,반잠수 선박에서 무게를 측정했던 게 만 육천 칠백 톤 초과였습니다,5.98125,True
zk_00453,150,train,mid,3,반잠수 선박에서 무게를 측정했던 게 만 육천 칠백 톤 정도였습니다,천 톤 이상이었습니다,반잠수 선박에서 무게를 측정했던 게 만 육천 천 톤 이상이었습니다,5.98125,True
zk_00453,150,train,high,5,반잠수 선박에서 무게를 측정했던 게 만 육천 칠백 톤 정도였습니다,만 육천 톤보다 훨씬 많았습니다,반잠수 선박에서 무게를 측정했던 게 만 육천 톤보다 훨씬 많았습니다,5.98125,True
zk_00454,150,train,low,2,정신병원은 의료급여 예산을 지급받는 방법으로 수익을 얻기 때문에 정신병상수는 당연히 수익으로 연결될 수밖에 없다,"할 수밖에 없다는 ""수밖에 없다""를 2개 어절로 바꾸되, 의미가 달라져야 합니다.","정신병원은 의료급여 예산을 지급받는 방법으로 수익을 얻기 때문에 정신병상수는 당연히 수익으로 연결될 할 수밖에 없다는 ""수밖에 없다""를 2개 어절로 바꾸되, 의미가 달라져야 합니다.",8.8300625,False
zk_00454,150,train,mid,3,정신병원은 의료급여 예산을 지급받는 방법으로 수익을 얻기 때문에 정신병상수는 당연히 수익으로 연결될 수밖에 없다,단절될 수밖에 없다,정신병원은 의료급여 예산을 지급받는 방법으로 수익을 얻기 때문에 정신병상수는 당연히 수익으로 단절될 수밖에 없다,8.8300625,True
zk_00454,150,train,high,5,정신병원은 의료급여 예산을 지급받는 방법으로 수익을 얻기 때문에 정신병상수는 당연히 수익으로 연결될 수밖에 없다,결코 수익으로 연결될 수 없다,정신병원은 의료급여 예산을 지급받는 방법으로 수익을 얻기 때문에 정신병상수는 결코 수익으로 연결될 수 없다,8.8300625,True
zk_00455,150,train,low,2,마음만 먹으면 어떤 사람보다도 정신과 의사는 범행하기가 쉽고 편안한 위치에 있습니다,떨어져 있습니다,마음만 먹으면 어떤 사람보다도 정신과 의사는 범행하기가 쉽고 편안한 떨어져 있습니다,7.1366875,True
zk_00455,150,train,mid,3,마음만 먹으면 어떤 사람보다도 정신과 의사는 범행하기가 쉽고 편안한 위치에 있습니다,불편한 위치에 있습니다,마음만 먹으면 어떤 사람보다도 정신과 의사는 범행하기가 쉽고 불편한 위치에 있습니다,7.1366875,True
zk_00455,150,train,high,5,마음만 먹으면 어떤 사람보다도 정신과 의사는 범행하기가 쉽고 편안한 위치에 있습니다,범행하기가 어렵고 위험한 위치에 있습니다,마음만 먹으면 어떤 사람보다도 정신과 의사는 범행하기가 어렵고 위험한 위치에 있습니다,7.1366875,True
zk_00456,150,train,low,2,그에 대해 알게 된 이후로는 의학에 대한 열정이 식기 시작했습니다,식기 멈췄습니다,그에 대해 알게 된 이후로는 의학에 대한 열정이 식기 멈췄습니다,5.259,True
zk_00456,150,train,mid,3,그에 대해 알게 된 이후로는 의학에 대한 열정이 식기 시작했습니다,열정이 더욱 불타올랐습니다,그에 대해 알게 된 이후로는 의학에 대한 열정이 더욱 불타올랐습니다,5.259,True
zk_00456,150,train,high,5,그에 대해 알게 된 이후로는 의학에 대한 열정이 식기 시작했습니다,의학에 대한 열정이 더욱 타올랐습니다,그에 대해 알게 된 이후로는 의학에 대한 열정이 더욱 타올랐습니다,5.259,True
zk_00457,150,train,low,2,이번 시음은 오스트리아 출신의 소믈리에 거장인 안드레아스 비크호프가 맡았다,비크호프가 거절했다,이번 시음은 오스트리아 출신의 소믈리에 거장인 안드레아스 비크호프가 거절했다,7.201,True
zk_00457,150,train,mid,3,이번 시음은 오스트리아 출신의 소믈리에 거장인 안드레아스 비크호프가 맡았다,안드레아스 비크호프가 거부했다,이번 시음은 오스트리아 출신의 소믈리에 거장인 안드레아스 비크호프가 거부했다,7.201,True
zk_00457,150,train,high,5,이번 시음은 오스트리아 출신의 소믈리에 거장인 안드레아스 비크호프가 맡았다,소믈리에 초보자가 대신 맡게 되었다,이번 시음은 오스트리아 출신의 소믈리에 초보자가 대신 맡게 되었다,7.201,True
zk_00458,150,train,low,2,건강 전문가들도 영양과 건강에 대해 흔히 의견의 일치를 보지 못합니다,봅니다 아니다,건강 전문가들도 영양과 건강에 대해 흔히 의견의 일치를 봅니다 아니다,6.9781875,True
zk_00458,150,train,mid,3,건강 전문가들도 영양과 건강에 대해 흔히 의견의 일치를 보지 못합니다,완벽한 일치를 봅니다,건강 전문가들도 영양과 건강에 대해 흔히 의견의 완벽한 일치를 봅니다,6.9781875,True
zk_00458,150,train,high,5,건강 전문가들도 영양과 건강에 대해 흔히 의견의 일치를 보지 못합니다,흔히 의견의 일치를 보곤 합니다,건강 전문가들도 영양과 건강에 대해 흔히 의견의 일치를 보곤 합니다,6.9781875,True
zk_00459,150,train,low,2,성서를 읽는 사람은 여호와의 증인 외에는 아무도 없다,모두 있다,성서를 읽는 사람은 여호와의 증인 외에는 모두 있다,5.0215625,True
zk_00459,150,train,mid,3,성서를 읽는 사람은 여호와의 증인 외에는 아무도 없다,외에도 많이 있다,성서를 읽는 사람은 여호와의 증인 외에도 많이 있다,5.0215625,True
zk_00459,150,train,high,5,성서를 읽는 사람은 여호와의 증인 외에는 아무도 없다,여호와의 증인도 많이 포함되어 있다,성서를 읽는 사람은 여호와의 증인도 많이 포함되어 있다,5.0215625,True
zk_00460,151,train,low,2,거품 낀 책가방 가격 때문에 부모들은 직접구매나 중고거래 사이트를 이용해 저렴한 가격에 책가방을 구하고 있다,피하고 있다,거품 낀 책가방 가격 때문에 부모들은 직접구매나 중고거래 사이트를 이용해 저렴한 가격에 책가방을 피하고 있다,9.8243125,True
zk_00460,151,train,mid,3,거품 낀 책가방 가격 때문에 부모들은 직접구매나 중고거래 사이트를 이용해 저렴한 가격에 책가방을 구하고 있다,책가방을 버리고 있다,거품 낀 책가방 가격 때문에 부모들은 직접구매나 중고거래 사이트를 이용해 저렴한 가격에 책가방을 버리고 있다,9.8243125,True
zk_00460,151,train,high,5,거품 낀 책가방 가격 때문에 부모들은 직접구매나 중고거래 사이트를 이용해 저렴한 가격에 책가방을 구하고 있다,비싼 가격에 책가방을 팔고 있다,거품 낀 책가방 가격 때문에 부모들은 직접구매나 중고거래 사이트를 이용해 비싼 가격에 책가방을 팔고 있다,9.8243125,True
zk_00461,151,train,low,2,이천 십 년 국방부 국정감사에서는 상당수 카빈 소총이 실사격 부적합 판정을 받았다는 예비군 부대 실사 자료가 공개됐습니다,자료가 비공개됐습니다,이천 십 년 국방부 국정감사에서는 상당수 카빈 소총이 실사격 부적합 판정을 받았다는 예비군 부대 실사 자료가 비공개됐습니다,12.1865625,True
zk_00461,151,train,mid,3,이천 십 년 국방부 국정감사에서는 상당수 카빈 소총이 실사격 부적합 판정을 받았다는 예비군 부대 실사 자료가 공개됐습니다,실사 자료가 비공개됐습니다,이천 십 년 국방부 국정감사에서는 상당수 카빈 소총이 실사격 부적합 판정을 받았다는 예비군 부대 실사 자료가 비공개됐습니다,12.1865625,True
zk_00461,151,train,high,5,이천 십 년 국방부 국정감사에서는 상당수 카빈 소총이 실사격 부적합 판정을 받았다는 예비군 부대 실사 자료가 공개됐습니다,예비군 부대 실사 자료가 은폐됐습니다,이천 십 년 국방부 국정감사에서는 상당수 카빈 소총이 실사격 부적합 판정을 받았다는 예비군 부대 실사 자료가 은폐됐습니다,12.1865625,True
zk_00462,151,train,low,2,이후 중국 정부에서 우리나라와 같이 표준화된 매뉴얼을 쓸 것으로 기대하고 있다,걱정하고 있다,이후 중국 정부에서 우리나라와 같이 표준화된 매뉴얼을 쓸 것으로 걱정하고 있다,8.192875,True
zk_00462,151,train,mid,3,이후 중국 정부에서 우리나라와 같이 표준화된 매뉴얼을 쓸 것으로 기대하고 있다,것으로 우려하고 있다,이후 중국 정부에서 우리나라와 같이 표준화된 매뉴얼을 쓸 것으로 우려하고 있다,8.192875,True
zk_00462,151,train,high,5,이후 중국 정부에서 우리나라와 같이 표준화된 매뉴얼을 쓸 것으로 기대하고 있다,매뉴얼을 쓰지 않을 것으로 예상된다,이후 중국 정부에서 우리나라와 같이 표준화된 매뉴얼을 쓰지 않을 것으로 예상된다,8.192875,True
zk_00463,151,train,low,2,무상 복지에 투입되는 예산을 두고 김무성 새누리당 대표는 성남시 복지확대하면 부도 난다고 했는데,못난다고 했는데,무상 복지에 투입되는 예산을 두고 김무성 새누리당 대표는 성남시 복지확대하면 부도 못난다고 했는데,10.8309375,True
zk_00463,151,train,mid,3,무상 복지에 투입되는 예산을 두고 김무성 새누리당 대표는 성남시 복지확대하면 부도 난다고 했는데,성공한다고 했는데,무상 복지에 투입되는 예산을 두고 김무성 새누리당 대표는 성남시 복지확대하면 성공한다고 했는데,10.8309375,False
zk_00463,151,train,high,5,무상 복지에 투입되는 예산을 두고 김무성 새누리당 대표는 성남시 복지확대하면 부도 난다고 했는데,성남시 복지축소하면 발전한다고 주장했는데,무상 복지에 투입되는 예산을 두고 김무성 새누리당 대표는 성남시 복지축소하면 발전한다고 주장했는데,10.8309375,False
zk_00464,151,train,low,2,민간인 사찰의 최고 윗선이 이명박 대통령임을 입증하는 결정적인 증거를 확보한 것이다,잃어버린 것이다,민간인 사찰의 최고 윗선이 이명박 대통령임을 입증하는 결정적인 증거를 잃어버린 것이다,8.6848125,True
zk_00464,151,train,mid,3,민간인 사찰의 최고 윗선이 이명박 대통령임을 입증하는 결정적인 증거를 확보한 것이다,증거를 놓친 것이다,민간인 사찰의 최고 윗선이 이명박 대통령임을 입증하는 결정적인 증거를 놓친 것이다,8.6848125,True
zk_00464,151,train,high,5,민간인 사찰의 최고 윗선이 이명박 대통령임을 입증하는 결정적인 증거를 확보한 것이다,입증하는 결정적인 증거를 놓친 것이다,민간인 사찰의 최고 윗선이 이명박 대통령임을 입증하는 결정적인 증거를 놓친 것이다,8.6848125,True
zk_00465,151,train,low,2,한국소비자원에 따르면 지난해 구 월 정수기렌털 상담이 전월대비 삼십 이 퍼센트 뛰었다,퍼센트 떨어졌다,한국소비자원에 따르면 지난해 구 월 정수기렌털 상담이 전월대비 삼십 이 퍼센트 떨어졌다,8.6099375,True
zk_00465,151,train,mid,3,한국소비자원에 따르면 지난해 구 월 정수기렌털 상담이 전월대비 삼십 이 퍼센트 뛰었다,이 퍼센트 떨어졌다,한국소비자원에 따르면 지난해 구 월 정수기렌털 상담이 전월대비 삼십 이 퍼센트 떨어졌다,8.6099375,True
zk_00465,151,train,high,5,한국소비자원에 따르면 지난해 구 월 정수기렌털 상담이 전월대비 삼십 이 퍼센트 뛰었다,전월대비 삼십 퍼센트 떨어진 것이다,한국소비자원에 따르면 지난해 구 월 정수기렌털 상담이 전월대비 삼십 퍼센트 떨어진 것이다,8.6099375,True
zk_00466,151,train,low,2,패션의 완성인 손목시계 역시 기동성과 신속성이 요구되는 군대에서 탄생했다,군대에서 소멸했다,패션의 완성인 손목시계 역시 기동성과 신속성이 요구되는 군대에서 소멸했다,8.1015,True
zk_00466,151,train,mid,3,패션의 완성인 손목시계 역시 기동성과 신속성이 요구되는 군대에서 탄생했다,불필요한 곳에서 사라졌다,패션의 완성인 손목시계 역시 기동성과 신속성이 불필요한 곳에서 사라졌다,8.1015,True
zk_00466,151,train,high,5,패션의 완성인 손목시계 역시 기동성과 신속성이 요구되는 군대에서 탄생했다,안정성과 보수성이 강조되는 조직에서 사라졌다,패션의 완성인 손목시계 역시 안정성과 보수성이 강조되는 조직에서 사라졌다,8.1015,True
zk_00467,151,train,low,2,가외의 노력이 든다 하더라도 집 안팎을 깔끔하고 청결하게 유지하기 위해 최선을 다하십시오,포기하세요.,가외의 노력이 든다 하더라도 집 안팎을 깔끔하고 청결하게 유지하기 위해 포기하세요.,8.7198125,False
zk_00467,151,train,mid,3,가외의 노력이 든다 하더라도 집 안팎을 깔끔하고 청결하게 유지하기 위해 최선을 다하십시오,위해 포기해야 합니다,가외의 노력이 든다 하더라도 집 안팎을 깔끔하고 청결하게 유지하기 위해 포기해야 합니다,8.7198125,True
zk_00467,151,train,high,5,가외의 노력이 든다 하더라도 집 안팎을 깔끔하고 청결하게 유지하기 위해 최선을 다하십시오,청결함을 전혀 신경 쓰지 마십시오,가외의 노력이 든다 하더라도 집 안팎을 깔끔하고 청결함을 전혀 신경 쓰지 마십시오,8.7198125,True
zk_00468,151,train,low,2,박 사무장 측은 법원에 미국에서 재판을 받아야 한다는 내용을 담은 서면을 제출했다,서면을 거부했다,박 사무장 측은 법원에 미국에서 재판을 받아야 한다는 내용을 담은 서면을 거부했다,8.064125,True
zk_00468,151,train,mid,3,박 사무장 측은 법원에 미국에서 재판을 받아야 한다는 내용을 담은 서면을 제출했다,담은 서면을 회수했다,박 사무장 측은 법원에 미국에서 재판을 받아야 한다는 내용을 담은 서면을 회수했다,8.064125,True
zk_00468,151,train,high,5,박 사무장 측은 법원에 미국에서 재판을 받아야 한다는 내용을 담은 서면을 제출했다,하지 않겠다는 서면을 제출했다,박 사무장 측은 법원에 미국에서 재판을 받아야 하지 않겠다는 서면을 제출했다,8.064125,False
zk_00469,151,train,low,2,트빌리시에는 폭우가 내리고 강한 바람이 불면서 시내를 가로지르는 하천이 불어나 인근 십 여 개 가옥도 피해를 봤다,이득을 봤다,트빌리시에는 폭우가 내리고 강한 바람이 불면서 시내를 가로지르는 하천이 불어나 인근 십 여 개 가옥도 이득을 봤다,11.213625,True
zk_00469,151,train,mid,3,트빌리시에는 폭우가 내리고 강한 바람이 불면서 시내를 가로지르는 하천이 불어나 인근 십 여 개 가옥도 피해를 봤다,가옥도 피해를 피했다,트빌리시에는 폭우가 내리고 강한 바람이 불면서 시내를 가로지르는 하천이 불어나 인근 십 여 개 가옥도 피해를 피했다,11.213625,True
zk_00469,151,train,high,5,트빌리시에는 폭우가 내리고 강한 바람이 불면서 시내를 가로지르는 하천이 불어나 인근 십 여 개 가옥도 피해를 봤다,여 개 가옥도 피해를 피했다,트빌리시에는 폭우가 내리고 강한 바람이 불면서 시내를 가로지르는 하천이 불어나 인근 십 여 개 가옥도 피해를 피했다,11.213625,True
zk_00470,152,train,low,2,이 과정에서 아파트 명의 문제 등으로 말다툼이 벌어졌고 감정이 격해진 송씨가 공구를 침대에 펼쳐놓고 흉기를 아내 가슴에 들이대며 죽여버린다고 협박했다,살려준다고 약속했다,이 과정에서 아파트 명의 문제 등으로 말다툼이 벌어졌고 감정이 격해진 송씨가 공구를 침대에 펼쳐놓고 흉기를 아내 가슴에 들이대며 살려준다고 약속했다,11.4760625,True
zk_00470,152,train,mid,3,이 과정에서 아파트 명의 문제 등으로 말다툼이 벌어졌고 감정이 격해진 송씨가 공구를 침대에 펼쳐놓고 흉기를 아내 가슴에 들이대며 죽여버린다고 협박했다,들이대며 살려준다고 약속했다,이 과정에서 아파트 명의 문제 등으로 말다툼이 벌어졌고 감정이 격해진 송씨가 공구를 침대에 펼쳐놓고 흉기를 아내 가슴에 들이대며 살려준다고 약속했다,11.4760625,True
zk_00470,152,train,high,5,이 과정에서 아파트 명의 문제 등으로 말다툼이 벌어졌고 감정이 격해진 송씨가 공구를 침대에 펼쳐놓고 흉기를 아내 가슴에 들이대며 죽여버린다고 협박했다,아내 가슴에 들이대며 살려주겠다고 약속했다,이 과정에서 아파트 명의 문제 등으로 말다툼이 벌어졌고 감정이 격해진 송씨가 공구를 침대에 펼쳐놓고 흉기를 아내 가슴에 들이대며 살려주겠다고 약속했다,11.4760625,True
zk_00471,152,train,low,2,지난 육 일 시작된 기초자료 제출 등록 기한은 삼 월 십 일까지다,십 일부터다,지난 육 일 시작된 기초자료 제출 등록 기한은 삼 월 십 일부터다,5.9105625,True
zk_00471,152,train,mid,3,지난 육 일 시작된 기초자료 제출 등록 기한은 삼 월 십 일까지다,월 십 일부터다,지난 육 일 시작된 기초자료 제출 등록 기한은 삼 월 십 일부터다,5.9105625,True
zk_00471,152,train,high,5,지난 육 일 시작된 기초자료 제출 등록 기한은 삼 월 십 일까지다,기한은 삼 월 십 오일까지다,지난 육 일 시작된 기초자료 제출 등록 기한은 삼 월 십 오일까지다,5.9105625,True
zk_00472,152,train,low,2,지인클리닉의원의 박해상 원장은 겨드랑이 털은 특별한 기능이 없다,기능이 있다,지인클리닉의원의 박해상 원장은 겨드랑이 털은 특별한 기능이 있다,6.5206875,True
zk_00472,152,train,mid,3,지인클리닉의원의 박해상 원장은 겨드랑이 털은 특별한 기능이 없다,특별한 기능이 많다,지인클리닉의원의 박해상 원장은 겨드랑이 털은 특별한 기능이 많다,6.5206875,True
zk_00472,152,train,high,5,지인클리닉의원의 박해상 원장은 겨드랑이 털은 특별한 기능이 없다,겨드랑이 털은 중요한 기능이 있다,지인클리닉의원의 박해상 원장은 겨드랑이 털은 중요한 기능이 있다,6.5206875,True
zk_00473,152,train,low,2,배기가스 조작사태 속에서도 폭스바겐이 판매 신기록을 세운 주요 이유입니다,부차적 요인입니다,배기가스 조작사태 속에서도 폭스바겐이 판매 신기록을 세운 부차적 요인입니다,6.921875,True
zk_00473,152,train,mid,3,배기가스 조작사태 속에서도 폭스바겐이 판매 신기록을 세운 주요 이유입니다,거부하는 주요 이유입니다,배기가스 조작사태 속에서도 폭스바겐이 판매 신기록을 거부하는 주요 이유입니다,6.921875,True
zk_00473,152,train,high,5,배기가스 조작사태 속에서도 폭스바겐이 판매 신기록을 세운 주요 이유입니다,판매 부진을 초래한 주요 요인입니다,배기가스 조작사태 속에서도 폭스바겐이 판매 부진을 초래한 주요 요인입니다,6.921875,True
zk_00474,152,train,low,2,등급이 올라감에 따라 받은 금액과 혜택은 함께 증가했다,함께 감소했다,등급이 올라감에 따라 받은 금액과 혜택은 함께 감소했다,5.4236875,True
zk_00474,152,train,mid,3,등급이 올라감에 따라 받은 금액과 혜택은 함께 증가했다,혜택은 함께 감소했다,등급이 올라감에 따라 받은 금액과 혜택은 함께 감소했다,5.4236875,True
zk_00474,152,train,high,5,등급이 올라감에 따라 받은 금액과 혜택은 함께 증가했다,받은 금액과 혜택은 함께 감소했다,등급이 올라감에 따라 받은 금액과 혜택은 함께 감소했다,5.4236875,True
zk_00475,152,train,low,2,역경에 처할 때 아내가 보여 주는 힘과 적응력에 나는 지금도 계속 경탄하고 있습니다,비판하고 있습니다,역경에 처할 때 아내가 보여 주는 힘과 적응력에 나는 지금도 계속 비판하고 있습니다,6.5720625,True
zk_00475,152,train,mid,3,역경에 처할 때 아내가 보여 주는 힘과 적응력에 나는 지금도 계속 경탄하고 있습니다,계속 비판하고 있습니다,역경에 처할 때 아내가 보여 주는 힘과 적응력에 나는 지금도 계속 비판하고 있습니다,6.5720625,True
zk_00475,152,train,high,5,역경에 처할 때 아내가 보여 주는 힘과 적응력에 나는 지금도 계속 경탄하고 있습니다,나는 지금도 계속 의심하고 있습니다,역경에 처할 때 아내가 보여 주는 힘과 적응력에 나는 지금도 계속 의심하고 있습니다,6.5720625,True
zk_00476,152,train,low,2,한 걸음 더 나아가 천 구백 이십 이 년에는 처음으로 선박과 육지 사이에 무선 통신이 이루어졌습니다,통신이 끊겼습니다,한 걸음 더 나아가 천 구백 이십 이 년에는 처음으로 선박과 육지 사이에 무선 통신이 끊겼습니다,7.765625,True
zk_00476,152,train,mid,3,한 걸음 더 나아가 천 구백 이십 이 년에는 처음으로 선박과 육지 사이에 무선 통신이 이루어졌습니다,무선 통신이 실패했습니다,한 걸음 더 나아가 천 구백 이십 이 년에는 처음으로 선박과 육지 사이에 무선 통신이 실패했습니다,7.765625,True
zk_00476,152,train,high,5,한 걸음 더 나아가 천 구백 이십 이 년에는 처음으로 선박과 육지 사이에 무선 통신이 이루어졌습니다,육지 사이에 무선 통신이 끊겼습니다,한 걸음 더 나아가 천 구백 이십 이 년에는 처음으로 선박과 육지 사이에 무선 통신이 끊겼습니다,7.765625,True
zk_00477,152,train,low,2,다만 피고인이 범행 모두를 시인하고 반성하고 있는 점 동종 전과가 없는 점 등을 고려해 형을 정했다고 덧붙였다,부인했다고 덧붙였다,다만 피고인이 범행 모두를 시인하고 반성하고 있는 점 동종 전과가 없는 점 등을 고려해 형을 부인했다고 덧붙였다,8.164375,True
zk_00477,152,train,mid,3,다만 피고인이 범행 모두를 시인하고 반성하고 있는 점 동종 전과가 없는 점 등을 고려해 형을 정했다고 덧붙였다,형을 미뤘다고 덧붙였다,다만 피고인이 범행 모두를 시인하고 반성하고 있는 점 동종 전과가 없는 점 등을 고려해 형을 미뤘다고 덧붙였다,8.164375,True
zk_00477,152,train,high,5,다만 피고인이 범행 모두를 시인하고 반성하고 있는 점 동종 전과가 없는 점 등을 고려해 형을 정했다고 덧붙였다,등을 무시해 형을 정했다고 덧붙였다,다만 피고인이 범행 모두를 시인하고 반성하고 있는 점 동종 전과가 없는 점 등을 무시해 형을 정했다고 덧붙였다,8.164375,True
zk_00478,152,train,low,2,근로능력평가는 의학적 평가와 활동능력 평가 두 가지로 이뤄진다,완전히 다르다,근로능력평가는 의학적 평가와 활동능력 평가 두 완전히 다르다,6.4195,True
zk_00478,152,train,mid,3,근로능력평가는 의학적 평가와 활동능력 평가 두 가지로 이뤄진다,세 가지로 나뉜다,근로능력평가는 의학적 평가와 활동능력 평가 세 가지로 나뉜다,6.4195,True
zk_00478,152,train,high,5,근로능력평가는 의학적 평가와 활동능력 평가 두 가지로 이뤄진다,활동능력 평가 여러 가지로 이뤄진다,근로능력평가는 의학적 평가와 활동능력 평가 여러 가지로 이뤄진다,6.4195,True
zk_00479,152,train,low,2,하나는 좀 젊게 보인 것도 있고 약간 보수적인 분들이 또 여성에 대한 폄하 같은 것도 은연중에 있지 않나 이런 생각도 들었고요,생각도 없었고요,하나는 좀 젊게 보인 것도 있고 약간 보수적인 분들이 또 여성에 대한 폄하 같은 것도 은연중에 있지 않나 이런 생각도 없었고요,9.9885,True
zk_00479,152,train,mid,3,하나는 좀 젊게 보인 것도 있고 약간 보수적인 분들이 또 여성에 대한 폄하 같은 것도 은연중에 있지 않나 이런 생각도 들었고요,그런 생각 없었고요,하나는 좀 젊게 보인 것도 있고 약간 보수적인 분들이 또 여성에 대한 폄하 같은 것도 은연중에 있지 않나 그런 생각 없었고요,9.9885,True
zk_00479,152,train,high,5,하나는 좀 젊게 보인 것도 있고 약간 보수적인 분들이 또 여성에 대한 폄하 같은 것도 은연중에 있지 않나 이런 생각도 들었고요,없지 않나 이런 걱정도 들었고요,하나는 좀 젊게 보인 것도 있고 약간 보수적인 분들이 또 여성에 대한 폄하 같은 것도 은연중에 없지 않나 이런 걱정도 들었고요,9.9885,True
zk_00480,153,train,low,2,일본 정부도 두 유골의 신원이 지바 출신의 미치오 오이카와 도쿄 출신의 마사유키 고바야시라고 확인했다,고바야시라고 부정했다,일본 정부도 두 유골의 신원이 지바 출신의 미치오 오이카와 도쿄 출신의 마사유키 고바야시라고 부정했다,9.253875,True
zk_00480,153,train,mid,3,일본 정부도 두 유골의 신원이 지바 출신의 미치오 오이카와 도쿄 출신의 마사유키 고바야시라고 확인했다,마사유키 고바야시라고 부정했다,일본 정부도 두 유골의 신원이 지바 출신의 미치오 오이카와 도쿄 출신의 마사유키 고바야시라고 부정했다,9.253875,True
zk_00480,153,train,high,5,일본 정부도 두 유골의 신원이 지바 출신의 미치오 오이카와 도쿄 출신의 마사유키 고바야시라고 확인했다,도쿄 출신이 아닌 것으로 확인했다,일본 정부도 두 유골의 신원이 지바 출신의 미치오 오이카와 도쿄 출신이 아닌 것으로 확인했다,9.253875,True
zk_00481,153,train,low,2,미리 준비한 거 자체가 문제는 아니잖아요 그렇죠 라고 동의를 구하듯 질문했습니다,대답을 거부했습니다,미리 준비한 거 자체가 문제는 아니잖아요 그렇죠 라고 동의를 대답을 거부했습니다,6.7786875,True
zk_00481,153,train,mid,3,미리 준비한 거 자체가 문제는 아니잖아요 그렇죠 라고 동의를 구하듯 질문했습니다,반박하듯 질문했습니다,미리 준비한 거 자체가 문제는 아니잖아요 그렇죠 라고 반박하듯 질문했습니다,6.7786875,False
zk_00481,153,train,high,5,미리 준비한 거 자체가 문제는 아니잖아요 그렇죠 라고 동의를 구하듯 질문했습니다,아니라고 강하게 반박을 하듯 질문했습니다,미리 준비한 거 자체가 문제는 아니잖아요 아니라고 강하게 반박을 하듯 질문했습니다,6.7786875,True
zk_00482,153,train,low,2,어머니와 동생이 떠날 때 나도 아내를 떠나 우리 셋은 오클랜드로 이사를 갔습니다,이사 못했습니다,어머니와 동생이 떠날 때 나도 아내를 떠나 우리 셋은 오클랜드로 이사 못했습니다,6.562125,True
zk_00482,153,train,mid,3,어머니와 동생이 떠날 때 나도 아내를 떠나 우리 셋은 오클랜드로 이사를 갔습니다,오클랜드를 떠났습니다,어머니와 동생이 떠날 때 나도 아내를 떠나 우리 셋은 오클랜드를 떠났습니다,6.562125,False
zk_00482,153,train,high,5,어머니와 동생이 떠날 때 나도 아내를 떠나 우리 셋은 오클랜드로 이사를 갔습니다,우리 셋은 오클랜드를 떠났습니다,어머니와 동생이 떠날 때 나도 아내를 떠나 우리 셋은 오클랜드를 떠났습니다,6.562125,False
zk_00483,153,train,low,2,서울신문 김기찬 교수 사 차 산업혁명을 대표할 수 있는 기업을 뽑고자 노력했다,피하고자 노력했다,서울신문 김기찬 교수 사 차 산업혁명을 대표할 수 있는 기업을 피하고자 노력했다,7.405,True
zk_00483,153,train,mid,3,서울신문 김기찬 교수 사 차 산업혁명을 대표할 수 있는 기업을 뽑고자 노력했다,기업을 피하고자 노력했다,서울신문 김기찬 교수 사 차 산업혁명을 대표할 수 있는 기업을 피하고자 노력했다,7.405,True
zk_00483,153,train,high,5,서울신문 김기찬 교수 사 차 산업혁명을 대표할 수 있는 기업을 뽑고자 노력했다,수 없는 기업을 제외하고자 노력했다,서울신문 김기찬 교수 사 차 산업혁명을 대표할 수 없는 기업을 제외하고자 노력했다,7.405,True
zk_00484,153,train,low,2,그런데 이 노래는 좀 더 감동이 짙게 묻어나면서 그 여자를 위한 헌정의 느낌을 살려야 될 것 같았다,확실히 아니었다,그런데 이 노래는 좀 더 감동이 짙게 묻어나면서 그 여자를 위한 헌정의 느낌을 살려야 될 확실히 아니었다,7.914625,True
zk_00484,153,train,mid,3,그런데 이 노래는 좀 더 감동이 짙게 묻어나면서 그 여자를 위한 헌정의 느낌을 살려야 될 것 같았다,될 리 없었다,그런데 이 노래는 좀 더 감동이 짙게 묻어나면서 그 여자를 위한 헌정의 느낌을 살려야 될 리 없었다,7.914625,True
zk_00484,153,train,high,5,그런데 이 노래는 좀 더 감동이 짙게 묻어나면서 그 여자를 위한 헌정의 느낌을 살려야 될 것 같았다,느낌을 잃어버려야 할 것 같았다,그런데 이 노래는 좀 더 감동이 짙게 묻어나면서 그 여자를 위한 헌정의 느낌을 잃어버려야 할 것 같았다,7.914625,True
zk_00485,153,train,low,2,선수 경력과 지도자 능력은 무관하다는 걸 분명하게 보여줬다,모호하게 숨겼다,선수 경력과 지도자 능력은 무관하다는 걸 모호하게 숨겼다,5.764,True
zk_00485,153,train,mid,3,선수 경력과 지도자 능력은 무관하다는 걸 분명하게 보여줬다,걸 모호하게 감췄다,선수 경력과 지도자 능력은 무관하다는 걸 모호하게 감췄다,5.764,True
zk_00485,153,train,high,5,선수 경력과 지도자 능력은 무관하다는 걸 분명하게 보여줬다,능력이 매우 중요하다는 걸 보여줬다,선수 경력과 지도자 능력이 매우 중요하다는 걸 보여줬다,5.764,True
zk_00486,153,train,low,2,하지만 지난 삼 년동안 익선동에서 살았던 원주민의 경우 매년 백 명 넘게 이곳을 떠났다,이곳에 남았다,하지만 지난 삼 년동안 익선동에서 살았던 원주민의 경우 매년 백 명 넘게 이곳에 남았다,9.5149375,True
zk_00486,153,train,mid,3,하지만 지난 삼 년동안 익선동에서 살았던 원주민의 경우 매년 백 명 넘게 이곳을 떠났다,아직 이곳에 있다,하지만 지난 삼 년동안 익선동에서 살았던 원주민의 경우 매년 백 명 아직 이곳에 있다,9.5149375,True
zk_00486,153,train,high,5,하지만 지난 삼 년동안 익선동에서 살았던 원주민의 경우 매년 백 명 넘게 이곳을 떠났다,백 명도 못 되게 남았다,하지만 지난 삼 년동안 익선동에서 살았던 원주민의 경우 매년 백 명도 못 되게 남았다,9.5149375,True
zk_00487,153,train,low,2,삼성 내 나머지 계열사들뿐만 아니라 다른 대기업으로도 감원바람이 불고 있습니다,꺼지고 있습니다,삼성 내 나머지 계열사들뿐만 아니라 다른 대기업으로도 감원바람이 꺼지고 있습니다,7.1219375,True
zk_00487,153,train,mid,3,삼성 내 나머지 계열사들뿐만 아니라 다른 대기업으로도 감원바람이 불고 있습니다,채용바람이 불고 있습니다,삼성 내 나머지 계열사들뿐만 아니라 다른 대기업으로도 채용바람이 불고 있습니다,7.1219375,True
zk_00487,153,train,high,5,삼성 내 나머지 계열사들뿐만 아니라 다른 대기업으로도 감원바람이 불고 있습니다,다른 대기업으로도 채용확대가 계속 진행중입니다,삼성 내 나머지 계열사들뿐만 아니라 다른 대기업으로도 채용확대가 계속 진행중입니다,7.1219375,True
zk_00488,153,train,low,2,은행들은 고정금리대출자 비중이 충분히 늘어난 상황에서 고정금리 특판 대출상품을 내놓을 계획이 당분간 없다,항상 있다,은행들은 고정금리대출자 비중이 충분히 늘어난 상황에서 고정금리 특판 대출상품을 내놓을 계획이 항상 있다,9.582625,True
zk_00488,153,train,mid,3,은행들은 고정금리대출자 비중이 충분히 늘어난 상황에서 고정금리 특판 대출상품을 내놓을 계획이 당분간 없다,계획이 이미 정해졌다,은행들은 고정금리대출자 비중이 충분히 늘어난 상황에서 고정금리 특판 대출상품을 내놓을 계획이 이미 정해졌다,9.582625,True
zk_00488,153,train,high,5,은행들은 고정금리대출자 비중이 충분히 늘어난 상황에서 고정금리 특판 대출상품을 내놓을 계획이 당분간 없다,대출상품을 곧 내놓을 계획이다,은행들은 고정금리대출자 비중이 충분히 늘어난 상황에서 고정금리 특판 대출상품을 곧 내놓을 계획이다,9.582625,False
zk_00489,153,train,low,2,한국 국민은 걱정할 필요가 없다고 했는데 구체적으로 뭘 걱정할 필요가 없다는 얘긴지 저도 잘 이해가 안 가는데요,가고 있어요,한국 국민은 걱정할 필요가 없다고 했는데 구체적으로 뭘 걱정할 필요가 없다는 얘긴지 저도 잘 이해가 가고 있어요,8.063,True
zk_00489,153,train,mid,3,한국 국민은 걱정할 필요가 없다고 했는데 구체적으로 뭘 걱정할 필요가 없다는 얘긴지 저도 잘 이해가 안 가는데요,이해가 잘 됩니다,한국 국민은 걱정할 필요가 없다고 했는데 구체적으로 뭘 걱정할 필요가 없다는 얘긴지 저도 잘 이해가 잘 됩니다,8.063,True
zk_00489,153,train,high,5,한국 국민은 걱정할 필요가 없다고 했는데 구체적으로 뭘 걱정할 필요가 없다는 얘긴지 저도 잘 이해가 안 가는데요,저는 완벽하게 이해하고 있습니다,한국 국민은 걱정할 필요가 없다고 했는데 구체적으로 뭘 걱정할 필요가 없다는 얘긴지 저는 완벽하게 이해하고 있습니다,8.063,False
zk_00490,154,train,low,2,재무제표를 통해서도 기업들이 실물투자보다는 현금성 자산 불리기에 주력하고 있음을 확인할 수 있다,수 없다,재무제표를 통해서도 기업들이 실물투자보다는 현금성 자산 불리기에 주력하고 있음을 확인할 수 없다,8.8446875,True
zk_00490,154,train,mid,3,재무제표를 통해서도 기업들이 실물투자보다는 현금성 자산 불리기에 주력하고 있음을 확인할 수 있다,확인할 수 없다,재무제표를 통해서도 기업들이 실물투자보다는 현금성 자산 불리기에 주력하고 있음을 확인할 수 없다,8.8446875,True
zk_00490,154,train,high,5,재무제표를 통해서도 기업들이 실물투자보다는 현금성 자산 불리기에 주력하고 있음을 확인할 수 있다,주력하지 않음을 알 수 있다,재무제표를 통해서도 기업들이 실물투자보다는 현금성 자산 불리기에 주력하지 않음을 알 수 있다,8.8446875,True
zk_00491,154,train,low,2,이천 팔 년 이후 지난해까지 추석 연휴 이후 코스피는 단 두 차례를 제외하고는 매년 부진한 모습을 보였다,모습을 감췄다,이천 팔 년 이후 지난해까지 추석 연휴 이후 코스피는 단 두 차례를 제외하고는 매년 부진한 모습을 감췄다,9.34125,True
zk_00491,154,train,mid,3,이천 팔 년 이후 지난해까지 추석 연휴 이후 코스피는 단 두 차례를 제외하고는 매년 부진한 모습을 보였다,우수한 모습을 보였다,이천 팔 년 이후 지난해까지 추석 연휴 이후 코스피는 단 두 차례를 제외하고는 매년 우수한 모습을 보였다,9.34125,True
zk_00491,154,train,high,5,이천 팔 년 이후 지난해까지 추석 연휴 이후 코스피는 단 두 차례를 제외하고는 매년 부진한 모습을 보였다,제외하고는 매년 우수한 성적을 냈다,이천 팔 년 이후 지난해까지 추석 연휴 이후 코스피는 단 두 차례를 제외하고는 매년 우수한 성적을 냈다,9.34125,True
zk_00492,154,train,low,2,물론 심각한 정신 장애가 있는 사람이라면 정신 건강 전문가의 도움이 필요할 수 있다,없지 않다,물론 심각한 정신 장애가 있는 사람이라면 정신 건강 전문가의 도움이 필요할 없지 않다,6.4285625,True
zk_00492,154,train,mid,3,물론 심각한 정신 장애가 있는 사람이라면 정신 건강 전문가의 도움이 필요할 수 있다,필요하지 않을 수도,물론 심각한 정신 장애가 있는 사람이라면 정신 건강 전문가의 도움이 필요하지 않을 수도,6.4285625,True
zk_00492,154,train,high,5,물론 심각한 정신 장애가 있는 사람이라면 정신 건강 전문가의 도움이 필요할 수 있다,전문가의 도움이 필요없을 수도 있다,물론 심각한 정신 장애가 있는 사람이라면 정신 건강 전문가의 도움이 필요없을 수도 있다,6.4285625,True
zk_00493,154,train,low,2,반면 여권이 좌편향의 표적으로 삼은 칠 종의 검정 한국사 검정교과서는 주체사상의 실체가 아닌 비판적 소개에 집중했다,외면을 했다,반면 여권이 좌편향의 표적으로 삼은 칠 종의 검정 한국사 검정교과서는 주체사상의 실체가 아닌 비판적 외면을 했다,11.46425,True
zk_00493,154,train,mid,3,반면 여권이 좌편향의 표적으로 삼은 칠 종의 검정 한국사 검정교과서는 주체사상의 실체가 아닌 비판적 소개에 집중했다,긍정적 홍보에 집중했다,반면 여권이 좌편향의 표적으로 삼은 칠 종의 검정 한국사 검정교과서는 주체사상의 실체가 아닌 긍정적 홍보에 집중했다,11.46425,True
zk_00493,154,train,high,5,반면 여권이 좌편향의 표적으로 삼은 칠 종의 검정 한국사 검정교과서는 주체사상의 실체가 아닌 비판적 소개에 집중했다,실체를 직접적으로 소개하였다,반면 여권이 좌편향의 표적으로 삼은 칠 종의 검정 한국사 검정교과서는 주체사상의 실체를 직접적으로 소개하였다,11.46425,False
zk_00494,154,train,low,2,검은 덩어리가 실제로 핵연료 파편으로 드러나면 사고 후 육 년 가까이 지나서 처음 발견한 것으로 폐로작업을 하는 과정에서 귀중한 자료가 된다,방해가 된다,검은 덩어리가 실제로 핵연료 파편으로 드러나면 사고 후 육 년 가까이 지나서 처음 발견한 것으로 폐로작업을 하는 과정에서 귀중한 방해가 된다,11.315375,True
zk_00494,154,train,mid,3,검은 덩어리가 실제로 핵연료 파편으로 드러나면 사고 후 육 년 가까이 지나서 처음 발견한 것으로 폐로작업을 하는 과정에서 귀중한 자료가 된다,쓸모없게 된다,검은 덩어리가 실제로 핵연료 파편으로 드러나면 사고 후 육 년 가까이 지나서 처음 발견한 것으로 폐로작업을 하는 과정에서 쓸모없게 된다,11.315375,False
zk_00494,154,train,high,5,검은 덩어리가 실제로 핵연료 파편으로 드러나면 사고 후 육 년 가까이 지나서 처음 발견한 것으로 폐로작업을 하는 과정에서 귀중한 자료가 된다,하는 과정에서 심각한 문제가 생긴다,검은 덩어리가 실제로 핵연료 파편으로 드러나면 사고 후 육 년 가까이 지나서 처음 발견한 것으로 폐로작업을 하는 과정에서 심각한 문제가 생긴다,11.315375,True
zk_00495,154,train,low,2,리포트 아파트 사이의 농지 곳곳 노란색 깃발이 꽂혀 있습니다,빠져 있습니다,리포트 아파트 사이의 농지 곳곳 노란색 깃발이 빠져 있습니다,5.95775,True
zk_00495,154,train,mid,3,리포트 아파트 사이의 농지 곳곳 노란색 깃발이 꽂혀 있습니다,깃발이 제거되었습니다,리포트 아파트 사이의 농지 곳곳 노란색 깃발이 제거되었습니다,5.95775,False
zk_00495,154,train,high,5,리포트 아파트 사이의 농지 곳곳 노란색 깃발이 꽂혀 있습니다,곳곳에 검은색 깃발이 없었습니다,리포트 아파트 사이의 농지 곳곳에 검은색 깃발이 없었습니다,5.95775,False
zk_00496,154,train,low,2,세 번째는 우병우 민정수석에 대한 수사가 아직은 덜 숙성됐기 때문이다,덜 익었다,세 번째는 우병우 민정수석에 대한 수사가 아직은 덜 덜 익었다,6.28325,True
zk_00496,154,train,mid,3,세 번째는 우병우 민정수석에 대한 수사가 아직은 덜 숙성됐기 때문이다,더 숙성됐기 때문이다,세 번째는 우병우 민정수석에 대한 수사가 아직은 더 숙성됐기 때문이다,6.28325,True
zk_00496,154,train,high,5,세 번째는 우병우 민정수석에 대한 수사가 아직은 덜 숙성됐기 때문이다,수사가 이미 충분히 숙성됐기 때문이다,세 번째는 우병우 민정수석에 대한 수사가 이미 충분히 숙성됐기 때문이다,6.28325,True
zk_00497,154,train,low,2,고릴라들이 이렇게 길들여지고 나면 관광객들이 고릴라를 방문할 수 있게 됩니다,못하게 됩니다,고릴라들이 이렇게 길들여지고 나면 관광객들이 고릴라를 방문할 수 못하게 됩니다,7.2508125,True
zk_00497,154,train,mid,3,고릴라들이 이렇게 길들여지고 나면 관광객들이 고릴라를 방문할 수 있게 됩니다,수 없게 됩니다,고릴라들이 이렇게 길들여지고 나면 관광객들이 고릴라를 방문할 수 없게 됩니다,7.2508125,True
zk_00497,154,train,high,5,고릴라들이 이렇게 길들여지고 나면 관광객들이 고릴라를 방문할 수 있게 됩니다,고릴라를 방문할 수 없게 됩니다,고릴라들이 이렇게 길들여지고 나면 관광객들이 고릴라를 방문할 수 없게 됩니다,7.2508125,True
zk_00498,154,train,low,2,사건을 수사중인 안산단원경찰서는 지난 육 일 살인 및 사체유기 등 혐의로 조씨에 대해 구속영장을 신청했다,구속영장을 기각했다,사건을 수사중인 안산단원경찰서는 지난 육 일 살인 및 사체유기 등 혐의로 조씨에 대해 구속영장을 기각했다,10.753125,True
zk_00498,154,train,mid,3,사건을 수사중인 안산단원경찰서는 지난 육 일 살인 및 사체유기 등 혐의로 조씨에 대해 구속영장을 신청했다,대해 불구속영장을 신청했다,사건을 수사중인 안산단원경찰서는 지난 육 일 살인 및 사체유기 등 혐의로 조씨에 대해 불구속영장을 신청했다,10.753125,True
zk_00498,154,train,high,5,사건을 수사중인 안산단원경찰서는 지난 육 일 살인 및 사체유기 등 혐의로 조씨에 대해 구속영장을 신청했다,혐의를 부인하며 석방하기로 했다,사건을 수사중인 안산단원경찰서는 지난 육 일 살인 및 사체유기 등 혐의를 부인하며 석방하기로 했다,10.753125,False
zk_00499,154,train,low,2,그는 성서 계시록에 기록된 매우 인상적인 환상을 받은 후에 경외심에 사로잡힌 나머지 환상을 보여 준 천사의 발 앞에 숭배하려고 엎드렸습니다,거부하고 일어났습니다,그는 성서 계시록에 기록된 매우 인상적인 환상을 받은 후에 경외심에 사로잡힌 나머지 환상을 보여 준 천사의 발 앞에 거부하고 일어났습니다,11.52225,True
zk_00499,154,train,mid,3,그는 성서 계시록에 기록된 매우 인상적인 환상을 받은 후에 경외심에 사로잡힌 나머지 환상을 보여 준 천사의 발 앞에 숭배하려고 엎드렸습니다,앞에 거부하고 돌았습니다,그는 성서 계시록에 기록된 매우 인상적인 환상을 받은 후에 경외심에 사로잡힌 나머지 환상을 보여 준 천사의 발 앞에 거부하고 돌았습니다,11.52225,True
zk_00499,154,train,high,5,그는 성서 계시록에 기록된 매우 인상적인 환상을 받은 후에 경외심에 사로잡힌 나머지 환상을 보여 준 천사의 발 앞에 숭배하려고 엎드렸습니다,천사의 발 앞에서 거부했습니다,그는 성서 계시록에 기록된 매우 인상적인 환상을 받은 후에 경외심에 사로잡힌 나머지 환상을 보여 준 천사의 발 앞에서 거부했습니다,11.52225,False
zk_00500,157,train,low,2,우리는 위기의 진앙이 아닌 안전지대가 됐다는 말까지 나올 정도였다,나오지 않았다,우리는 위기의 진앙이 아닌 안전지대가 됐다는 말까지 나오지 않았다,5.1114375,True
zk_00500,157,train,mid,3,우리는 위기의 진앙이 아닌 안전지대가 됐다는 말까지 나올 정도였다,말도 못 나왔다,우리는 위기의 진앙이 아닌 안전지대가 됐다는 말도 못 나왔다,5.1114375,True
zk_00500,157,train,high,5,우리는 위기의 진앙이 아닌 안전지대가 됐다는 말까지 나올 정도였다,위험지대가 됐다는 말까지 나올 정도였다,우리는 위기의 진앙이 아닌 위험지대가 됐다는 말까지 나올 정도였다,5.1114375,True
zk_00501,157,train,low,2,경찰은 도대체 무엇을 하느냐며 공안당국으로도 비판의 화살이 빗발쳤다,화살이 멈췄다,경찰은 도대체 무엇을 하느냐며 공안당국으로도 비판의 화살이 멈췄다,5.232125,True
zk_00501,157,train,mid,3,경찰은 도대체 무엇을 하느냐며 공안당국으로도 비판의 화살이 빗발쳤다,칭찬의 목소리 넘쳤다,경찰은 도대체 무엇을 하느냐며 공안당국으로도 칭찬의 목소리 넘쳤다,5.232125,True
zk_00501,157,train,high,5,경찰은 도대체 무엇을 하느냐며 공안당국으로도 비판의 화살이 빗발쳤다,공안당국을 지지하는 목소리가 매우 높았다,경찰은 도대체 무엇을 공안당국을 지지하는 목소리가 매우 높았다,5.232125,True
zk_00502,157,train,low,2,이천 십 오 년 우리나라 최저임금은 올해보다 칠 쩜 일 퍼센트 증가한 오천 오백 팔십 원이다,구백 원이다,이천 십 오 년 우리나라 최저임금은 올해보다 칠 쩜 일 퍼센트 증가한 오천 오백 구백 원이다,5.995375,True
zk_00502,157,train,mid,3,이천 십 오 년 우리나라 최저임금은 올해보다 칠 쩜 일 퍼센트 증가한 오천 오백 팔십 원이다,오백 팔십 아니다,이천 십 오 년 우리나라 최저임금은 올해보다 칠 쩜 일 퍼센트 증가한 오천 오백 팔십 아니다,5.995375,True
zk_00502,157,train,high,5,이천 십 오 년 우리나라 최저임금은 올해보다 칠 쩜 일 퍼센트 증가한 오천 오백 팔십 원이다,감소한 오천 오백 팔십 원이다,이천 십 오 년 우리나라 최저임금은 올해보다 칠 쩜 일 퍼센트 감소한 오천 오백 팔십 원이다,5.995375,True
zk_00503,157,train,low,2,하지만 그렇게 하기 위해서는 먼저 남자와 여자가 대화하는 방식에 차이가 있다는 것을 알아야 합니다,몰라도 됩니다,하지만 그렇게 하기 위해서는 먼저 남자와 여자가 대화하는 방식에 차이가 있다는 것을 몰라도 됩니다,6.2175625,True
zk_00503,157,train,mid,3,하지만 그렇게 하기 위해서는 먼저 남자와 여자가 대화하는 방식에 차이가 있다는 것을 알아야 합니다,것을 잊어야 합니다,하지만 그렇게 하기 위해서는 먼저 남자와 여자가 대화하는 방식에 차이가 있다는 것을 잊어야 합니다,6.2175625,True
zk_00503,157,train,high,5,하지만 그렇게 하기 위해서는 먼저 남자와 여자가 대화하는 방식에 차이가 있다는 것을 알아야 합니다,차이가 없다는 것을 알아야 합니다,하지만 그렇게 하기 위해서는 먼저 남자와 여자가 대화하는 방식에 차이가 없다는 것을 알아야 합니다,6.2175625,True
zk_00504,157,train,low,2,한국과 중국의 연말 표정이 사뭇 다른 것 중의 하나가구세군 자선냄비다,하나가구세군 기부거절,한국과 중국의 연말 표정이 사뭇 다른 것 중의 하나가구세군 기부거절,5.008,True
zk_00504,157,train,mid,3,한국과 중국의 연말 표정이 사뭇 다른 것 중의 하나가구세군 자선냄비다,중의 하나가 구걸이다,한국과 중국의 연말 표정이 사뭇 다른 것 중의 하나가 구걸이다,5.008,True
zk_00504,157,train,high,5,한국과 중국의 연말 표정이 사뭇 다른 것 중의 하나가구세군 자선냄비다,구세군 자선냄비는 아니다,한국과 중국의 연말 표정이 사뭇 구세군 자선냄비는 아니다,5.008,False
zk_00505,157,train,low,2,문 이사장은 삼성물산 제일모직 합병과 관련해 이십 사 일 검찰 조사를 받았고 직권남용 혐의로도 고발됐다,혐의로도 인정됐다,문 이사장은 삼성물산 제일모직 합병과 관련해 이십 사 일 검찰 조사를 받았고 직권남용 혐의로도 인정됐다,7.041875,True
zk_00505,157,train,mid,3,문 이사장은 삼성물산 제일모직 합병과 관련해 이십 사 일 검찰 조사를 받았고 직권남용 혐의로도 고발됐다,직권남용 혐의로도 기각됐다,문 이사장은 삼성물산 제일모직 합병과 관련해 이십 사 일 검찰 조사를 받았고 직권남용 혐의로도 기각됐다,7.041875,True
zk_00505,157,train,high,5,문 이사장은 삼성물산 제일모직 합병과 관련해 이십 사 일 검찰 조사를 받았고 직권남용 혐의로도 고발됐다,조사를 받지 않고 무혐의로 판단됐다,문 이사장은 삼성물산 제일모직 합병과 관련해 이십 사 일 검찰 조사를 받지 않고 무혐의로 판단됐다,7.041875,True
zk_00506,157,train,low,2,서울신문 김기찬 교수 사 차 산업혁명을 대표할 수 있는 기업을 뽑고자 노력했다,피하고자 노력했다,서울신문 김기찬 교수 사 차 산업혁명을 대표할 수 있는 기업을 피하고자 노력했다,5.5931875,True
zk_00506,157,train,mid,3,서울신문 김기찬 교수 사 차 산업혁명을 대표할 수 있는 기업을 뽑고자 노력했다,기업을 피하고자 노력했다,서울신문 김기찬 교수 사 차 산업혁명을 대표할 수 있는 기업을 피하고자 노력했다,5.5931875,True
zk_00506,157,train,high,5,서울신문 김기찬 교수 사 차 산업혁명을 대표할 수 있는 기업을 뽑고자 노력했다,피하고자 노력을 기울였다,서울신문 김기찬 교수 사 차 산업혁명을 대표할 피하고자 노력을 기울였다,5.5931875,False
zk_00507,157,train,low,2,이 단지는 지하철 분당선 서울숲역이 가까워 역세권 입지를 갖춘 데다 중랑천과 서울숲이 가까이에 있어 자연경관이 좋고 한강도 조망할 수 있다,없을 것이다,이 단지는 지하철 분당선 서울숲역이 가까워 역세권 입지를 갖춘 데다 중랑천과 서울숲이 가까이에 있어 자연경관이 좋고 한강도 조망할 없을 것이다,8.2993125,True
zk_00507,157,train,mid,3,이 단지는 지하철 분당선 서울숲역이 가까워 역세권 입지를 갖춘 데다 중랑천과 서울숲이 가까이에 있어 자연경관이 좋고 한강도 조망할 수 있다,놓칠 수 있다,이 단지는 지하철 분당선 서울숲역이 가까워 역세권 입지를 갖춘 데다 중랑천과 서울숲이 가까이에 있어 자연경관이 좋고 한강도 놓칠 수 있다,8.2993125,True
zk_00507,157,train,high,5,이 단지는 지하철 분당선 서울숲역이 가까워 역세권 입지를 갖춘 데다 중랑천과 서울숲이 가까이에 있어 자연경관이 좋고 한강도 조망할 수 있다,좋지만 한강은 전혀 보이지 않는다,이 단지는 지하철 분당선 서울숲역이 가까워 역세권 입지를 갖춘 데다 중랑천과 서울숲이 가까이에 있어 자연경관이 좋지만 한강은 전혀 보이지 않는다,8.2993125,True
zk_00508,157,train,low,2,지하철 일 호선과 칠 호선이 만나는 구로구 온수동도 평당 비용이 삼 만 육천 원 정도로 저렴했다,정도로 비쌌다,지하철 일 호선과 칠 호선이 만나는 구로구 온수동도 평당 비용이 삼 만 육천 원 정도로 비쌌다,6.351125,True
zk_00508,157,train,mid,3,지하철 일 호선과 칠 호선이 만나는 구로구 온수동도 평당 비용이 삼 만 육천 원 정도로 저렴했다,원 정도로 비쌌다,지하철 일 호선과 칠 호선이 만나는 구로구 온수동도 평당 비용이 삼 만 육천 원 정도로 비쌌다,6.351125,True
zk_00508,157,train,high,5,지하철 일 호선과 칠 호선이 만나는 구로구 온수동도 평당 비용이 삼 만 육천 원 정도로 저렴했다,오십만 원 정도로 매우 비쌌다,지하철 일 호선과 칠 호선이 만나는 구로구 온수동도 평당 비용이 삼 오십만 원 정도로 매우 비쌌다,6.351125,True
zk_00509,157,train,low,2,교육부 관계자는 이영 차관이 해임을 포함해 조치를 논의하겠다고 밝혔고 그 후 진전된 내용은 없다고 했다,있다고 했다,교육부 관계자는 이영 차관이 해임을 포함해 조치를 논의하겠다고 밝혔고 그 후 진전된 내용은 있다고 했다,6.61625,True
zk_00509,157,train,mid,3,교육부 관계자는 이영 차관이 해임을 포함해 조치를 논의하겠다고 밝혔고 그 후 진전된 내용은 없다고 했다,내용이 있다고 했다,교육부 관계자는 이영 차관이 해임을 포함해 조치를 논의하겠다고 밝혔고 그 후 진전된 내용이 있다고 했다,6.61625,True
zk_00509,157,train,high,5,교육부 관계자는 이영 차관이 해임을 포함해 조치를 논의하겠다고 밝혔고 그 후 진전된 내용은 없다고 했다,후 진전된 내용이 많다고 했다,교육부 관계자는 이영 차관이 해임을 포함해 조치를 논의하겠다고 밝혔고 그 후 진전된 내용이 많다고 했다,6.61625,True
zk_00510,158,train,low,2,즉 아무리 어린아이가 한 낙서일지라도 자연적 현상이 아니라 고의나 과실에 의한 행위이기 때문에 하자보수의 범위로 간주된다,범위로 제외된다,즉 아무리 어린아이가 한 낙서일지라도 자연적 현상이 아니라 고의나 과실에 의한 행위이기 때문에 하자보수의 범위로 제외된다,7.9909375,True
zk_00510,158,train,mid,3,즉 아무리 어린아이가 한 낙서일지라도 자연적 현상이 아니라 고의나 과실에 의한 행위이기 때문에 하자보수의 범위로 간주된다,하자보수의 범위를 벗어난다,즉 아무리 어린아이가 한 낙서일지라도 자연적 현상이 아니라 고의나 과실에 의한 행위이기 때문에 하자보수의 범위를 벗어난다,7.9909375,True
zk_00510,158,train,high,5,즉 아무리 어린아이가 한 낙서일지라도 자연적 현상이 아니라 고의나 과실에 의한 행위이기 때문에 하자보수의 범위로 간주된다,행위이기 때문에 보증의 범위를 벗어난다,즉 아무리 어린아이가 한 낙서일지라도 자연적 현상이 아니라 고의나 과실에 의한 행위이기 때문에 보증의 범위를 벗어난다,7.9909375,True
zk_00511,158,train,low,2,공부를 하거나 경험을 하면 신경세포의 연결망이 재조직되거나 연결 강도가 바뀌면서 기억이나 판단 능력이 생긴다,능력이 없어진다,공부를 하거나 경험을 하면 신경세포의 연결망이 재조직되거나 연결 강도가 바뀌면서 기억이나 판단 능력이 없어진다,6.8689375,True
zk_00511,158,train,mid,3,공부를 하거나 경험을 하면 신경세포의 연결망이 재조직되거나 연결 강도가 바뀌면서 기억이나 판단 능력이 생긴다,판단 능력이 떨어진다,공부를 하거나 경험을 하면 신경세포의 연결망이 재조직되거나 연결 강도가 바뀌면서 기억이나 판단 능력이 떨어진다,6.8689375,True
zk_00511,158,train,high,5,공부를 하거나 경험을 하면 신경세포의 연결망이 재조직되거나 연결 강도가 바뀌면서 기억이나 판단 능력이 생긴다,바뀌면서 기억이나 판단 능력이 없어진다,공부를 하거나 경험을 하면 신경세포의 연결망이 재조직되거나 연결 강도가 바뀌면서 기억이나 판단 능력이 없어진다,6.8689375,True
zk_00512,158,train,low,2,그런데 지금 미국은 중국보고 하라고 했는데 하지 않으면 우리가 하겠다 이러고 있는데요,그러지 않는데요,그런데 지금 미국은 중국보고 하라고 했는데 하지 않으면 우리가 하겠다 그러지 않는데요,7.844,True
zk_00512,158,train,mid,3,그런데 지금 미국은 중국보고 하라고 했는데 하지 않으면 우리가 하겠다 이러고 있는데요,못하겠다 이러고 있는데요,그런데 지금 미국은 중국보고 하라고 했는데 하지 않으면 우리가 못하겠다 이러고 있는데요,7.844,True
zk_00512,158,train,high,5,그런데 지금 미국은 중국보고 하라고 했는데 하지 않으면 우리가 하겠다 이러고 있는데요,하면 너희가 하지 말라고 하는데요,그런데 지금 미국은 중국보고 하라고 했는데 하지 하면 너희가 하지 말라고 하는데요,7.844,True
zk_00513,158,train,low,2,우리들처럼 먹성 좋은 나이에는 매 끼니가 잔치고 축제입니다,"비통입니다.

아니, 다시:

슬프고 단정입니다.","우리들처럼 먹성 좋은 나이에는 매 끼니가 비통입니다.

아니, 다시:

슬프고 단정입니다.",5.0835625,False
zk_00513,158,train,mid,3,우리들처럼 먹성 좋은 나이에는 매 끼니가 잔치고 축제입니다,끼니가 고달프기만 합니다,우리들처럼 먹성 좋은 나이에는 매 끼니가 고달프기만 합니다,5.0835625,True
zk_00513,158,train,high,5,우리들처럼 먹성 좋은 나이에는 매 끼니가 잔치고 축제입니다,늙어서는 매 끼니가 괴로운 일이다,우리들처럼 먹성 좋은 늙어서는 매 끼니가 괴로운 일이다,5.0835625,True
zk_00514,158,train,low,2,극도의 감정적인 괴로움이나 우울증을 겪는 경우라면 의학적인 치료가 필요할 수도 있다,수 없다,극도의 감정적인 괴로움이나 우울증을 겪는 경우라면 의학적인 치료가 필요할 수 없다,6.816125,True
zk_00514,158,train,mid,3,극도의 감정적인 괴로움이나 우울증을 겪는 경우라면 의학적인 치료가 필요할 수도 있다,필요없을 수도,극도의 감정적인 괴로움이나 우울증을 겪는 경우라면 의학적인 치료가 필요없을 수도,6.816125,False
zk_00514,158,train,high,5,극도의 감정적인 괴로움이나 우울증을 겪는 경우라면 의학적인 치료가 필요할 수도 있다,의학적인 치료는 필요 없을 것이다,극도의 감정적인 괴로움이나 우울증을 겪는 경우라면 의학적인 치료는 필요 없을 것이다,6.816125,True
zk_00515,158,train,low,2,과거 신용카드 복제 사고의 대부분은 마그네틱선 복제였다,마그네틱선 위조였다,과거 신용카드 복제 사고의 대부분은 마그네틱선 위조였다,5.0170625,True
zk_00515,158,train,mid,3,과거 신용카드 복제 사고의 대부분은 마그네틱선 복제였다,대부분은 마그네틱선 원본이었다,과거 신용카드 복제 사고의 대부분은 마그네틱선 원본이었다,5.0170625,True
zk_00515,158,train,high,5,과거 신용카드 복제 사고의 대부분은 마그네틱선 복제였다,복제 사고의 대부분은 소프트웨어 오류였다,과거 신용카드 복제 사고의 대부분은 소프트웨어 오류였다,5.0170625,True
zk_00516,158,train,low,2,자기계발비가 너무 적어 가족당 외출을 한 달에 한 두 번밖에 못할 명세서도 등장했다,명세서도 빠졌다,자기계발비가 너무 적어 가족당 외출을 한 달에 한 두 번밖에 못할 명세서도 빠졌다,6.80725,True
zk_00516,158,train,mid,3,자기계발비가 너무 적어 가족당 외출을 한 달에 한 두 번밖에 못할 명세서도 등장했다,할 수 있었다,자기계발비가 너무 적어 가족당 외출을 한 달에 한 두 번밖에 할 수 있었다,6.80725,True
zk_00516,158,train,high,5,자기계발비가 너무 적어 가족당 외출을 한 달에 한 두 번밖에 못할 명세서도 등장했다,한 번도 못할 명세서도 등장했다,자기계발비가 너무 적어 가족당 외출을 한 달에 한 한 번도 못할 명세서도 등장했다,6.80725,True
zk_00517,158,train,low,2,크레인 기사하고 현대 크레인 기사하고 머구리 기사하고 미팅하기로 했다,미팅 거절했다,크레인 기사하고 현대 크레인 기사하고 머구리 기사하고 미팅 거절했다,5.87775,True
zk_00517,158,train,mid,3,크레인 기사하고 현대 크레인 기사하고 머구리 기사하고 미팅하기로 했다,기사하고 미팅 취소했다,크레인 기사하고 현대 크레인 기사하고 머구리 기사하고 미팅 취소했다,5.87775,True
zk_00517,158,train,high,5,크레인 기사하고 현대 크레인 기사하고 머구리 기사하고 미팅하기로 했다,기사하고 머구리 기사하고 헤어지기로 했다,크레인 기사하고 현대 크레인 기사하고 머구리 기사하고 헤어지기로 했다,5.87775,True
zk_00518,158,train,low,2,정부는 전국에 있는 사 대 강 보를 통해 확보된 물을 더 효율적으로 활용할 수 있도록 사 대 강 수자원 활용 개선 방안 용역도 시행 중이다,시행 중단됨,정부는 전국에 있는 사 대 강 보를 통해 확보된 물을 더 효율적으로 활용할 수 있도록 사 대 강 수자원 활용 개선 방안 용역도 시행 중단됨,9.7458125,True
zk_00518,158,train,mid,3,정부는 전국에 있는 사 대 강 보를 통해 확보된 물을 더 효율적으로 활용할 수 있도록 사 대 강 수자원 활용 개선 방안 용역도 시행 중이다,용역은 완전히 중단되었다,정부는 전국에 있는 사 대 강 보를 통해 확보된 물을 더 효율적으로 활용할 수 있도록 사 대 강 수자원 활용 개선 방안 용역은 완전히 중단되었다,9.7458125,True
zk_00518,158,train,high,5,정부는 전국에 있는 사 대 강 보를 통해 확보된 물을 더 효율적으로 활용할 수 있도록 사 대 강 수자원 활용 개선 방안 용역도 시행 중이다,개선 방안 용역은 완전히 중단되었다,정부는 전국에 있는 사 대 강 보를 통해 확보된 물을 더 효율적으로 활용할 수 있도록 사 대 강 수자원 활용 개선 방안 용역은 완전히 중단되었다,9.7458125,True
zk_00519,158,train,low,2,괌으로 날아간 미사일은 발사 위치에 따라 사드 레이더의 탐지거리를 벗어날 수도 있다,없을 수도,괌으로 날아간 미사일은 발사 위치에 따라 사드 레이더의 탐지거리를 벗어날 없을 수도,6.3531875,True
zk_00519,158,train,mid,3,괌으로 날아간 미사일은 발사 위치에 따라 사드 레이더의 탐지거리를 벗어날 수도 있다,빠져들 수도 있다,괌으로 날아간 미사일은 발사 위치에 따라 사드 레이더의 탐지거리를 빠져들 수도 있다,6.3531875,True
zk_00519,158,train,high,5,괌으로 날아간 미사일은 발사 위치에 따라 사드 레이더의 탐지거리를 벗어날 수도 있다,레이더의 탐지거리 안에 항상 있다,괌으로 날아간 미사일은 발사 위치에 따라 사드 레이더의 탐지거리 안에 항상 있다,6.3531875,True
zk_00520,163,train,low,2,과학자들은 그들이 만든 기후 모델의 정확성과 신뢰성이 개선되기를 바라고 있습니다,우려하고 있습니다,과학자들은 그들이 만든 기후 모델의 정확성과 신뢰성이 개선되기를 우려하고 있습니다,5.904,True
zk_00520,163,train,mid,3,과학자들은 그들이 만든 기후 모델의 정확성과 신뢰성이 개선되기를 바라고 있습니다,악화될 것으로 우려합니다,과학자들은 그들이 만든 기후 모델의 정확성과 신뢰성이 악화될 것으로 우려합니다,5.904,True
zk_00520,163,train,high,5,과학자들은 그들이 만든 기후 모델의 정확성과 신뢰성이 개선되기를 바라고 있습니다,정확성과 신뢰성이 계속 악화되고 있습니다,과학자들은 그들이 만든 기후 모델의 정확성과 신뢰성이 계속 악화되고 있습니다,5.904,True
zk_00521,163,train,low,2,당시 주유소가 내건 휘발유 가격은 리터당 일 천 삼백 오십 칠 원,팔 원,당시 주유소가 내건 휘발유 가격은 리터당 일 천 삼백 오십 팔 원,5.143,True
zk_00521,163,train,mid,3,당시 주유소가 내건 휘발유 가격은 리터당 일 천 삼백 오십 칠 원,오백 칠십 원,당시 주유소가 내건 휘발유 가격은 리터당 일 천 삼백 오백 칠십 원,5.143,True
zk_00521,163,train,high,5,당시 주유소가 내건 휘발유 가격은 리터당 일 천 삼백 오십 칠 원,이천 오백 구십 삼 원,당시 주유소가 내건 휘발유 가격은 리터당 일 이천 오백 구십 삼 원,5.143,True
zk_00522,163,train,low,2,중국 관영 글로벌타임스는 한국이 미국의 괴뢰가 되려고 작심한다면 중국이 그에 맞서야 할 것이라고 그런 생각을 드러낸 바 있다,없던 것이다,중국 관영 글로벌타임스는 한국이 미국의 괴뢰가 되려고 작심한다면 중국이 그에 맞서야 할 것이라고 그런 생각을 드러낸 없던 것이다,8.30675,True
zk_00522,163,train,mid,3,중국 관영 글로벌타임스는 한국이 미국의 괴뢰가 되려고 작심한다면 중국이 그에 맞서야 할 것이라고 그런 생각을 드러낸 바 있다,숨긴 바 있다,중국 관영 글로벌타임스는 한국이 미국의 괴뢰가 되려고 작심한다면 중국이 그에 맞서야 할 것이라고 그런 생각을 숨긴 바 있다,8.30675,True
zk_00522,163,train,high,5,중국 관영 글로벌타임스는 한국이 미국의 괴뢰가 되려고 작심한다면 중국이 그에 맞서야 할 것이라고 그런 생각을 드러낸 바 있다,그런 생각을 부인한 바 있다,중국 관영 글로벌타임스는 한국이 미국의 괴뢰가 되려고 작심한다면 중국이 그에 맞서야 할 것이라고 그런 생각을 부인한 바 있다,8.30675,True
zk_00523,163,train,low,2,조 사무총장은 다른 항공사들 같으면 곤란하다 우리도 힘들다고 했을 만한 상황이었다,어려운 상황이었다,조 사무총장은 다른 항공사들 같으면 곤란하다 우리도 힘들다고 했을 어려운 상황이었다,6.015875,True
zk_00523,163,train,mid,3,조 사무총장은 다른 항공사들 같으면 곤란하다 우리도 힘들다고 했을 만한 상황이었다,하지 않은 상황이었다,조 사무총장은 다른 항공사들 같으면 곤란하다 우리도 힘들다고 하지 않은 상황이었다,6.015875,True
zk_00523,163,train,high,5,조 사무총장은 다른 항공사들 같으면 곤란하다 우리도 힘들다고 했을 만한 상황이었다,우리도 쉬웠다고 했을 만한 상황이었다,조 사무총장은 다른 항공사들 같으면 곤란하다 우리도 쉬웠다고 했을 만한 상황이었다,6.015875,True
zk_00524,163,train,low,2,은행 예금을 인출해 도피자금을 마련한 두 사람은 이전까지 쓰던 휴대전화를 비롯해 의료보험 신용카드 교통카드 등 자신들의 행적을 노출할 수 있는 어떤 수단도 쓰지 않았다,적극 활용했다,은행 예금을 인출해 도피자금을 마련한 두 사람은 이전까지 쓰던 휴대전화를 비롯해 의료보험 신용카드 교통카드 등 자신들의 행적을 노출할 수 있는 어떤 수단도 적극 활용했다,10.7988125,True
zk_00524,163,train,mid,3,은행 예금을 인출해 도피자금을 마련한 두 사람은 이전까지 쓰던 휴대전화를 비롯해 의료보험 신용카드 교통카드 등 자신들의 행적을 노출할 수 있는 어떤 수단도 쓰지 않았다,수단을 적극 활용했다,은행 예금을 인출해 도피자금을 마련한 두 사람은 이전까지 쓰던 휴대전화를 비롯해 의료보험 신용카드 교통카드 등 자신들의 행적을 노출할 수 있는 어떤 수단을 적극 활용했다,10.7988125,True
zk_00524,163,train,high,5,은행 예금을 인출해 도피자금을 마련한 두 사람은 이전까지 쓰던 휴대전화를 비롯해 의료보험 신용카드 교통카드 등 자신들의 행적을 노출할 수 있는 어떤 수단도 쓰지 않았다,있는 모든 수단을 다 썼다,은행 예금을 인출해 도피자금을 마련한 두 사람은 이전까지 쓰던 휴대전화를 비롯해 의료보험 신용카드 교통카드 등 자신들의 행적을 노출할 수 있는 모든 수단을 다 썼다,10.7988125,True
zk_00525,163,train,low,2,와이제이콥스메디칼이요 안 수석은 먼저 박 씨가 보낸 선물에 대해 아내로부터 점수를 많이 땄다며 고마움을 표시합니다,불평을 드립니다,와이제이콥스메디칼이요 안 수석은 먼저 박 씨가 보낸 선물에 대해 아내로부터 점수를 많이 땄다며 불평을 드립니다,7.61675,True
zk_00525,163,train,mid,3,와이제이콥스메디칼이요 안 수석은 먼저 박 씨가 보낸 선물에 대해 아내로부터 점수를 많이 땄다며 고마움을 표시합니다,땄다며 불평을 합니다,와이제이콥스메디칼이요 안 수석은 먼저 박 씨가 보낸 선물에 대해 아내로부터 점수를 많이 땄다며 불평을 합니다,7.61675,True
zk_00525,163,train,high,5,와이제이콥스메디칼이요 안 수석은 먼저 박 씨가 보낸 선물에 대해 아내로부터 점수를 많이 땄다며 고마움을 표시합니다,점수를 적게 땔 수 있을까,와이제이콥스메디칼이요 안 수석은 먼저 박 씨가 보낸 선물에 대해 아내로부터 점수를 적게 땔 수 있을까,7.61675,True
zk_00526,163,train,low,2,대통령이 가정주부라고 했던 최순실씨가 세관장 인사에까지 개입했다는 증거가 새롭게 제기된겁니다,오래전부터 있었습니다,대통령이 가정주부라고 했던 최순실씨가 세관장 인사에까지 개입했다는 증거가 오래전부터 있었습니다,7.3909375,True
zk_00526,163,train,mid,3,대통령이 가정주부라고 했던 최순실씨가 세관장 인사에까지 개입했다는 증거가 새롭게 제기된겁니다,증거가 철회된겁니다,대통령이 가정주부라고 했던 최순실씨가 세관장 인사에까지 개입했다는 증거가 철회된겁니다,7.3909375,False
zk_00526,163,train,high,5,대통령이 가정주부라고 했던 최순실씨가 세관장 인사에까지 개입했다는 증거가 새롭게 제기된겁니다,인사에까지 개입하지 않았다는 주장이 제기된겁니다,대통령이 가정주부라고 했던 최순실씨가 세관장 인사에까지 개입하지 않았다는 주장이 제기된겁니다,7.3909375,True
zk_00527,163,train,low,2,그런데 이런 시대착오적인 욕설까지 서슴지 않는 사람이 과연 이것만 했을까요,이것만 했나요,그런데 이런 시대착오적인 욕설까지 서슴지 않는 사람이 과연 이것만 했나요,5.7915625,True
zk_00527,163,train,mid,3,그런데 이런 시대착오적인 욕설까지 서슴지 않는 사람이 과연 이것만 했을까요,분명 이것만 했어,그런데 이런 시대착오적인 욕설까지 서슴지 않는 사람이 분명 이것만 했어,5.7915625,True
zk_00527,163,train,high,5,그런데 이런 시대착오적인 욕설까지 서슴지 않는 사람이 과연 이것만 했을까요,하는 사람이 과연 이것만 했을까요,그런데 이런 시대착오적인 욕설까지 서슴지 하는 사람이 과연 이것만 했을까요,5.7915625,True
zk_00528,163,train,low,2,노효동 특파원 미국 최대의 방산업체인 록히드마틴이 지난 이십 구 일 한 미 양국이 사드 문제를 논의 중이라고 했던 주장을 하루 만에 뒤집었다,만에 세웠다,노효동 특파원 미국 최대의 방산업체인 록히드마틴이 지난 이십 구 일 한 미 양국이 사드 문제를 논의 중이라고 했던 주장을 하루 만에 세웠다,9.2455625,True
zk_00528,163,train,mid,3,노효동 특파원 미국 최대의 방산업체인 록히드마틴이 지난 이십 구 일 한 미 양국이 사드 문제를 논의 중이라고 했던 주장을 하루 만에 뒤집었다,여러 날이 걸렸다,노효동 특파원 미국 최대의 방산업체인 록히드마틴이 지난 이십 구 일 한 미 양국이 사드 문제를 논의 중이라고 했던 주장을 여러 날이 걸렸다,9.2455625,True
zk_00528,163,train,high,5,노효동 특파원 미국 최대의 방산업체인 록히드마틴이 지난 이십 구 일 한 미 양국이 사드 문제를 논의 중이라고 했던 주장을 하루 만에 뒤집었다,했던 주장을 끝까지 철저히 지켰다,노효동 특파원 미국 최대의 방산업체인 록히드마틴이 지난 이십 구 일 한 미 양국이 사드 문제를 논의 중이라고 했던 주장을 끝까지 철저히 지켰다,9.2455625,True
zk_00529,163,train,low,2,게다가 무료급식을 지원받는다는 사실을 반 친구들에게 들키고 싶지 않은 마음도 컸습니다,마음도 작았습니다,게다가 무료급식을 지원받는다는 사실을 반 친구들에게 들키고 싶지 않은 마음도 작았습니다,6.10125,True
zk_00529,163,train,mid,3,게다가 무료급식을 지원받는다는 사실을 반 친구들에게 들키고 싶지 않은 마음도 컸습니다,있는 마음도 작았습니다,게다가 무료급식을 지원받는다는 사실을 반 친구들에게 들키고 싶지 있는 마음도 작았습니다,6.10125,True
zk_00529,163,train,high,5,게다가 무료급식을 지원받는다는 사실을 반 친구들에게 들키고 싶지 않은 마음도 컸습니다,드러내고 싶은 마음이 더 컸습니다,게다가 무료급식을 지원받는다는 사실을 반 친구들에게 드러내고 싶은 마음이 더 컸습니다,6.10125,True
zk_00530,164,train,low,2,또한 장인은 북 내부에 야자유를 바른 다음 햇빛에 말리는 경우도 있습니다,경우도 없습니다,또한 장인은 북 내부에 야자유를 바른 다음 햇빛에 말리는 경우도 없습니다,6.3406875,True
zk_00530,164,train,mid,3,또한 장인은 북 내부에 야자유를 바른 다음 햇빛에 말리는 경우도 있습니다,권장하는 경우도 있습니다,또한 장인은 북 내부에 야자유를 바른 다음 햇빛에 권장하는 경우도 있습니다,6.3406875,True
zk_00530,164,train,high,5,또한 장인은 북 내부에 야자유를 바른 다음 햇빛에 말리는 경우도 있습니다,어두운 곳에서 말리는 경우도 있습니다,또한 장인은 북 내부에 야자유를 바른 어두운 곳에서 말리는 경우도 있습니다,6.3406875,True
zk_00531,164,train,low,2,실제로 인터넷에는 로스쿨 출신 신규 법관의 가족 정보가 돌고 있다,멈춰 있다,실제로 인터넷에는 로스쿨 출신 신규 법관의 가족 정보가 멈춰 있다,6.4944375,True
zk_00531,164,train,mid,3,실제로 인터넷에는 로스쿨 출신 신규 법관의 가족 정보가 돌고 있다,정보가 숨겨져 있다,실제로 인터넷에는 로스쿨 출신 신규 법관의 가족 정보가 숨겨져 있다,6.4944375,True
zk_00531,164,train,high,5,실제로 인터넷에는 로스쿨 출신 신규 법관의 가족 정보가 돌고 있다,법관의 가족 정보가 보호되고 있다,실제로 인터넷에는 로스쿨 출신 신규 법관의 가족 정보가 보호되고 있다,6.4944375,True
zk_00532,164,train,low,2,그러나 대통령 측은 그동안 변론에서 탄핵심판 사안의 중대성을 고려할 때 명확한 사실관계 확인이 필요하다고 주장해왔다,불필요하다고 주장해왔다,그러나 대통령 측은 그동안 변론에서 탄핵심판 사안의 중대성을 고려할 때 명확한 사실관계 확인이 불필요하다고 주장해왔다,9.991875,True
zk_00532,164,train,mid,3,그러나 대통령 측은 그동안 변론에서 탄핵심판 사안의 중대성을 고려할 때 명확한 사실관계 확인이 필요하다고 주장해왔다,확인이 불필요하다고 주장해왔다,그러나 대통령 측은 그동안 변론에서 탄핵심판 사안의 중대성을 고려할 때 명확한 사실관계 확인이 불필요하다고 주장해왔다,9.991875,True
zk_00532,164,train,high,5,그러나 대통령 측은 그동안 변론에서 탄핵심판 사안의 중대성을 고려할 때 명확한 사실관계 확인이 필요하다고 주장해왔다,모든 사실관계를 이미 파악했다고 주장해왔다,그러나 대통령 측은 그동안 변론에서 탄핵심판 사안의 중대성을 고려할 때 모든 사실관계를 이미 파악했다고 주장해왔다,9.991875,True
zk_00533,164,train,low,2,북한에선 남녀 모두에게 책임을 묻고 피해자인 여성은 사회적으로 매장된다는 것이 탈북 여성들의 공통된 증언이다,개별적 주장이다,북한에선 남녀 모두에게 책임을 묻고 피해자인 여성은 사회적으로 매장된다는 것이 탈북 여성들의 개별적 주장이다,9.4331875,True
zk_00533,164,train,mid,3,북한에선 남녀 모두에게 책임을 묻고 피해자인 여성은 사회적으로 매장된다는 것이 탈북 여성들의 공통된 증언이다,여성들의 일관된 부인이다,북한에선 남녀 모두에게 책임을 묻고 피해자인 여성은 사회적으로 매장된다는 것이 탈북 여성들의 일관된 부인이다,9.4331875,True
zk_00533,164,train,high,5,북한에선 남녀 모두에게 책임을 묻고 피해자인 여성은 사회적으로 매장된다는 것이 탈북 여성들의 공통된 증언이다,것이 탈북 여성들의 주장과 다르다,북한에선 남녀 모두에게 책임을 묻고 피해자인 여성은 사회적으로 매장된다는 것이 탈북 여성들의 주장과 다르다,9.4331875,True
zk_00534,164,train,low,2,왜 그러냐면 이렇게 강제적으로 피해를 입은 사람에게 구제를 해 주는 강제적인 판결이 나오는 것이 이게 정의의 원칙에 맞는 것이거든요,틀린 것이거든요,왜 그러냐면 이렇게 강제적으로 피해를 입은 사람에게 구제를 해 주는 강제적인 판결이 나오는 것이 이게 정의의 원칙에 틀린 것이거든요,10.9674375,True
zk_00534,164,train,mid,3,왜 그러냐면 이렇게 강제적으로 피해를 입은 사람에게 구제를 해 주는 강제적인 판결이 나오는 것이 이게 정의의 원칙에 맞는 것이거든요,원칙에 어긋나는 거거든요,왜 그러냐면 이렇게 강제적으로 피해를 입은 사람에게 구제를 해 주는 강제적인 판결이 나오는 것이 이게 정의의 원칙에 어긋나는 거거든요,10.9674375,True
zk_00534,164,train,high,5,왜 그러냐면 이렇게 강제적으로 피해를 입은 사람에게 구제를 해 주는 강제적인 판결이 나오는 것이 이게 정의의 원칙에 맞는 것이거든요,이게 정의의 원칙에 맞지 않거든요,왜 그러냐면 이렇게 강제적으로 피해를 입은 사람에게 구제를 해 주는 강제적인 판결이 나오는 것이 이게 정의의 원칙에 맞지 않거든요,10.9674375,True
zk_00535,164,train,low,2,대부분의 여론조사에서 유승민 사퇴에 공감 안 한다는 응답이 공감한다는 응답을 앞질렀다,응답을 뒤졌다,대부분의 여론조사에서 유승민 사퇴에 공감 안 한다는 응답이 공감한다는 응답을 뒤졌다,7.5728125,True
zk_00535,164,train,mid,3,대부분의 여론조사에서 유승민 사퇴에 공감 안 한다는 응답이 공감한다는 응답을 앞질렀다,반발했다는 응답을 앞질렀다,대부분의 여론조사에서 유승민 사퇴에 공감 안 한다는 응답이 반발했다는 응답을 앞질렀다,7.5728125,True
zk_00535,164,train,high,5,대부분의 여론조사에서 유승민 사퇴에 공감 안 한다는 응답이 공감한다는 응답을 앞질렀다,공감한다는 응답이 더 많았다,대부분의 여론조사에서 유승민 사퇴에 공감 안 공감한다는 응답이 더 많았다,7.5728125,False
zk_00536,164,train,low,2,다만 다른 건 두렵지 않은데 내가 조두순 사건의 피해자라는 걸 주변 사람들이 아는 것이 스트레스라고 말한다,행복이라고 말한다,다만 다른 건 두렵지 않은데 내가 조두순 사건의 피해자라는 걸 주변 사람들이 아는 것이 행복이라고 말한다,8.0226875,True
zk_00536,164,train,mid,3,다만 다른 건 두렵지 않은데 내가 조두순 사건의 피해자라는 걸 주변 사람들이 아는 것이 스트레스라고 말한다,것이 즐거움이라고 말한다,다만 다른 건 두렵지 않은데 내가 조두순 사건의 피해자라는 걸 주변 사람들이 아는 것이 즐거움이라고 말한다,8.0226875,True
zk_00536,164,train,high,5,다만 다른 건 두렵지 않은데 내가 조두순 사건의 피해자라는 걸 주변 사람들이 아는 것이 스트레스라고 말한다,사람들이 모르는 것이 행복이라고 말한다,다만 다른 건 두렵지 않은데 내가 조두순 사건의 피해자라는 걸 주변 사람들이 모르는 것이 행복이라고 말한다,8.0226875,True
zk_00537,164,train,low,2,박 대통령의 입장 표명과 사과를 요구하는 정치권의 요구에 곧장 맞서서 대응하기도 힘든 상황이었다,매우 쉬웠다,박 대통령의 입장 표명과 사과를 요구하는 정치권의 요구에 곧장 맞서서 대응하기도 매우 쉬웠다,8.1730625,True
zk_00537,164,train,mid,3,박 대통령의 입장 표명과 사과를 요구하는 정치권의 요구에 곧장 맞서서 대응하기도 힘든 상황이었다,대응하기도 쉬운 상황이었다,박 대통령의 입장 표명과 사과를 요구하는 정치권의 요구에 곧장 맞서서 대응하기도 쉬운 상황이었다,8.1730625,True
zk_00537,164,train,high,5,박 대통령의 입장 표명과 사과를 요구하는 정치권의 요구에 곧장 맞서서 대응하기도 힘든 상황이었다,곧장 맞서서 대응하기 쉬운 상황이었다,박 대통령의 입장 표명과 사과를 요구하는 정치권의 요구에 곧장 맞서서 대응하기 쉬운 상황이었다,8.1730625,True
zk_00538,164,train,low,2,그러므로 흡연 습관을 극복하기 원한다면 가족과 친구를 비롯하여 진정으로 지원을 아끼지 않고 참을성을 나타낼 사람에게 도움을 구하는 것이 현명할 것입니다,어리석을 것입니다,그러므로 흡연 습관을 극복하기 원한다면 가족과 친구를 비롯하여 진정으로 지원을 아끼지 않고 참을성을 나타낼 사람에게 도움을 구하는 것이 어리석을 것입니다,12.0006875,True
zk_00538,164,train,mid,3,그러므로 흡연 습관을 극복하기 원한다면 가족과 친구를 비롯하여 진정으로 지원을 아끼지 않고 참을성을 나타낼 사람에게 도움을 구하는 것이 현명할 것입니다,것이 위험할 것입니다,그러므로 흡연 습관을 극복하기 원한다면 가족과 친구를 비롯하여 진정으로 지원을 아끼지 않고 참을성을 나타낼 사람에게 도움을 구하는 것이 위험할 것입니다,12.0006875,True
zk_00538,164,train,high,5,그러므로 흡연 습관을 극복하기 원한다면 가족과 친구를 비롯하여 진정으로 지원을 아끼지 않고 참을성을 나타낼 사람에게 도움을 구하는 것이 현명할 것입니다,혼자 해결하는 것이 더 낫습니다,그러므로 흡연 습관을 극복하기 원한다면 가족과 친구를 비롯하여 진정으로 지원을 아끼지 않고 참을성을 나타낼 사람에게 혼자 해결하는 것이 더 낫습니다,12.0006875,True
zk_00539,164,train,low,2,스노윙 치킨은 눈가루 같은 치즈 가루를 뿌린 메뉴를 뜻한다,메뉴를 뜻하지,스노윙 치킨은 눈가루 같은 치즈 가루를 뿌린 메뉴를 뜻하지,5.063875,True
zk_00539,164,train,mid,3,스노윙 치킨은 눈가루 같은 치즈 가루를 뿌린 메뉴를 뜻한다,숨긴 메뉴를 뜻한다,스노윙 치킨은 눈가루 같은 치즈 가루를 숨긴 메뉴를 뜻한다,5.063875,True
zk_00539,164,train,high,5,스노윙 치킨은 눈가루 같은 치즈 가루를 뿌린 메뉴를 뜻한다,치즈 가루를 빼는 메뉴를 뜻한다,스노윙 치킨은 눈가루 같은 치즈 가루를 빼는 메뉴를 뜻한다,5.063875,True
zk_00540,165,train,low,2,하지만 암컷들은 몇 주 더 휴식을 취하는데 아마도 새끼들 때문에 지쳐 버렸기 때문일 것입니다,때문이 아닙니다,하지만 암컷들은 몇 주 더 휴식을 취하는데 아마도 새끼들 때문에 지쳐 버렸기 때문이 아닙니다,6.3171875,True
zk_00540,165,train,mid,3,하지만 암컷들은 몇 주 더 휴식을 취하는데 아마도 새끼들 때문에 지쳐 버렸기 때문일 것입니다,지켜졌기 때문일 것입니다,하지만 암컷들은 몇 주 더 휴식을 취하는데 아마도 새끼들 때문에 지쳐 지켜졌기 때문일 것입니다,6.3171875,True
zk_00540,165,train,high,5,하지만 암컷들은 몇 주 더 휴식을 취하는데 아마도 새끼들 때문에 지쳐 버렸기 때문일 것입니다,때문에 더욱 활기차져졌을 것이다,하지만 암컷들은 몇 주 더 휴식을 취하는데 아마도 새끼들 때문에 더욱 활기차져졌을 것이다,6.3171875,False
zk_00541,165,train,low,2,박 전 대통령은 자신의 트위터에 출퇴근할 때마다 나와서 반겨준다며 이들의 소식을 자주 전했다,드물게 전했다,박 전 대통령은 자신의 트위터에 출퇴근할 때마다 나와서 반겨준다며 이들의 소식을 드물게 전했다,7.4595,True
zk_00541,165,train,mid,3,박 전 대통령은 자신의 트위터에 출퇴근할 때마다 나와서 반겨준다며 이들의 소식을 자주 전했다,소식을 숨겨두었다,박 전 대통령은 자신의 트위터에 출퇴근할 때마다 나와서 반겨준다며 이들의 소식을 숨겨두었다,7.4595,False
zk_00541,165,train,high,5,박 전 대통령은 자신의 트위터에 출퇴근할 때마다 나와서 반겨준다며 이들의 소식을 자주 전했다,외면한다며 이들의 소식을 전혀 끊었다,박 전 대통령은 자신의 트위터에 출퇴근할 때마다 나와서 외면한다며 이들의 소식을 전혀 끊었다,7.4595,True
zk_00542,165,train,low,2,이러한 전략적 요충지의 이점을 제일 먼저 깨달은 사람들은 로마인들이 아니었습니다,로마인들이 맞았습니다,이러한 전략적 요충지의 이점을 제일 먼저 깨달은 사람들은 로마인들이 맞았습니다,6.1465,True
zk_00542,165,train,mid,3,이러한 전략적 요충지의 이점을 제일 먼저 깨달은 사람들은 로마인들이 아니었습니다,사람들은 모두 로마인이었습니다,이러한 전략적 요충지의 이점을 제일 먼저 깨달은 사람들은 모두 로마인이었습니다,6.1465,True
zk_00542,165,train,high,5,이러한 전략적 요충지의 이점을 제일 먼저 깨달은 사람들은 로마인들이 아니었습니다,먼저 깨달은 사람들은 로마인들이었을 것입니다,이러한 전략적 요충지의 이점을 제일 먼저 깨달은 사람들은 로마인들이었을 것입니다,6.1465,True
zk_00543,165,train,low,2,이 씨와 같은 사무실에서 일하는 김정민 씨는 앞으로는 백 세 시대잖아요,한 시대잖아요,이 씨와 같은 사무실에서 일하는 김정민 씨는 앞으로는 백 한 시대잖아요,5.7538125,True
zk_00543,165,train,mid,3,이 씨와 같은 사무실에서 일하는 김정민 씨는 앞으로는 백 세 시대잖아요,아직 멀었잖아요,이 씨와 같은 사무실에서 일하는 김정민 씨는 앞으로는 아직 멀었잖아요,5.7538125,False
zk_00543,165,train,high,5,이 씨와 같은 사무실에서 일하는 김정민 씨는 앞으로는 백 세 시대잖아요,씨는 앞으로는 오래 못 살겠어요,이 씨와 같은 사무실에서 일하는 김정민 씨는 앞으로는 오래 못 살겠어요,5.7538125,True
zk_00544,165,train,low,2,우리는 숨을 헐떡이며 숲을 벗어나 바위층이 드러나 있는 곳에서 잠시 휴식을 취합니다,일을 합니다,우리는 숨을 헐떡이며 숲을 벗어나 바위층이 드러나 있는 곳에서 잠시 일을 합니다,6.31375,True
zk_00544,165,train,mid,3,우리는 숨을 헐떡이며 숲을 벗어나 바위층이 드러나 있는 곳에서 잠시 휴식을 취합니다,계속 일을 진행합니다,우리는 숨을 헐떡이며 숲을 벗어나 바위층이 드러나 있는 곳에서 계속 일을 진행합니다,6.31375,True
zk_00544,165,train,high,5,우리는 숨을 헐떡이며 숲을 벗어나 바위층이 드러나 있는 곳에서 잠시 휴식을 취합니다,있는 곳에서 계속 일을 합니다,우리는 숨을 헐떡이며 숲을 벗어나 바위층이 드러나 있는 곳에서 계속 일을 합니다,6.31375,True
zk_00545,165,train,low,2,명절 후 한달 정도 참고 고민하다가 끝내 이혼 서류를 접수하는 것이다,거부하는 것이다,명절 후 한달 정도 참고 고민하다가 끝내 이혼 서류를 거부하는 것이다,5.560125,True
zk_00545,165,train,mid,3,명절 후 한달 정도 참고 고민하다가 끝내 이혼 서류를 접수하는 것이다,서류를 거절하는 것이다,명절 후 한달 정도 참고 고민하다가 끝내 이혼 서류를 거절하는 것이다,5.560125,True
zk_00545,165,train,high,5,명절 후 한달 정도 참고 고민하다가 끝내 이혼 서류를 접수하는 것이다,결국 이혼 서류를 거절하는 것이다,명절 후 한달 정도 참고 고민하다가 결국 이혼 서류를 거절하는 것이다,5.560125,True
zk_00546,165,train,low,2,월세 문제로 종종 만나는 건물 관리인이 이 건물에서 황씨를 아는 유일한 사람이었다,많은 사람이었다,월세 문제로 종종 만나는 건물 관리인이 이 건물에서 황씨를 아는 많은 사람이었다,6.346375,True
zk_00546,165,train,mid,3,월세 문제로 종종 만나는 건물 관리인이 이 건물에서 황씨를 아는 유일한 사람이었다,모르는 많은 사람들,월세 문제로 종종 만나는 건물 관리인이 이 건물에서 황씨를 모르는 많은 사람들,6.346375,True
zk_00546,165,train,high,5,월세 문제로 종종 만나는 건물 관리인이 이 건물에서 황씨를 아는 유일한 사람이었다,건물에서 황씨를 전혀 모르는 사람이었다,월세 문제로 종종 만나는 건물 관리인이 이 건물에서 황씨를 전혀 모르는 사람이었다,6.346375,True
zk_00547,165,train,low,2,오늘날 여가 활동으로 새를 관찰하는 것을 즐기는 사람이 많습니다,사람이 적습니다,오늘날 여가 활동으로 새를 관찰하는 것을 즐기는 사람이 적습니다,5.6003125,True
zk_00547,165,train,mid,3,오늘날 여가 활동으로 새를 관찰하는 것을 즐기는 사람이 많습니다,피하는 사람이 많습니다,오늘날 여가 활동으로 새를 관찰하는 것을 피하는 사람이 많습니다,5.6003125,True
zk_00547,165,train,high,5,오늘날 여가 활동으로 새를 관찰하는 것을 즐기는 사람이 많습니다,관찰하는 것을 피하는 사람이 많습니다,오늘날 여가 활동으로 새를 관찰하는 것을 피하는 사람이 많습니다,5.6003125,True
zk_00548,165,train,low,2,위반하면 오 년 이하의 징역 또는 오 년 이하의 자격정지 처벌을 받는다,보상을 받는다,위반하면 오 년 이하의 징역 또는 오 년 이하의 자격정지 보상을 받는다,5.7655625,True
zk_00548,165,train,mid,3,위반하면 오 년 이하의 징역 또는 오 년 이하의 자격정지 처벌을 받는다,자격을 회복한다,위반하면 오 년 이하의 징역 또는 오 년 이하의 자격을 회복한다,5.7655625,False
zk_00548,165,train,high,5,위반하면 오 년 이하의 징역 또는 오 년 이하의 자격정지 처벌을 받는다,년 이상의 자격정지 보상을 받는다,위반하면 오 년 이하의 징역 또는 오 년 이상의 자격정지 보상을 받는다,5.7655625,True
zk_00549,165,train,low,2,이상적인 외모를 얻는 것이 불가능하지는 않더라도 상당히 어려우며 그 가치가 매우 적다는 것을 깨달을 필요가 있습니다,필요 없습니다,이상적인 외모를 얻는 것이 불가능하지는 않더라도 상당히 어려우며 그 가치가 매우 적다는 것을 깨달을 필요 없습니다,8.052125,True
zk_00549,165,train,mid,3,이상적인 외모를 얻는 것이 불가능하지는 않더라도 상당히 어려우며 그 가치가 매우 적다는 것을 깨달을 필요가 있습니다,외면해야 합니다,이상적인 외모를 얻는 것이 불가능하지는 않더라도 상당히 어려우며 그 가치가 매우 적다는 것을 외면해야 합니다,8.052125,False
zk_00549,165,train,high,5,이상적인 외모를 얻는 것이 불가능하지는 않더라도 상당히 어려우며 그 가치가 매우 적다는 것을 깨달을 필요가 있습니다,많다는 것을 인정할 수밖에 없습니다,이상적인 외모를 얻는 것이 불가능하지는 않더라도 상당히 어려우며 그 가치가 매우 많다는 것을 인정할 수밖에 없습니다,8.052125,True
zk_00550,166,train,low,2,생후 여섯 에서 열 두 개월까지는 모체로부터 받은 면역이 있지만 그 이후로는 면역성이 감소되기 때문이다,증가되기 때문이다,생후 여섯 에서 열 두 개월까지는 모체로부터 받은 면역이 있지만 그 이후로는 면역성이 증가되기 때문이다,7.557,True
zk_00550,166,train,mid,3,생후 여섯 에서 열 두 개월까지는 모체로부터 받은 면역이 있지만 그 이후로는 면역성이 감소되기 때문이다,면역성이 강화되기 때문이다,생후 여섯 에서 열 두 개월까지는 모체로부터 받은 면역이 있지만 그 이후로는 면역성이 강화되기 때문이다,7.557,True
zk_00550,166,train,high,5,생후 여섯 에서 열 두 개월까지는 모체로부터 받은 면역이 있지만 그 이후로는 면역성이 감소되기 때문이다,그 이후로는 면역성이 증가되기 때문이다,생후 여섯 에서 열 두 개월까지는 모체로부터 받은 면역이 있지만 그 이후로는 면역성이 증가되기 때문이다,7.557,True
zk_00551,166,train,low,2,하지만 싫증 나면 버리면 그만이라는 식의 사고방식은 단지 물건에만 영향을 미치는 데서 그치지 않습니다,계속 진행됩니다,하지만 싫증 나면 버리면 그만이라는 식의 사고방식은 단지 물건에만 영향을 미치는 데서 계속 진행됩니다,7.4519375,True
zk_00551,166,train,mid,3,하지만 싫증 나면 버리면 그만이라는 식의 사고방식은 단지 물건에만 영향을 미치는 데서 그치지 않습니다,데서 시작됩니다,하지만 싫증 나면 버리면 그만이라는 식의 사고방식은 단지 물건에만 영향을 미치는 데서 시작됩니다,7.4519375,False
zk_00551,166,train,high,5,하지만 싫증 나면 버리면 그만이라는 식의 사고방식은 단지 물건에만 영향을 미치는 데서 그치지 않습니다,영향을 미치지 못하는 것입니다,하지만 싫증 나면 버리면 그만이라는 식의 사고방식은 단지 물건에만 영향을 미치지 못하는 것입니다,7.4519375,False
zk_00552,166,train,low,2,그런데 이것도 없던걸 만들어낸건 아니고 기존 계획에 있는 겁니다,없는 겁니다,그런데 이것도 없던걸 만들어낸건 아니고 기존 계획에 없는 겁니다,4.9881875,True
zk_00552,166,train,mid,3,그런데 이것도 없던걸 만들어낸건 아니고 기존 계획에 있는 겁니다,계획에 없는 겁니다,그런데 이것도 없던걸 만들어낸건 아니고 기존 계획에 없는 겁니다,4.9881875,True
zk_00552,166,train,high,5,그런데 이것도 없던걸 만들어낸건 아니고 기존 계획에 있는 겁니다,그리고 새로운 계획을 세우는 것입니다,그런데 이것도 없던걸 만들어낸건 그리고 새로운 계획을 세우는 것입니다,4.9881875,True
zk_00553,166,train,low,2,대우조선이 잘하는 조선 쪽에 특화해 규모를 줄여 회생을 도모하자는 것이다,피하자는 것이다,대우조선이 잘하는 조선 쪽에 특화해 규모를 줄여 회생을 피하자는 것이다,5.634,True
zk_00553,166,train,mid,3,대우조선이 잘하는 조선 쪽에 특화해 규모를 줄여 회생을 도모하자는 것이다,포기해야 한다는 것이다,대우조선이 잘하는 조선 쪽에 특화해 규모를 줄여 포기해야 한다는 것이다,5.634,True
zk_00553,166,train,high,5,대우조선이 잘하는 조선 쪽에 특화해 규모를 줄여 회생을 도모하자는 것이다,규모를 늘려 성장을 추구하자는 것이다,대우조선이 잘하는 조선 쪽에 특화해 규모를 늘려 성장을 추구하자는 것이다,5.634,True
zk_00554,166,train,low,2,패션의 완성인 손목시계 역시 기동성과 신속성이 요구되는 군대에서 탄생했다,군대에서 소멸했다,패션의 완성인 손목시계 역시 기동성과 신속성이 요구되는 군대에서 소멸했다,5.9769375,True
zk_00554,166,train,mid,3,패션의 완성인 손목시계 역시 기동성과 신속성이 요구되는 군대에서 탄생했다,필요 없이 사라졌다,패션의 완성인 손목시계 역시 기동성과 신속성이 필요 없이 사라졌다,5.9769375,True
zk_00554,166,train,high,5,패션의 완성인 손목시계 역시 기동성과 신속성이 요구되는 군대에서 탄생했다,안정성과 신중성이 요구되는 정부에서 폐지되었다,패션의 완성인 손목시계 역시 안정성과 신중성이 요구되는 정부에서 폐지되었다,5.9769375,True
zk_00555,166,train,low,2,삼성전자가 갈수록 추락하는 중국 시장 점유율을 만회하기 위해 가격 대응에 나섰다,외면을 했다,삼성전자가 갈수록 추락하는 중국 시장 점유율을 만회하기 위해 가격 외면을 했다,6.233125,True
zk_00555,166,train,mid,3,삼성전자가 갈수록 추락하는 중국 시장 점유율을 만회하기 위해 가격 대응에 나섰다,가격 인상을 단행했다,삼성전자가 갈수록 추락하는 중국 시장 점유율을 만회하기 위해 가격 인상을 단행했다,6.233125,True
zk_00555,166,train,high,5,삼성전자가 갈수록 추락하는 중국 시장 점유율을 만회하기 위해 가격 대응에 나섰다,손실을 감수하며 가격 인상에 나섰다,삼성전자가 갈수록 추락하는 중국 시장 점유율을 손실을 감수하며 가격 인상에 나섰다,6.233125,True
zk_00556,166,train,low,2,많은 전문가는 슈거 크래시를 유발하는 당분 함유 음료 대신 물을 많이 섭취할 것을 권한다,것을 금한다,많은 전문가는 슈거 크래시를 유발하는 당분 함유 음료 대신 물을 많이 섭취할 것을 금한다,7.1511875,True
zk_00556,166,train,mid,3,많은 전문가는 슈거 크래시를 유발하는 당분 함유 음료 대신 물을 많이 섭취할 것을 권한다,피할 것을 권한다,많은 전문가는 슈거 크래시를 유발하는 당분 함유 음료 대신 물을 많이 피할 것을 권한다,7.1511875,True
zk_00556,166,train,high,5,많은 전문가는 슈거 크래시를 유발하는 당분 함유 음료 대신 물을 많이 섭취할 것을 권한다,물을 적게 섭취할 것을 권한다,많은 전문가는 슈거 크래시를 유발하는 당분 함유 음료 대신 물을 적게 섭취할 것을 권한다,7.1511875,True
zk_00557,166,train,low,2,애기 한번 잘 키워보려고 매일매일 가습기 살균제를 가습기에다가 제가 제 자식을 죽인 게 아닙니다,게 맞습니다,애기 한번 잘 키워보려고 매일매일 가습기 살균제를 가습기에다가 제가 제 자식을 죽인 게 맞습니다,7.1673125,True
zk_00557,166,train,mid,3,애기 한번 잘 키워보려고 매일매일 가습기 살균제를 가습기에다가 제가 제 자식을 죽인 게 아닙니다,살린 것이죠,애기 한번 잘 키워보려고 매일매일 가습기 살균제를 가습기에다가 제가 제 자식을 살린 것이죠,7.1673125,False
zk_00557,166,train,high,5,애기 한번 잘 키워보려고 매일매일 가습기 살균제를 가습기에다가 제가 제 자식을 죽인 게 아닙니다,제 자식을 죽인 게 맞습니다,애기 한번 잘 키워보려고 매일매일 가습기 살균제를 가습기에다가 제가 제 자식을 죽인 게 맞습니다,7.1673125,True
zk_00558,166,train,low,2,우리가 규제라고 생각하는 것이 아니라 교육 현장에서 규제라고 생각하는 것이 중요하다,것이 문제다,우리가 규제라고 생각하는 것이 아니라 교육 현장에서 규제라고 생각하는 것이 문제다,5.8094375,True
zk_00558,166,train,mid,3,우리가 규제라고 생각하는 것이 아니라 교육 현장에서 규제라고 생각하는 것이 중요하다,행동하는 것이 중요하다,우리가 규제라고 생각하는 것이 아니라 교육 현장에서 규제라고 행동하는 것이 중요하다,5.8094375,True
zk_00558,166,train,high,5,우리가 규제라고 생각하는 것이 아니라 교육 현장에서 규제라고 생각하는 것이 중요하다,현장에서 자유라고 생각하는 것이 중요하다,우리가 규제라고 생각하는 것이 아니라 교육 현장에서 자유라고 생각하는 것이 중요하다,5.8094375,True
zk_00559,166,train,low,2,첫째로 불필요하게 시간을 빼앗아 가는 요인들을 어떻게 현명하게 제거할 수 있는지를 알려 줍니다,숨겨 드립니다,첫째로 불필요하게 시간을 빼앗아 가는 요인들을 어떻게 현명하게 제거할 수 있는지를 숨겨 드립니다,6.83325,True
zk_00559,166,train,mid,3,첫째로 불필요하게 시간을 빼앗아 가는 요인들을 어떻게 현명하게 제거할 수 있는지를 알려 줍니다,없는지를 묻고 있습니다,첫째로 불필요하게 시간을 빼앗아 가는 요인들을 어떻게 현명하게 제거할 수 없는지를 묻고 있습니다,6.83325,True
zk_00559,166,train,high,5,첫째로 불필요하게 시간을 빼앗아 가는 요인들을 어떻게 현명하게 제거할 수 있는지를 알려 줍니다,제거할 수 없다는 것을 보여줍니다,첫째로 불필요하게 시간을 빼앗아 가는 요인들을 어떻게 현명하게 제거할 수 없다는 것을 보여줍니다,6.83325,True
zk_00560,167,train,low,2,애초 최고위원 출마를 염두에 뒀지만 최고위원제가 폐지되면서 당 대표 출마까지 고민하게 된 것이라고 전했다,것이라고 부인했다,애초 최고위원 출마를 염두에 뒀지만 최고위원제가 폐지되면서 당 대표 출마까지 고민하게 된 것이라고 부인했다,7.63675,True
zk_00560,167,train,mid,3,애초 최고위원 출마를 염두에 뒀지만 최고위원제가 폐지되면서 당 대표 출마까지 고민하게 된 것이라고 전했다,안 된다고 전했다,애초 최고위원 출마를 염두에 뒀지만 최고위원제가 폐지되면서 당 대표 출마까지 고민하게 안 된다고 전했다,7.63675,True
zk_00560,167,train,high,5,애초 최고위원 출마를 염두에 뒀지만 최고위원제가 폐지되면서 당 대표 출마까지 고민하게 된 것이라고 전했다,출마를 결국 포기하기로 결정했다고 전했다,애초 최고위원 출마를 염두에 뒀지만 최고위원제가 폐지되면서 당 대표 출마를 결국 포기하기로 결정했다고 전했다,7.63675,True
zk_00561,167,train,low,2,십 사 위는 일 억 팔천 오백 만 달러의 모나코 알베르 이 세 대공 부인 샬린 위트스톡이 차지했다,위트스톡이 놓쳤다,십 사 위는 일 억 팔천 오백 만 달러의 모나코 알베르 이 세 대공 부인 샬린 위트스톡이 놓쳤다,5.9745,True
zk_00561,167,train,mid,3,십 사 위는 일 억 팔천 오백 만 달러의 모나코 알베르 이 세 대공 부인 샬린 위트스톡이 차지했다,샬린 위트스톡이 떠났다,십 사 위는 일 억 팔천 오백 만 달러의 모나코 알베르 이 세 대공 부인 샬린 위트스톡이 떠났다,5.9745,True
zk_00561,167,train,high,5,십 사 위는 일 억 팔천 오백 만 달러의 모나코 알베르 이 세 대공 부인 샬린 위트스톡이 차지했다,대공 부인 샬린 위트스톡이 떠났다,십 사 위는 일 억 팔천 오백 만 달러의 모나코 알베르 이 세 대공 부인 샬린 위트스톡이 떠났다,5.9745,True
zk_00562,167,train,low,2,황정화 이건 사실 법 적용을 어떻게 할 것인가의 문제일 텐데요,문제 아닐걸요,황정화 이건 사실 법 적용을 어떻게 할 것인가의 문제 아닐걸요,4.9659375,True
zk_00562,167,train,mid,3,황정화 이건 사실 법 적용을 어떻게 할 것인가의 문제일 텐데요,것인가의 해답일 테니,황정화 이건 사실 법 적용을 어떻게 할 것인가의 해답일 테니,4.9659375,True
zk_00562,167,train,high,5,황정화 이건 사실 법 적용을 어떻게 할 것인가의 문제일 텐데요,할 수 없을 것 같은데요,황정화 이건 사실 법 적용을 할 수 없을 것 같은데요,4.9659375,True
zk_00563,167,train,low,2,당 안팎의 친노패권주의 청산 요구를 받아들이고 개혁공천의 마침표를 찍어 중도성향의 야권 지지자를 끌어안겠다는 김 대표의 판단이 작용했다는 풀이다,작용하지 풀이다,당 안팎의 친노패권주의 청산 요구를 받아들이고 개혁공천의 마침표를 찍어 중도성향의 야권 지지자를 끌어안겠다는 김 대표의 판단이 작용하지 풀이다,10.3314375,True
zk_00563,167,train,mid,3,당 안팎의 친노패권주의 청산 요구를 받아들이고 개혁공천의 마침표를 찍어 중도성향의 야권 지지자를 끌어안겠다는 김 대표의 판단이 작용했다는 풀이다,감정이 작용했다는 풀이다,당 안팎의 친노패권주의 청산 요구를 받아들이고 개혁공천의 마침표를 찍어 중도성향의 야권 지지자를 끌어안겠다는 김 대표의 감정이 작용했다는 풀이다,10.3314375,True
zk_00563,167,train,high,5,당 안팎의 친노패권주의 청산 요구를 받아들이고 개혁공천의 마침표를 찍어 중도성향의 야권 지지자를 끌어안겠다는 김 대표의 판단이 작용했다는 풀이다,김 대표의 판단이 없었다는 풀이다,당 안팎의 친노패권주의 청산 요구를 받아들이고 개혁공천의 마침표를 찍어 중도성향의 야권 지지자를 끌어안겠다는 김 대표의 판단이 없었다는 풀이다,10.3314375,True
zk_00564,167,train,low,2,강릉시 주변에 스물 개 해수욕장이 있는데 비키니 전용이라든가 여성 전용 해수욕장이라는 특화사업을 한 적은 없네요,많이 있네요,강릉시 주변에 스물 개 해수욕장이 있는데 비키니 전용이라든가 여성 전용 해수욕장이라는 특화사업을 한 많이 있네요,7.8538125,True
zk_00564,167,train,mid,3,강릉시 주변에 스물 개 해수욕장이 있는데 비키니 전용이라든가 여성 전용 해수욕장이라는 특화사업을 한 적은 없네요,한 적이 많네요,강릉시 주변에 스물 개 해수욕장이 있는데 비키니 전용이라든가 여성 전용 해수욕장이라는 특화사업을 한 적이 많네요,7.8538125,True
zk_00564,167,train,high,5,강릉시 주변에 스물 개 해수욕장이 있는데 비키니 전용이라든가 여성 전용 해수욕장이라는 특화사업을 한 적은 없네요,해수욕장이라는 특화사업을 적극 추진하고 있습니다,강릉시 주변에 스물 개 해수욕장이 있는데 비키니 전용이라든가 여성 전용 해수욕장이라는 특화사업을 적극 추진하고 있습니다,7.8538125,True
zk_00565,167,train,low,2,너무 늦은감이 있지만 그래도 하나하나 모든 것들이 차근차근 제자리를 찾고 있다고 생각한다고 밝혔다,부인했다고 밝혔다,너무 늦은감이 있지만 그래도 하나하나 모든 것들이 차근차근 제자리를 찾고 있다고 부인했다고 밝혔다,6.7371875,True
zk_00565,167,train,mid,3,너무 늦은감이 있지만 그래도 하나하나 모든 것들이 차근차근 제자리를 찾고 있다고 생각한다고 밝혔다,없다고 생각한다고 밝혔다,너무 늦은감이 있지만 그래도 하나하나 모든 것들이 차근차근 제자리를 찾고 없다고 생각한다고 밝혔다,6.7371875,True
zk_00565,167,train,high,5,너무 늦은감이 있지만 그래도 하나하나 모든 것들이 차근차근 제자리를 찾고 있다고 생각한다고 밝혔다,제자리를 잃고 있다고 생각한다고 밝혔다,너무 늦은감이 있지만 그래도 하나하나 모든 것들이 차근차근 제자리를 잃고 있다고 생각한다고 밝혔다,6.7371875,True
zk_00566,167,train,low,2,결국 더민주 이성만 후보가 이십 육 쩜 칠 퍼센트의 득표율을 기록한 만큼 야권 후보 분열이 새누리에 승리를 안겨준 셈이다,빼앗긴 것이다,결국 더민주 이성만 후보가 이십 육 쩜 칠 퍼센트의 득표율을 기록한 만큼 야권 후보 분열이 새누리에 승리를 빼앗긴 것이다,8.3806875,True
zk_00566,167,train,mid,3,결국 더민주 이성만 후보가 이십 육 쩜 칠 퍼센트의 득표율을 기록한 만큼 야권 후보 분열이 새누리에 승리를 안겨준 셈이다,패배를 안겨준 셈이다,결국 더민주 이성만 후보가 이십 육 쩜 칠 퍼센트의 득표율을 기록한 만큼 야권 후보 분열이 새누리에 패배를 안겨준 셈이다,8.3806875,True
zk_00566,167,train,high,5,결국 더민주 이성만 후보가 이십 육 쩜 칠 퍼센트의 득표율을 기록한 만큼 야권 후보 분열이 새누리에 승리를 안겨준 셈이다,분열이 새누리에 패배를 안겨준 셈이다,결국 더민주 이성만 후보가 이십 육 쩜 칠 퍼센트의 득표율을 기록한 만큼 야권 후보 분열이 새누리에 패배를 안겨준 셈이다,8.3806875,True
zk_00567,167,train,low,2,정신병원은 의료급여 예산을 지급받는 방법으로 수익을 얻기 때문에 정신병상수는 당연히 수익으로 연결될 수밖에 없다,충분히 있다,정신병원은 의료급여 예산을 지급받는 방법으로 수익을 얻기 때문에 정신병상수는 당연히 수익으로 연결될 충분히 있다,7.807375,True
zk_00567,167,train,mid,3,정신병원은 의료급여 예산을 지급받는 방법으로 수익을 얻기 때문에 정신병상수는 당연히 수익으로 연결될 수밖에 없다,단절될 수밖에 없다,정신병원은 의료급여 예산을 지급받는 방법으로 수익을 얻기 때문에 정신병상수는 당연히 수익으로 단절될 수밖에 없다,7.807375,True
zk_00567,167,train,high,5,정신병원은 의료급여 예산을 지급받는 방법으로 수익을 얻기 때문에 정신병상수는 당연히 수익으로 연결될 수밖에 없다,결코 수익으로 연결될 수 없다,정신병원은 의료급여 예산을 지급받는 방법으로 수익을 얻기 때문에 정신병상수는 결코 수익으로 연결될 수 없다,7.807375,True
zk_00568,167,train,low,2,한 현직 영어강사는 토익은 다른 공인영어시험에 비해 유형이 잘 알려져 있고 스터디나 수업을 꾸리기에 용이하다,꾸리기에 어렵다,한 현직 영어강사는 토익은 다른 공인영어시험에 비해 유형이 잘 알려져 있고 스터디나 수업을 꾸리기에 어렵다,7.9594375,True
zk_00568,167,train,mid,3,한 현직 영어강사는 토익은 다른 공인영어시험에 비해 유형이 잘 알려져 있고 스터디나 수업을 꾸리기에 용이하다,수업을 꾸리기에 어렵다,한 현직 영어강사는 토익은 다른 공인영어시험에 비해 유형이 잘 알려져 있고 스터디나 수업을 꾸리기에 어렵다,7.9594375,True
zk_00568,167,train,high,5,한 현직 영어강사는 토익은 다른 공인영어시험에 비해 유형이 잘 알려져 있고 스터디나 수업을 꾸리기에 용이하다,있고 스터디나 수업을 꾸리기에 어렵다,한 현직 영어강사는 토익은 다른 공인영어시험에 비해 유형이 잘 알려져 있고 스터디나 수업을 꾸리기에 어렵다,7.9594375,True
zk_00569,167,train,low,2,대형 병원인 삼성서울병원에서 환자수가 늘어나면서 메르스로 보건당국이 자택 혹은 시설에 격리한 사람의 수는 처음으로 두 천명을 넘어섰다,천명에 미치지,대형 병원인 삼성서울병원에서 환자수가 늘어나면서 메르스로 보건당국이 자택 혹은 시설에 격리한 사람의 수는 처음으로 두 천명에 미치지,9.294625,True
zk_00569,167,train,mid,3,대형 병원인 삼성서울병원에서 환자수가 늘어나면서 메르스로 보건당국이 자택 혹은 시설에 격리한 사람의 수는 처음으로 두 천명을 넘어섰다,두 천명에 미쳤다,대형 병원인 삼성서울병원에서 환자수가 늘어나면서 메르스로 보건당국이 자택 혹은 시설에 격리한 사람의 수는 처음으로 두 천명에 미쳤다,9.294625,True
zk_00569,167,train,high,5,대형 병원인 삼성서울병원에서 환자수가 늘어나면서 메르스로 보건당국이 자택 혹은 시설에 격리한 사람의 수는 처음으로 두 천명을 넘어섰다,수는 처음으로 두 천명을 밑돌았다,대형 병원인 삼성서울병원에서 환자수가 늘어나면서 메르스로 보건당국이 자택 혹은 시설에 격리한 사람의 수는 처음으로 두 천명을 밑돌았다,9.294625,True
zk_00570,168,train,low,2,고령화로 증가하는 육십 대 이상이 주택 시장의 큰손으로 부상하고 있다,쇠퇴하고 있다,고령화로 증가하는 육십 대 이상이 주택 시장의 큰손으로 쇠퇴하고 있다,5.0405,True
zk_00570,168,train,mid,3,고령화로 증가하는 육십 대 이상이 주택 시장의 큰손으로 부상하고 있다,작은손으로 쇠퇴하고 있다,고령화로 증가하는 육십 대 이상이 주택 시장의 작은손으로 쇠퇴하고 있다,5.0405,True
zk_00570,168,train,high,5,고령화로 증가하는 육십 대 이상이 주택 시장의 큰손으로 부상하고 있다,주택 시장에서 완전히 퇴출되고 있다,고령화로 증가하는 육십 대 이상이 주택 시장에서 완전히 퇴출되고 있다,5.0405,True
zk_00571,168,train,low,2,산업부는 영세 가구점 등 일각에서 제기하는 지역경제 고사 우려에 대해 실제 상권 영향분석을 따져봐야 한다는 입장이다,반대한다는 입장이다,산업부는 영세 가구점 등 일각에서 제기하는 지역경제 고사 우려에 대해 실제 상권 영향분석을 따져봐야 반대한다는 입장이다,8.4173125,True
zk_00571,168,train,mid,3,산업부는 영세 가구점 등 일각에서 제기하는 지역경제 고사 우려에 대해 실제 상권 영향분석을 따져봐야 한다는 입장이다,무시해야 한다는 입장이다,산업부는 영세 가구점 등 일각에서 제기하는 지역경제 고사 우려에 대해 실제 상권 영향분석을 무시해야 한다는 입장이다,8.4173125,True
zk_00571,168,train,high,5,산업부는 영세 가구점 등 일각에서 제기하는 지역경제 고사 우려에 대해 실제 상권 영향분석을 따져봐야 한다는 입장이다,상권 영향분석을 무시해도 된다는 입장이다,산업부는 영세 가구점 등 일각에서 제기하는 지역경제 고사 우려에 대해 실제 상권 영향분석을 무시해도 된다는 입장이다,8.4173125,True
zk_00572,168,train,low,2,반면 살인미수 혐의는 원주 사건이 정당방위로 인정받기 어려울 수 있는 법적 근거가 됩니다,문제가 됩니다,반면 살인미수 혐의는 원주 사건이 정당방위로 인정받기 어려울 수 있는 법적 문제가 됩니다,6.0916875,True
zk_00572,168,train,mid,3,반면 살인미수 혐의는 원주 사건이 정당방위로 인정받기 어려울 수 있는 법적 근거가 됩니다,법적 문제가 됩니다,반면 살인미수 혐의는 원주 사건이 정당방위로 인정받기 어려울 수 있는 법적 문제가 됩니다,6.0916875,True
zk_00572,168,train,high,5,반면 살인미수 혐의는 원주 사건이 정당방위로 인정받기 어려울 수 있는 법적 근거가 됩니다,수 없는 법적 근거가 됩니다,반면 살인미수 혐의는 원주 사건이 정당방위로 인정받기 어려울 수 없는 법적 근거가 됩니다,6.0916875,True
zk_00573,168,train,low,2,국민이 판단할 일을 왜 정부가 판단해서 대통령 생각대로 국민들이 다 가져가야 됩니까,놔두어야 합니까,국민이 판단할 일을 왜 정부가 판단해서 대통령 생각대로 국민들이 다 놔두어야 합니까,7.78575,True
zk_00573,168,train,mid,3,국민이 판단할 일을 왜 정부가 판단해서 대통령 생각대로 국민들이 다 가져가야 됩니까,일부만 남겨야 됩니까,국민이 판단할 일을 왜 정부가 판단해서 대통령 생각대로 국민들이 일부만 남겨야 됩니까,7.78575,True
zk_00573,168,train,high,5,국민이 판단할 일을 왜 정부가 판단해서 대통령 생각대로 국민들이 다 가져가야 됩니까,생각과 달리 국민들이 못 가져갑니다,국민이 판단할 일을 왜 정부가 판단해서 대통령 생각과 달리 국민들이 못 가져갑니다,7.78575,True
zk_00574,168,train,low,2,반면 시민단체는 절대로 수사를 멈춰서는 안 된다고 검찰에 힘을 실어주고 있습니다,내려놓고 있습니다,반면 시민단체는 절대로 수사를 멈춰서는 안 된다고 검찰에 힘을 내려놓고 있습니다,5.659875,True
zk_00574,168,train,mid,3,반면 시민단체는 절대로 수사를 멈춰서는 안 된다고 검찰에 힘을 실어주고 있습니다,방해를 하고 있습니다,반면 시민단체는 절대로 수사를 멈춰서는 안 된다고 검찰에 방해를 하고 있습니다,5.659875,True
zk_00574,168,train,high,5,반면 시민단체는 절대로 수사를 멈춰서는 안 된다고 검찰에 힘을 실어주고 있습니다,되지 않는다고 검찰을 비판하고 있습니다,반면 시민단체는 절대로 수사를 멈춰서는 안 되지 않는다고 검찰을 비판하고 있습니다,5.659875,True
zk_00575,168,train,low,2,조폭의 자금으로 굴러가는 지하경제 규모만 백 이십 일 조원에 이르는 것으로 대검찰청은 추정하고 있다,부정하고 있다,조폭의 자금으로 굴러가는 지하경제 규모만 백 이십 일 조원에 이르는 것으로 대검찰청은 부정하고 있다,7.5170625,True
zk_00575,168,train,mid,3,조폭의 자금으로 굴러가는 지하경제 규모만 백 이십 일 조원에 이르는 것으로 대검찰청은 추정하고 있다,대검찰청은 부인하고 있다,조폭의 자금으로 굴러가는 지하경제 규모만 백 이십 일 조원에 이르는 것으로 대검찰청은 부인하고 있다,7.5170625,True
zk_00575,168,train,high,5,조폭의 자금으로 굴러가는 지하경제 규모만 백 이십 일 조원에 이르는 것으로 대검찰청은 추정하고 있다,이르지 않는다고 검찰은 보고 있다,조폭의 자금으로 굴러가는 지하경제 규모만 백 이십 일 조원에 이르지 않는다고 검찰은 보고 있다,7.5170625,True
zk_00576,168,train,low,2,전 세계적으로 정신 질환과 신경 장애로 인한 피해가 엄청나다고 세계 보건 기구의 사무총장인 그로 할렘 브룬틀란 박사는 단언한다,박사는 의심한다,전 세계적으로 정신 질환과 신경 장애로 인한 피해가 엄청나다고 세계 보건 기구의 사무총장인 그로 할렘 브룬틀란 박사는 의심한다,8.6818125,True
zk_00576,168,train,mid,3,전 세계적으로 정신 질환과 신경 장애로 인한 피해가 엄청나다고 세계 보건 기구의 사무총장인 그로 할렘 브룬틀란 박사는 단언한다,브룬틀란 박사는 부인한다,전 세계적으로 정신 질환과 신경 장애로 인한 피해가 엄청나다고 세계 보건 기구의 사무총장인 그로 할렘 브룬틀란 박사는 부인한다,8.6818125,True
zk_00576,168,train,high,5,전 세계적으로 정신 질환과 신경 장애로 인한 피해가 엄청나다고 세계 보건 기구의 사무총장인 그로 할렘 브룬틀란 박사는 단언한다,그로 할렘 브룬틀란 박사는 부인한다,전 세계적으로 정신 질환과 신경 장애로 인한 피해가 엄청나다고 세계 보건 기구의 사무총장인 그로 할렘 브룬틀란 박사는 부인한다,8.6818125,True
zk_00577,168,train,low,2,그 첼시 전에서 나의 실수는 마치 내 인생에 재앙이 불어닥친 것만 같은 느낌이었다,다른 느낌이었다,그 첼시 전에서 나의 실수는 마치 내 인생에 재앙이 불어닥친 것만 다른 느낌이었다,5.6890625,True
zk_00577,168,train,mid,3,그 첼시 전에서 나의 실수는 마치 내 인생에 재앙이 불어닥친 것만 같은 느낌이었다,것만 같지 않았다,그 첼시 전에서 나의 실수는 마치 내 인생에 재앙이 불어닥친 것만 같지 않았다,5.6890625,True
zk_00577,168,train,high,5,그 첼시 전에서 나의 실수는 마치 내 인생에 재앙이 불어닥친 것만 같은 느낌이었다,축복이 내려온 것만 같은 느낌이었다,그 첼시 전에서 나의 실수는 마치 내 인생에 축복이 내려온 것만 같은 느낌이었다,5.6890625,True
zk_00578,168,train,low,2,이 질문에 대한 반대비율은 이천 육 년 삼십 오 쩜 일 퍼센트에서 이천 십 육 년 사십 사 쩜 일 퍼센트로 껑충 뛰었다,천천히 걸었다,이 질문에 대한 반대비율은 이천 육 년 삼십 오 쩜 일 퍼센트에서 이천 십 육 년 사십 사 쩜 일 퍼센트로 천천히 걸었다,7.5168125,True
zk_00578,168,train,mid,3,이 질문에 대한 반대비율은 이천 육 년 삼십 오 쩜 일 퍼센트에서 이천 십 육 년 사십 사 쩜 일 퍼센트로 껑충 뛰었다,퍼센트로 뚝 떨어졌다,이 질문에 대한 반대비율은 이천 육 년 삼십 오 쩜 일 퍼센트에서 이천 십 육 년 사십 사 쩜 일 퍼센트로 뚝 떨어졌다,7.5168125,True
zk_00578,168,train,high,5,이 질문에 대한 반대비율은 이천 육 년 삼십 오 쩜 일 퍼센트에서 이천 십 육 년 사십 사 쩜 일 퍼센트로 껑충 뛰었다,쩜 일 퍼센트로 크게 떨어졌다,이 질문에 대한 반대비율은 이천 육 년 삼십 오 쩜 일 퍼센트에서 이천 십 육 년 사십 사 쩜 일 퍼센트로 크게 떨어졌다,7.5168125,True
zk_00579,168,train,low,2,부산시선거관리위원회 관계자는 에게 선거조직 뒷거래의혹에 대해 전혀 조사한 사실이 없다고 밝혔다,있다고 밝혔다,부산시선거관리위원회 관계자는 에게 선거조직 뒷거래의혹에 대해 전혀 조사한 사실이 있다고 밝혔다,6.398875,True
zk_00579,168,train,mid,3,부산시선거관리위원회 관계자는 에게 선거조직 뒷거래의혹에 대해 전혀 조사한 사실이 없다고 밝혔다,사실이라고 주장했다,부산시선거관리위원회 관계자는 에게 선거조직 뒷거래의혹에 대해 전혀 조사한 사실이라고 주장했다,6.398875,False
zk_00579,168,train,high,5,부산시선거관리위원회 관계자는 에게 선거조직 뒷거래의혹에 대해 전혀 조사한 사실이 없다고 밝혔다,철저히 조사한 사실이 있다고 밝혔다,부산시선거관리위원회 관계자는 에게 선거조직 뒷거래의혹에 대해 철저히 조사한 사실이 있다고 밝혔다,6.398875,True
zk_00580,170,train,low,2,또 강씨를 상대로 정확한 사건경위와 범행 동기를 조사하고 절도 혐의로 구속영장을 신청할 방침이다,거부할 것이다,또 강씨를 상대로 정확한 사건경위와 범행 동기를 조사하고 절도 혐의로 구속영장을 거부할 것이다,8.0676875,True
zk_00580,170,train,mid,3,또 강씨를 상대로 정확한 사건경위와 범행 동기를 조사하고 절도 혐의로 구속영장을 신청할 방침이다,구속영장을 기각할 방침이다,또 강씨를 상대로 정확한 사건경위와 범행 동기를 조사하고 절도 혐의로 구속영장을 기각할 방침이다,8.0676875,True
zk_00580,170,train,high,5,또 강씨를 상대로 정확한 사건경위와 범행 동기를 조사하고 절도 혐의로 구속영장을 신청할 방침이다,절도 혐의로 불기소 처분할 방침이다,또 강씨를 상대로 정확한 사건경위와 범행 동기를 조사하고 절도 혐의로 불기소 처분할 방침이다,8.0676875,True
zk_00581,170,train,low,2,지금 여론을 보면 그렇게 하면 엎질러진 물이 되는 게 아니라 엎질러진 휘발유가 되는 거죠,못 되죠,지금 여론을 보면 그렇게 하면 엎질러진 물이 되는 게 아니라 엎질러진 휘발유가 못 되죠,6.9044375,True
zk_00581,170,train,mid,3,지금 여론을 보면 그렇게 하면 엎질러진 물이 되는 게 아니라 엎질러진 휘발유가 되는 거죠,물이 되는 거죠,지금 여론을 보면 그렇게 하면 엎질러진 물이 되는 게 아니라 엎질러진 물이 되는 거죠,6.9044375,True
zk_00581,170,train,high,5,지금 여론을 보면 그렇게 하면 엎질러진 물이 되는 게 아니라 엎질러진 휘발유가 되는 거죠,아니라 모아진 휘발유가 되는 거죠,지금 여론을 보면 그렇게 하면 엎질러진 물이 되는 게 아니라 모아진 휘발유가 되는 거죠,6.9044375,True
zk_00582,170,train,low,2,그러한 노력의 일환으로 이천 십 년을 세계 생물 다양성의 해로 지정했습니다,유익으로 지정했습니다,그러한 노력의 일환으로 이천 십 년을 세계 생물 다양성의 유익으로 지정했습니다,6.5634375,True
zk_00582,170,train,mid,3,그러한 노력의 일환으로 이천 십 년을 세계 생물 다양성의 해로 지정했습니다,다양성의 해로 취소했습니다,그러한 노력의 일환으로 이천 십 년을 세계 생물 다양성의 해로 취소했습니다,6.5634375,True
zk_00582,170,train,high,5,그러한 노력의 일환으로 이천 십 년을 세계 생물 다양성의 해로 지정했습니다,세계 생물 다양성을 무시하기로 했습니다,그러한 노력의 일환으로 이천 십 년을 세계 생물 다양성을 무시하기로 했습니다,6.5634375,True
zk_00583,170,train,low,2,이로 인해 경주 대구는 진도 육 부산 울산 창원에선 진도 오 의 흔들림이 발생했다,안정을 유지했다,이로 인해 경주 대구는 진도 육 부산 울산 창원에선 진도 오 의 안정을 유지했다,7.371875,True
zk_00583,170,train,mid,3,이로 인해 경주 대구는 진도 육 부산 울산 창원에선 진도 오 의 흔들림이 발생했다,의 안정성이 유지됐다,이로 인해 경주 대구는 진도 육 부산 울산 창원에선 진도 오 의 안정성이 유지됐다,7.371875,True
zk_00583,170,train,high,5,이로 인해 경주 대구는 진도 육 부산 울산 창원에선 진도 오 의 흔들림이 발생했다,진도 오 의 흔들림이 없었다,이로 인해 경주 대구는 진도 육 부산 울산 창원에선 진도 오 의 흔들림이 없었다,7.371875,True
zk_00584,170,train,low,2,크레인 기사하고 현대 크레인 기사하고 머구리 기사하고 미팅하기로 했다,미팅 취소했다,크레인 기사하고 현대 크레인 기사하고 머구리 기사하고 미팅 취소했다,4.9735625,True
zk_00584,170,train,mid,3,크레인 기사하고 현대 크레인 기사하고 머구리 기사하고 미팅하기로 했다,기사하고 미팅 피했다,크레인 기사하고 현대 크레인 기사하고 머구리 기사하고 미팅 피했다,4.9735625,True
zk_00584,170,train,high,5,크레인 기사하고 현대 크레인 기사하고 머구리 기사하고 미팅하기로 했다,기사하고 머구리 기사하지 않기로 했다,크레인 기사하고 현대 크레인 기사하고 머구리 기사하지 않기로 했다,4.9735625,True
zk_00585,170,train,low,2,그 첼시 전에서 나의 실수는 마치 내 인생에 재앙이 불어닥친 것만 같은 느낌이었다,다른 느낌이었다,그 첼시 전에서 나의 실수는 마치 내 인생에 재앙이 불어닥친 것만 다른 느낌이었다,6.27925,True
zk_00585,170,train,mid,3,그 첼시 전에서 나의 실수는 마치 내 인생에 재앙이 불어닥친 것만 같은 느낌이었다,것만 같은 확신이었다,그 첼시 전에서 나의 실수는 마치 내 인생에 재앙이 불어닥친 것만 같은 확신이었다,6.27925,True
zk_00585,170,train,high,5,그 첼시 전에서 나의 실수는 마치 내 인생에 재앙이 불어닥친 것만 같은 느낌이었다,축복이 내려온 것만 같은 느낌이었다,그 첼시 전에서 나의 실수는 마치 내 인생에 축복이 내려온 것만 같은 느낌이었다,6.27925,True
zk_00586,170,train,low,2,안민석 우선 성난 민심을 조롱하는 대통령의 말씀이었다고 생각 되는데요,확신 합니다,안민석 우선 성난 민심을 조롱하는 대통령의 말씀이었다고 확신 합니다,5.9080625,True
zk_00586,170,train,mid,3,안민석 우선 성난 민심을 조롱하는 대통령의 말씀이었다고 생각 되는데요,말씀이 아니었는데요,안민석 우선 성난 민심을 조롱하는 대통령의 말씀이 아니었는데요,5.9080625,False
zk_00586,170,train,high,5,안민석 우선 성난 민심을 조롱하는 대통령의 말씀이었다고 생각 되는데요,칭찬하는 대통령의 말씀이었다고 생각 되는데요,안민석 우선 성난 민심을 칭찬하는 대통령의 말씀이었다고 생각 되는데요,5.9080625,True
zk_00587,170,train,low,2,그는 트럼프와 언론이 합동으로 현대판 공성계를 사용했다라고 주장했다,사용했다고 부인했다,그는 트럼프와 언론이 합동으로 현대판 공성계를 사용했다고 부인했다,5.671,True
zk_00587,170,train,mid,3,그는 트럼프와 언론이 합동으로 현대판 공성계를 사용했다라고 주장했다,공성계를 사용했다고 부인했다,그는 트럼프와 언론이 합동으로 현대판 공성계를 사용했다고 부인했다,5.671,True
zk_00587,170,train,high,5,그는 트럼프와 언론이 합동으로 현대판 공성계를 사용했다라고 주장했다,합동으로 현대판 공성계를 사용하지 않았다,그는 트럼프와 언론이 합동으로 현대판 공성계를 사용하지 않았다,5.671,True
zk_00588,170,train,low,2,금융팀 다음 달부터 농협 신협 수협 등 상호금융권과 새마을금고에도 여신심사 가이드라인이 도입된다,가이드라인이 폐지된다,금융팀 다음 달부터 농협 신협 수협 등 상호금융권과 새마을금고에도 여신심사 가이드라인이 폐지된다,8.1798125,True
zk_00588,170,train,mid,3,금융팀 다음 달부터 농협 신협 수협 등 상호금융권과 새마을금고에도 여신심사 가이드라인이 도입된다,여신심사 가이드라인이 폐지된다,금융팀 다음 달부터 농협 신협 수협 등 상호금융권과 새마을금고에도 여신심사 가이드라인이 폐지된다,8.1798125,True
zk_00588,170,train,high,5,금융팀 다음 달부터 농협 신협 수협 등 상호금융권과 새마을금고에도 여신심사 가이드라인이 도입된다,상호금융권과 새마을금고에서 여신심사 가이드라인이 폐지된다,금융팀 다음 달부터 농협 신협 수협 등 상호금융권과 새마을금고에서 여신심사 가이드라인이 폐지된다,8.1798125,True
zk_00589,170,train,low,2,집에서 멀리 떨어져 살았지만 여호와를 공경하면서 언제나 순결을 지키고 부지런히 일하고 책임감 있게 행동했다,있게 행동하지,집에서 멀리 떨어져 살았지만 여호와를 공경하면서 언제나 순결을 지키고 부지런히 일하고 책임감 있게 행동하지,8.2270625,True
zk_00589,170,train,mid,3,집에서 멀리 떨어져 살았지만 여호와를 공경하면서 언제나 순결을 지키고 부지런히 일하고 책임감 있게 행동했다,책임감을 회피했다,집에서 멀리 떨어져 살았지만 여호와를 공경하면서 언제나 순결을 지키고 부지런히 일하고 책임감을 회피했다,8.2270625,False
zk_00589,170,train,high,5,집에서 멀리 떨어져 살았지만 여호와를 공경하면서 언제나 순결을 지키고 부지런히 일하고 책임감 있게 행동했다,게으르게 놀고 무책임하게만 행동했다,집에서 멀리 떨어져 살았지만 여호와를 공경하면서 언제나 순결을 지키고 게으르게 놀고 무책임하게만 행동했다,8.2270625,False
zk_00590,171,train,low,2,이러한 노천탕에는 아침에 새들이 부르는 합창곡이나 부드럽게 흐르는 시냇물 소리가 들려올 때도 있습니다,없지 않습니다,이러한 노천탕에는 아침에 새들이 부르는 합창곡이나 부드럽게 흐르는 시냇물 소리가 들려올 없지 않습니다,7.3213125,True
zk_00590,171,train,mid,3,이러한 노천탕에는 아침에 새들이 부르는 합창곡이나 부드럽게 흐르는 시냇물 소리가 들려올 때도 있습니다,들리지 않을 때도,이러한 노천탕에는 아침에 새들이 부르는 합창곡이나 부드럽게 흐르는 시냇물 소리가 들리지 않을 때도,7.3213125,True
zk_00590,171,train,high,5,이러한 노천탕에는 아침에 새들이 부르는 합창곡이나 부드럽게 흐르는 시냇물 소리가 들려올 때도 있습니다,시냇물 소리가 전혀 들려오지 않습니다,이러한 노천탕에는 아침에 새들이 부르는 합창곡이나 부드럽게 흐르는 시냇물 소리가 전혀 들려오지 않습니다,7.3213125,True
zk_00591,171,train,low,2,우선 조윤선 후보자 부부의 일 년 생활비가 오 억 원이었다는 보도가 나오면서 관심이 모아졌고요,관심이 흩어졌고요,우선 조윤선 후보자 부부의 일 년 생활비가 오 억 원이었다는 보도가 나오면서 관심이 흩어졌고요,7.6135,True
zk_00591,171,train,mid,3,우선 조윤선 후보자 부부의 일 년 생활비가 오 억 원이었다는 보도가 나오면서 관심이 모아졌고요,나오면서 관심이 흩어졌고요,우선 조윤선 후보자 부부의 일 년 생활비가 오 억 원이었다는 보도가 나오면서 관심이 흩어졌고요,7.6135,True
zk_00591,171,train,high,5,우선 조윤선 후보자 부부의 일 년 생활비가 오 억 원이었다는 보도가 나오면서 관심이 모아졌고요,원이 아니었다는 주장이 계속 제기됐고요,우선 조윤선 후보자 부부의 일 년 생활비가 오 억 원이 아니었다는 주장이 계속 제기됐고요,7.6135,True
zk_00592,171,train,low,2,매니지먼트 게임 특성이 정적이지만 정적이지 않도록 구성해 좀 더 재미를 줄 수 있도록 만들었다,못하게 했다,매니지먼트 게임 특성이 정적이지만 정적이지 않도록 구성해 좀 더 재미를 줄 수 못하게 했다,7.23775,True
zk_00592,171,train,mid,3,매니지먼트 게임 특성이 정적이지만 정적이지 않도록 구성해 좀 더 재미를 줄 수 있도록 만들었다,못하게 만들었다,매니지먼트 게임 특성이 정적이지만 정적이지 않도록 구성해 좀 더 재미를 줄 못하게 만들었다,7.23775,False
zk_00592,171,train,high,5,매니지먼트 게임 특성이 정적이지만 정적이지 않도록 구성해 좀 더 재미를 줄 수 있도록 만들었다,지루함을 주려고 의도적으로 만들었다,매니지먼트 게임 특성이 정적이지만 정적이지 않도록 구성해 좀 더 지루함을 주려고 의도적으로 만들었다,7.23775,False
zk_00593,171,train,low,2,일반적으로 반죽을 만들 때는 우유나 물 또는 우유와 물을 섞어서 사용합니다,따로 보관합니다,일반적으로 반죽을 만들 때는 우유나 물 또는 우유와 물을 따로 보관합니다,5.756,True
zk_00593,171,train,mid,3,일반적으로 반죽을 만들 때는 우유나 물 또는 우유와 물을 섞어서 사용합니다,물을 섞지 않습니다,일반적으로 반죽을 만들 때는 우유나 물 또는 우유와 물을 섞지 않습니다,5.756,True
zk_00593,171,train,high,5,일반적으로 반죽을 만들 때는 우유나 물 또는 우유와 물을 섞어서 사용합니다,또는 우유를 절대 사용하지 않습니다,일반적으로 반죽을 만들 때는 우유나 물 또는 우유를 절대 사용하지 않습니다,5.756,True
zk_00594,171,train,low,2,막걸리라고 쓸 수 있는 건 국내법이 적용되지 않는 수출용 제품뿐 입니다,서비스 아닙니다,막걸리라고 쓸 수 있는 건 국내법이 적용되지 않는 수출용 서비스 아닙니다,5.8045,True
zk_00594,171,train,mid,3,막걸리라고 쓸 수 있는 건 국내법이 적용되지 않는 수출용 제품뿐 입니다,국내용 제품뿐 입니다,막걸리라고 쓸 수 있는 건 국내법이 적용되지 않는 국내용 제품뿐 입니다,5.8045,True
zk_00594,171,train,high,5,막걸리라고 쓸 수 있는 건 국내법이 적용되지 않는 수출용 제품뿐 입니다,적용되는 모든 수입용 제품들입니다,막걸리라고 쓸 수 있는 건 국내법이 적용되는 모든 수입용 제품들입니다,5.8045,False
zk_00595,171,train,low,2,오 발굴팀장은 달리 말하면 이 건축물은 처음부터 무덤을 덮을 목적으로 세워진 것으로 보인다고 말했다,숨겼다고 말했다,오 발굴팀장은 달리 말하면 이 건축물은 처음부터 무덤을 덮을 목적으로 세워진 것으로 숨겼다고 말했다,8.07075,True
zk_00595,171,train,mid,3,오 발굴팀장은 달리 말하면 이 건축물은 처음부터 무덤을 덮을 목적으로 세워진 것으로 보인다고 말했다,것으로 보이지 않았다,오 발굴팀장은 달리 말하면 이 건축물은 처음부터 무덤을 덮을 목적으로 세워진 것으로 보이지 않았다,8.07075,True
zk_00595,171,train,high,5,오 발굴팀장은 달리 말하면 이 건축물은 처음부터 무덤을 덮을 목적으로 세워진 것으로 보인다고 말했다,목적으로 세워진 것이 아니라고 말했다,오 발굴팀장은 달리 말하면 이 건축물은 처음부터 무덤을 덮을 목적으로 세워진 것이 아니라고 말했다,8.07075,True
zk_00596,171,train,low,2,이들은 해임됐고 받은 금액의 세 배에 해당하는 징계부과금을 물어야 할 처지라고 한다,형편이라고 한다,이들은 해임됐고 받은 금액의 세 배에 해당하는 징계부과금을 물어야 할 형편이라고 한다,6.8895625,True
zk_00596,171,train,mid,3,이들은 해임됐고 받은 금액의 세 배에 해당하는 징계부과금을 물어야 할 처지라고 한다,할 수 없다고,이들은 해임됐고 받은 금액의 세 배에 해당하는 징계부과금을 물어야 할 수 없다고,6.8895625,True
zk_00596,171,train,high,5,이들은 해임됐고 받은 금액의 세 배에 해당하는 징계부과금을 물어야 할 처지라고 한다,징계부과금을 면제받을 수 있다고 한다,이들은 해임됐고 받은 금액의 세 배에 해당하는 징계부과금을 면제받을 수 있다고 한다,6.8895625,True
zk_00597,171,train,low,2,또 하나의 놀라운 설계 솜씨를 대기 중의 수증기의 움직임에서 엿볼 수 있습니다,없을 것입니다,또 하나의 놀라운 설계 솜씨를 대기 중의 수증기의 움직임에서 엿볼 없을 것입니다,6.6009375,True
zk_00597,171,train,mid,3,또 하나의 놀라운 설계 솜씨를 대기 중의 수증기의 움직임에서 엿볼 수 있습니다,알 수 없습니다,또 하나의 놀라운 설계 솜씨를 대기 중의 수증기의 움직임에서 알 수 없습니다,6.6009375,True
zk_00597,171,train,high,5,또 하나의 놀라운 설계 솜씨를 대기 중의 수증기의 움직임에서 엿볼 수 있습니다,수증기의 움직임에서 알 수 없습니다,또 하나의 놀라운 설계 솜씨를 대기 중의 수증기의 움직임에서 알 수 없습니다,6.6009375,True
zk_00598,171,train,low,2,이데일리 노르웨이 국영석유회사 스타토일이 미국 알래스카 유전개발 사업을 포기했다,사업을 추진했다,이데일리 노르웨이 국영석유회사 스타토일이 미국 알래스카 유전개발 사업을 추진했다,6.3435625,True
zk_00598,171,train,mid,3,이데일리 노르웨이 국영석유회사 스타토일이 미국 알래스카 유전개발 사업을 포기했다,유전개발 사업을 추진했다,이데일리 노르웨이 국영석유회사 스타토일이 미국 알래스카 유전개발 사업을 추진했다,6.3435625,True
zk_00598,171,train,high,5,이데일리 노르웨이 국영석유회사 스타토일이 미국 알래스카 유전개발 사업을 포기했다,미국 알래스카 유전개발 사업을 추진했다,이데일리 노르웨이 국영석유회사 스타토일이 미국 알래스카 유전개발 사업을 추진했다,6.3435625,True
zk_00599,171,train,low,2,찰스 다윈 센터의 문을 닫을 시간이 된 건 아닌가 하는 걱정에 숙소에 가방을 던져넣고 한걸음에 달려갔다,천천히 걸었다,찰스 다윈 센터의 문을 닫을 시간이 된 건 아닌가 하는 걱정에 숙소에 가방을 던져넣고 천천히 걸었다,7.1601875,True
zk_00599,171,train,mid,3,찰스 다윈 센터의 문을 닫을 시간이 된 건 아닌가 하는 걱정에 숙소에 가방을 던져넣고 한걸음에 달려갔다,던져넣고 천천히 걸었다,찰스 다윈 센터의 문을 닫을 시간이 된 건 아닌가 하는 걱정에 숙소에 가방을 던져넣고 천천히 걸었다,7.1601875,True
zk_00599,171,train,high,5,찰스 다윈 센터의 문을 닫을 시간이 된 건 아닌가 하는 걱정에 숙소에 가방을 던져넣고 한걸음에 달려갔다,숙소에 가방을 챙겨서 천천히 돌아왔다,찰스 다윈 센터의 문을 닫을 시간이 된 건 아닌가 하는 걱정에 숙소에 가방을 챙겨서 천천히 돌아왔다,7.1601875,True
zk_00600,174,train,low,2,먼저 세탁을 마친 셔츠를 세탁기에서 꺼낸 후 찬장처럼 생긴 런드로이드에 넣으면 끝난다,빼면 망친다,먼저 세탁을 마친 셔츠를 세탁기에서 꺼낸 후 찬장처럼 생긴 런드로이드에 빼면 망친다,7.2315625,True
zk_00600,174,train,mid,3,먼저 세탁을 마친 셔츠를 세탁기에서 꺼낸 후 찬장처럼 생긴 런드로이드에 넣으면 끝난다,런드로이드에서 빼야 한다,먼저 세탁을 마친 셔츠를 세탁기에서 꺼낸 후 찬장처럼 생긴 런드로이드에서 빼야 한다,7.2315625,True
zk_00600,174,train,high,5,먼저 세탁을 마친 셔츠를 세탁기에서 꺼낸 후 찬장처럼 생긴 런드로이드에 넣으면 끝난다,찬장처럼 생긴 런드로이드에서 꺼내야 한다,먼저 세탁을 마친 셔츠를 세탁기에서 꺼낸 후 찬장처럼 생긴 런드로이드에서 꺼내야 한다,7.2315625,True
zk_00601,174,train,low,2,사십 대가 옴짝달싹 못하는 이유는 가계의 안정성이 떨어지고 있기 때문이다,없기 때문이다,사십 대가 옴짝달싹 못하는 이유는 가계의 안정성이 떨어지고 없기 때문이다,6.1548125,True
zk_00601,174,train,mid,3,사십 대가 옴짝달싹 못하는 이유는 가계의 안정성이 떨어지고 있기 때문이다,올라가고 있기 때문이다,사십 대가 옴짝달싹 못하는 이유는 가계의 안정성이 올라가고 있기 때문이다,6.1548125,True
zk_00601,174,train,high,5,사십 대가 옴짝달싹 못하는 이유는 가계의 안정성이 떨어지고 있기 때문이다,가계의 안정성이 높아지고 있기 때문이다,사십 대가 옴짝달싹 못하는 이유는 가계의 안정성이 높아지고 있기 때문이다,6.1548125,True
zk_00602,174,train,low,2,대형견에 잡종인 참깨가 안락사 일 순위라는 말을 듣고 입양을 결심한 것,포기한 것,대형견에 잡종인 참깨가 안락사 일 순위라는 말을 듣고 입양을 포기한 것,5.9991875,True
zk_00602,174,train,mid,3,대형견에 잡종인 참깨가 안락사 일 순위라는 말을 듣고 입양을 결심한 것,입양을 거부한 것,대형견에 잡종인 참깨가 안락사 일 순위라는 말을 듣고 입양을 거부한 것,5.9991875,True
zk_00602,174,train,high,5,대형견에 잡종인 참깨가 안락사 일 순위라는 말을 듣고 입양을 결심한 것,말을 듣고 입양을 거부한 것,대형견에 잡종인 참깨가 안락사 일 순위라는 말을 듣고 입양을 거부한 것,5.9991875,True
zk_00603,174,train,low,2,서울중부경찰서 을지지구대 양모 경위와 이모 경장은 신고 내용과 유사한 오토바이를 발견했다는 공조 요청을 받고 현장에 출동했다,현장을 떠났다,서울중부경찰서 을지지구대 양모 경위와 이모 경장은 신고 내용과 유사한 오토바이를 발견했다는 공조 요청을 받고 현장을 떠났다,10.808375,True
zk_00603,174,train,mid,3,서울중부경찰서 을지지구대 양모 경위와 이모 경장은 신고 내용과 유사한 오토바이를 발견했다는 공조 요청을 받고 현장에 출동했다,받고 현장을 떠났다,서울중부경찰서 을지지구대 양모 경위와 이모 경장은 신고 내용과 유사한 오토바이를 발견했다는 공조 요청을 받고 현장을 떠났다,10.808375,True
zk_00603,174,train,high,5,서울중부경찰서 을지지구대 양모 경위와 이모 경장은 신고 내용과 유사한 오토바이를 발견했다는 공조 요청을 받고 현장에 출동했다,공조 요청을 거부하고 현장에 미출동했다,서울중부경찰서 을지지구대 양모 경위와 이모 경장은 신고 내용과 유사한 오토바이를 발견했다는 공조 요청을 거부하고 현장에 미출동했다,10.808375,True
zk_00604,174,train,low,2,그런 공격을 했을 뿐만 아니라 공약이 여러 차례 바뀌었다,차례 유지됐다,그런 공격을 했을 뿐만 아니라 공약이 여러 차례 유지됐다,4.9905,True
zk_00604,174,train,mid,3,그런 공격을 했을 뿐만 아니라 공약이 여러 차례 바뀌었다,계속 유지되었다,그런 공격을 했을 뿐만 아니라 공약이 계속 유지되었다,4.9905,False
zk_00604,174,train,high,5,그런 공격을 했을 뿐만 아니라 공약이 여러 차례 바뀌었다,아니라 공약이 처음부터 끝까지 지켜졌다,그런 공격을 했을 뿐만 아니라 공약이 처음부터 끝까지 지켜졌다,4.9905,True
zk_00605,174,train,low,2,다른 변호사는 바람을 피우고도 뻔뻔하게 행동하는 경우는 예전보다 눈에 띄게 늘었다,줄어 들었다,다른 변호사는 바람을 피우고도 뻔뻔하게 행동하는 경우는 예전보다 눈에 줄어 들었다,6.621125,True
zk_00605,174,train,mid,3,다른 변호사는 바람을 피우고도 뻔뻔하게 행동하는 경우는 예전보다 눈에 띄게 늘었다,눈에 띄게 줄었다,다른 변호사는 바람을 피우고도 뻔뻔하게 행동하는 경우는 예전보다 눈에 띄게 줄었다,6.621125,True
zk_00605,174,train,high,5,다른 변호사는 바람을 피우고도 뻔뻔하게 행동하는 경우는 예전보다 눈에 띄게 늘었다,경우는 예전보다 눈에 띄게 줄었다,다른 변호사는 바람을 피우고도 뻔뻔하게 행동하는 경우는 예전보다 눈에 띄게 줄었다,6.621125,True
zk_00606,174,train,low,2,다만 미분양 주택이 덩달아 늘고 있고 주택경기 호황이 지속되면서 공급과잉에 따른 입주대란 공포도 확산되는 분위기다,수렴되는 분위기다,다만 미분양 주택이 덩달아 늘고 있고 주택경기 호황이 지속되면서 공급과잉에 따른 입주대란 공포도 수렴되는 분위기다,8.4819375,True
zk_00606,174,train,mid,3,다만 미분양 주택이 덩달아 늘고 있고 주택경기 호황이 지속되면서 공급과잉에 따른 입주대란 공포도 확산되는 분위기다,희망이 퍼지는 분위기다,다만 미분양 주택이 덩달아 늘고 있고 주택경기 호황이 지속되면서 공급과잉에 따른 입주대란 희망이 퍼지는 분위기다,8.4819375,True
zk_00606,174,train,high,5,다만 미분양 주택이 덩달아 늘고 있고 주택경기 호황이 지속되면서 공급과잉에 따른 입주대란 공포도 확산되는 분위기다,따른 입주대란 해소되고 있는 분위기다,다만 미분양 주택이 덩달아 늘고 있고 주택경기 호황이 지속되면서 공급과잉에 따른 입주대란 해소되고 있는 분위기다,8.4819375,True
zk_00607,174,train,low,2,온라인 여행전문 사이트 익스피디아에 따르면 아랍에미리트 직장인들은 연차휴가 삼십 일 스웨덴 네덜란드 노르웨이는 이십 오 일을 받아 백 퍼센트 쓰고 있다,지우고 있다,온라인 여행전문 사이트 익스피디아에 따르면 아랍에미리트 직장인들은 연차휴가 삼십 일 스웨덴 네덜란드 노르웨이는 이십 오 일을 받아 백 퍼센트 지우고 있다,10.5588125,True
zk_00607,174,train,mid,3,온라인 여행전문 사이트 익스피디아에 따르면 아랍에미리트 직장인들은 연차휴가 삼십 일 스웨덴 네덜란드 노르웨이는 이십 오 일을 받아 백 퍼센트 쓰고 있다,퍼센트 버리고 있다,온라인 여행전문 사이트 익스피디아에 따르면 아랍에미리트 직장인들은 연차휴가 삼십 일 스웨덴 네덜란드 노르웨이는 이십 오 일을 받아 백 퍼센트 버리고 있다,10.5588125,True
zk_00607,174,train,high,5,온라인 여행전문 사이트 익스피디아에 따르면 아랍에미리트 직장인들은 연차휴가 삼십 일 스웨덴 네덜란드 노르웨이는 이십 오 일을 받아 백 퍼센트 쓰고 있다,못 받아 조금만 쓰고 있다,온라인 여행전문 사이트 익스피디아에 따르면 아랍에미리트 직장인들은 연차휴가 삼십 일 스웨덴 네덜란드 노르웨이는 이십 오 일을 못 받아 조금만 쓰고 있다,10.5588125,True
zk_00608,174,train,low,2,일 장막의 기초를 위한 장부 받침은 무엇으로 만들었습니까,무엇으로 팔았습니까,일 장막의 기초를 위한 장부 받침은 무엇으로 팔았습니까,5.4146875,True
zk_00608,174,train,mid,3,일 장막의 기초를 위한 장부 받침은 무엇으로 만들었습니까,받침은 무엇으로 버렸습니까,일 장막의 기초를 위한 장부 받침은 무엇으로 버렸습니까,5.4146875,True
zk_00608,174,train,high,5,일 장막의 기초를 위한 장부 받침은 무엇으로 만들었습니까,장부 받침은 어떤 재료로 만들었습니까,일 장막의 기초를 장부 받침은 어떤 재료로 만들었습니까,5.4146875,True
zk_00609,174,train,low,2,오마이뉴스 최근 국내 모 백화점에서 한 외국인이 촬영한 영상이 적잖은 파장을 낳았다,소용을 했다,오마이뉴스 최근 국내 모 백화점에서 한 외국인이 촬영한 영상이 적잖은 소용을 했다,8.017625,True
zk_00609,174,train,mid,3,오마이뉴스 최근 국내 모 백화점에서 한 외국인이 촬영한 영상이 적잖은 파장을 낳았다,별다른 반응 없었다,오마이뉴스 최근 국내 모 백화점에서 한 외국인이 촬영한 영상이 별다른 반응 없었다,8.017625,True
zk_00609,174,train,high,5,오마이뉴스 최근 국내 모 백화점에서 한 외국인이 촬영한 영상이 적잖은 파장을 낳았다,촬영한 영상이 별다른 반응을 못했다,오마이뉴스 최근 국내 모 백화점에서 한 외국인이 촬영한 영상이 별다른 반응을 못했다,8.017625,True
zk_00610,176,train,low,2,대통령 탄핵 물러나다 헌재가 박근혜 전 대통령 파면 결정을 내렸다,결정을 번복했다,대통령 탄핵 물러나다 헌재가 박근혜 전 대통령 파면 결정을 번복했다,5.4215,True
zk_00610,176,train,mid,3,대통령 탄핵 물러나다 헌재가 박근혜 전 대통령 파면 결정을 내렸다,복직을 결정했다,대통령 탄핵 물러나다 헌재가 박근혜 전 대통령 복직을 결정했다,5.4215,False
zk_00610,176,train,high,5,대통령 탄핵 물러나다 헌재가 박근혜 전 대통령 파면 결정을 내렸다,전 대통령 파면을 거부하였다,대통령 탄핵 물러나다 헌재가 박근혜 전 대통령 파면을 거부하였다,5.4215,False
zk_00611,176,train,low,2,몽둥이와 함께 변 씨의 가게에선 쇠 파이프와 곡괭이 자루까지 발견됐습니다,발견되지 않았습니다,몽둥이와 함께 변 씨의 가게에선 쇠 파이프와 곡괭이 발견되지 않았습니다,5.56725,True
zk_00611,176,train,mid,3,몽둥이와 함께 변 씨의 가게에선 쇠 파이프와 곡괭이 자루까지 발견됐습니다,곡괭이 자루는 없었습니다,몽둥이와 함께 변 씨의 가게에선 쇠 파이프와 곡괭이 자루는 없었습니다,5.56725,True
zk_00611,176,train,high,5,몽둥이와 함께 변 씨의 가게에선 쇠 파이프와 곡괭이 자루까지 발견됐습니다,쇠 파이프와 곡괭이 자루는 없었습니다,몽둥이와 함께 변 씨의 가게에선 쇠 파이프와 곡괭이 자루는 없었습니다,5.56725,True
zk_00612,176,train,low,2,하지만 미국 의회에서 발족시킨 한 위원회에서는 서로 뚜렷이 구분되는 열 일곱 가지 수면 장애가 있음을 인정했습니다,없음을 부인했습니다,하지만 미국 의회에서 발족시킨 한 위원회에서는 서로 뚜렷이 구분되는 열 일곱 가지 수면 장애가 없음을 부인했습니다,8.983375,True
zk_00612,176,train,mid,3,하지만 미국 의회에서 발족시킨 한 위원회에서는 서로 뚜렷이 구분되는 열 일곱 가지 수면 장애가 있음을 인정했습니다,장애가 없다고 부인했습니다,하지만 미국 의회에서 발족시킨 한 위원회에서는 서로 뚜렷이 구분되는 열 일곱 가지 수면 장애가 없다고 부인했습니다,8.983375,True
zk_00612,176,train,high,5,하지만 미국 의회에서 발족시킨 한 위원회에서는 서로 뚜렷이 구분되는 열 일곱 가지 수면 장애가 있음을 인정했습니다,가지 수면 장애가 없음을 부인했습니다,하지만 미국 의회에서 발족시킨 한 위원회에서는 서로 뚜렷이 구분되는 열 일곱 가지 수면 장애가 없음을 부인했습니다,8.983375,True
zk_00613,176,train,low,2,청소년들을 보호하기 위해서는 아청법이 꼭 필요한 법임은 분명하지만 이에 따른 피해도 함께 발생하고 있어 문제다,없어 좋다,청소년들을 보호하기 위해서는 아청법이 꼭 필요한 법임은 분명하지만 이에 따른 피해도 함께 발생하고 없어 좋다,8.488125,True
zk_00613,176,train,mid,3,청소년들을 보호하기 위해서는 아청법이 꼭 필요한 법임은 분명하지만 이에 따른 피해도 함께 발생하고 있어 문제다,해결되고 있어 다행이다,청소년들을 보호하기 위해서는 아청법이 꼭 필요한 법임은 분명하지만 이에 따른 피해도 함께 해결되고 있어 다행이다,8.488125,True
zk_00613,176,train,high,5,청소년들을 보호하기 위해서는 아청법이 꼭 필요한 법임은 분명하지만 이에 따른 피해도 함께 발생하고 있어 문제다,이득도 함께 발생하고 있어 좋다,청소년들을 보호하기 위해서는 아청법이 꼭 필요한 법임은 분명하지만 이에 따른 이득도 함께 발생하고 있어 좋다,8.488125,True
zk_00614,176,train,low,2,한겨레 이십 일 한겨레신문 한겨레는 한국온라인신문협회의 디지털뉴스이용규칙에 따른 저작권을 행사합니다,저작권을 포기합니다,한겨레 이십 일 한겨레신문 한겨레는 한국온라인신문협회의 디지털뉴스이용규칙에 따른 저작권을 포기합니다,7.7249375,True
zk_00614,176,train,mid,3,한겨레 이십 일 한겨레신문 한겨레는 한국온라인신문협회의 디지털뉴스이용규칙에 따른 저작권을 행사합니다,따른 저작권을 포기합니다,한겨레 이십 일 한겨레신문 한겨레는 한국온라인신문협회의 디지털뉴스이용규칙에 따른 저작권을 포기합니다,7.7249375,True
zk_00614,176,train,high,5,한겨레 이십 일 한겨레신문 한겨레는 한국온라인신문협회의 디지털뉴스이용규칙에 따른 저작권을 행사합니다,한국온라인신문협회의 디지털뉴스이용규칙을 거부합니다,한겨레 이십 일 한겨레신문 한겨레는 한국온라인신문협회의 디지털뉴스이용규칙을 거부합니다,7.7249375,False
zk_00615,176,train,low,2,조 사무총장은 다른 항공사들 같으면 곤란하다 우리도 힘들다고 했을 만한 상황이었다,어려운 상황이었다,조 사무총장은 다른 항공사들 같으면 곤란하다 우리도 힘들다고 했을 어려운 상황이었다,5.8903125,True
zk_00615,176,train,mid,3,조 사무총장은 다른 항공사들 같으면 곤란하다 우리도 힘들다고 했을 만한 상황이었다,하지 않은 상황이었다,조 사무총장은 다른 항공사들 같으면 곤란하다 우리도 힘들다고 하지 않은 상황이었다,5.8903125,True
zk_00615,176,train,high,5,조 사무총장은 다른 항공사들 같으면 곤란하다 우리도 힘들다고 했을 만한 상황이었다,우리도 쉽다고 했을 만한 상황이었다,조 사무총장은 다른 항공사들 같으면 곤란하다 우리도 쉽다고 했을 만한 상황이었다,5.8903125,True
zk_00616,176,train,low,2,정부는 전국에 있는 사 대 강 보를 통해 확보된 물을 더 효율적으로 활용할 수 있도록 사 대 강 수자원 활용 개선 방안 용역도 시행 중이다,중단 되었다,정부는 전국에 있는 사 대 강 보를 통해 확보된 물을 더 효율적으로 활용할 수 있도록 사 대 강 수자원 활용 개선 방안 용역도 중단 되었다,8.3866875,True
zk_00616,176,train,mid,3,정부는 전국에 있는 사 대 강 보를 통해 확보된 물을 더 효율적으로 활용할 수 있도록 사 대 강 수자원 활용 개선 방안 용역도 시행 중이다,용역은 중단되었다,정부는 전국에 있는 사 대 강 보를 통해 확보된 물을 더 효율적으로 활용할 수 있도록 사 대 강 수자원 활용 개선 방안 용역은 중단되었다,8.3866875,False
zk_00616,176,train,high,5,정부는 전국에 있는 사 대 강 보를 통해 확보된 물을 더 효율적으로 활용할 수 있도록 사 대 강 수자원 활용 개선 방안 용역도 시행 중이다,개선 방안 용역은 중단된 상태다,정부는 전국에 있는 사 대 강 보를 통해 확보된 물을 더 효율적으로 활용할 수 있도록 사 대 강 수자원 활용 개선 방안 용역은 중단된 상태다,8.3866875,True
zk_00617,176,train,low,2,한 중견검사는 우리나라 대기업들은 엄청난 현안들이 존재한다,현안들이 없다,한 중견검사는 우리나라 대기업들은 엄청난 현안들이 없다,5.2885,True
zk_00617,176,train,mid,3,한 중견검사는 우리나라 대기업들은 엄청난 현안들이 존재한다,큰 문제는 없다,한 중견검사는 우리나라 대기업들은 큰 문제는 없다,5.2885,True
zk_00617,176,train,high,5,한 중견검사는 우리나라 대기업들은 엄청난 현안들이 존재한다,우리나라 대기업들은 별다른 문제가 없다,한 중견검사는 우리나라 대기업들은 별다른 문제가 없다,5.2885,True
zk_00618,176,train,low,2,그는 지난해 십 이 월 이십 사 일 집행유예형을 선고받고 풀려났다,선고받고 구금됐다,그는 지난해 십 이 월 이십 사 일 집행유예형을 선고받고 구금됐다,5.10925,True
zk_00618,176,train,mid,3,그는 지난해 십 이 월 이십 사 일 집행유예형을 선고받고 풀려났다,징역형을 선고받았다,그는 지난해 십 이 월 이십 사 일 징역형을 선고받았다,5.10925,False
zk_00618,176,train,high,5,그는 지난해 십 이 월 이십 사 일 집행유예형을 선고받고 풀려났다,사 일 실형을 선고받고 투옥되었다,그는 지난해 십 이 월 이십 사 일 실형을 선고받고 투옥되었다,5.10925,True
zk_00619,176,train,low,2,배송장소와 요금까지 정확히 알고 있어서 사람들을 쉽게 속일 수 있었습니다,못 했습니다,배송장소와 요금까지 정확히 알고 있어서 사람들을 쉽게 속일 못 했습니다,5.79075,True
zk_00619,176,train,mid,3,배송장소와 요금까지 정확히 알고 있어서 사람들을 쉽게 속일 수 있었습니다,속지 못했습니다,배송장소와 요금까지 정확히 알고 있어서 사람들을 쉽게 속지 못했습니다,5.79075,False
zk_00619,176,train,high,5,배송장소와 요금까지 정확히 알고 있어서 사람들을 쉽게 속일 수 있었습니다,사람들을 절대 속일 수 없었습니다,배송장소와 요금까지 정확히 알고 있어서 사람들을 절대 속일 수 없었습니다,5.79075,True
zk_00620,177,train,low,2,천 구백 육십 년대 초반 우리는 남부 아프리카에서 여행하는 봉사를 수행하라는 임무를 받았습니다,거부 했습니다,천 구백 육십 년대 초반 우리는 남부 아프리카에서 여행하는 봉사를 수행하라는 거부 했습니다,7.549625,True
zk_00620,177,train,mid,3,천 구백 육십 년대 초반 우리는 남부 아프리카에서 여행하는 봉사를 수행하라는 임무를 받았습니다,거부하기를 결심했습니다,천 구백 육십 년대 초반 우리는 남부 아프리카에서 여행하는 봉사를 거부하기를 결심했습니다,7.549625,False
zk_00620,177,train,high,5,천 구백 육십 년대 초반 우리는 남부 아프리카에서 여행하는 봉사를 수행하라는 임무를 받았습니다,여행하는 봉사를 거부하기로 최종 결정했습니다,천 구백 육십 년대 초반 우리는 남부 아프리카에서 여행하는 봉사를 거부하기로 최종 결정했습니다,7.549625,True
zk_00621,177,train,low,2,서민들 밥상을 걱정한 정부의 정책이라고 하는데 과연 누구의 걱정이 덜어지고 누구의 주머니가 불려지는 걸까,불려지지 않을까,서민들 밥상을 걱정한 정부의 정책이라고 하는데 과연 누구의 걱정이 덜어지고 누구의 주머니가 불려지지 않을까,8.5495,True
zk_00621,177,train,mid,3,서민들 밥상을 걱정한 정부의 정책이라고 하는데 과연 누구의 걱정이 덜어지고 누구의 주머니가 불려지는 걸까,주머니가 비워지는 걸까,서민들 밥상을 걱정한 정부의 정책이라고 하는데 과연 누구의 걱정이 덜어지고 누구의 주머니가 비워지는 걸까,8.5495,True
zk_00621,177,train,high,5,서민들 밥상을 걱정한 정부의 정책이라고 하는데 과연 누구의 걱정이 덜어지고 누구의 주머니가 불려지는 걸까,늘어나고 누구의 주머니가 비려지는 걸까,서민들 밥상을 걱정한 정부의 정책이라고 하는데 과연 누구의 걱정이 늘어나고 누구의 주머니가 비려지는 걸까,8.5495,True
zk_00622,177,train,low,2,선대인 그런데 누구나 느끼시겠지만 지금 이천 육 년 부동산 폭등기 때보다 지금 호황인가,지금 불황인가,선대인 그런데 누구나 느끼시겠지만 지금 이천 육 년 부동산 폭등기 때보다 지금 불황인가,7.7829375,True
zk_00622,177,train,mid,3,선대인 그런데 누구나 느끼시겠지만 지금 이천 육 년 부동산 폭등기 때보다 지금 호황인가,때보다 지금 침체인가,선대인 그런데 누구나 느끼시겠지만 지금 이천 육 년 부동산 폭등기 때보다 지금 침체인가,7.7829375,True
zk_00622,177,train,high,5,선대인 그런데 누구나 느끼시겠지만 지금 이천 육 년 부동산 폭등기 때보다 지금 호황인가,부동산 침체기 때보다 지금 불황인가,선대인 그런데 누구나 느끼시겠지만 지금 이천 육 년 부동산 침체기 때보다 지금 불황인가,7.7829375,True
zk_00623,177,train,low,2,미완의 삼룡 야권의 유력한 대권후보인 안철수 국민의당 상임공동대표와 문재인 전 더민주 대표는 이번 총선에서 절반의 성공을 거뒀다,실패를 겪었다,미완의 삼룡 야권의 유력한 대권후보인 안철수 국민의당 상임공동대표와 문재인 전 더민주 대표는 이번 총선에서 절반의 실패를 겪었다,10.5756875,True
zk_00623,177,train,mid,3,미완의 삼룡 야권의 유력한 대권후보인 안철수 국민의당 상임공동대표와 문재인 전 더민주 대표는 이번 총선에서 절반의 성공을 거뒀다,완전히 실패를 했다,미완의 삼룡 야권의 유력한 대권후보인 안철수 국민의당 상임공동대표와 문재인 전 더민주 대표는 이번 총선에서 완전히 실패를 했다,10.5756875,True
zk_00623,177,train,high,5,미완의 삼룡 야권의 유력한 대권후보인 안철수 국민의당 상임공동대표와 문재인 전 더민주 대표는 이번 총선에서 절반의 성공을 거뒀다,이번 총선에서 완전한 실패를 맞았다,미완의 삼룡 야권의 유력한 대권후보인 안철수 국민의당 상임공동대표와 문재인 전 더민주 대표는 이번 총선에서 완전한 실패를 맞았다,10.5756875,True
zk_00624,177,train,low,2,박재홍 사단법인 탁틴내일의 이현숙 상임대표와 함께 필리핀 안에 있는 코피노 문제 짚어봤습니다,문제 회피했습니다,박재홍 사단법인 탁틴내일의 이현숙 상임대표와 함께 필리핀 안에 있는 코피노 문제 회피했습니다,7.4039375,True
zk_00624,177,train,mid,3,박재홍 사단법인 탁틴내일의 이현숙 상임대표와 함께 필리핀 안에 있는 코피노 문제 짚어봤습니다,코피노 문제 외면했습니다,박재홍 사단법인 탁틴내일의 이현숙 상임대표와 함께 필리핀 안에 있는 코피노 문제 외면했습니다,7.4039375,True
zk_00624,177,train,high,5,박재홍 사단법인 탁틴내일의 이현숙 상임대표와 함께 필리핀 안에 있는 코피노 문제 짚어봤습니다,안에 있는 코피노 문제 무시했습니다,박재홍 사단법인 탁틴내일의 이현숙 상임대표와 함께 필리핀 안에 있는 코피노 문제 무시했습니다,7.4039375,True
zk_00625,177,train,low,2,단순히 계산하면 갤럭시노트 칠 의 출고가는 구십 팔 만 팔천 구백 원인데 이백 오십 만대를 곱하면 무려 이 조 사천 칠백 이십 이 억원에 달한다,억원 미만이다,단순히 계산하면 갤럭시노트 칠 의 출고가는 구십 팔 만 팔천 구백 원인데 이백 오십 만대를 곱하면 무려 이 조 사천 칠백 이십 이 억원 미만이다,10.265125,True
zk_00625,177,train,mid,3,단순히 계산하면 갤럭시노트 칠 의 출고가는 구십 팔 만 팔천 구백 원인데 이백 오십 만대를 곱하면 무려 이 조 사천 칠백 이십 이 억원에 달한다,이 억원 미만이다,단순히 계산하면 갤럭시노트 칠 의 출고가는 구십 팔 만 팔천 구백 원인데 이백 오십 만대를 곱하면 무려 이 조 사천 칠백 이십 이 억원 미만이다,10.265125,True
zk_00625,177,train,high,5,단순히 계산하면 갤럭시노트 칠 의 출고가는 구십 팔 만 팔천 구백 원인데 이백 오십 만대를 곱하면 무려 이 조 사천 칠백 이십 이 억원에 달한다,삼백 오십 만원에 미치지 못한다,단순히 계산하면 갤럭시노트 칠 의 출고가는 구십 팔 만 팔천 구백 원인데 이백 오십 만대를 곱하면 무려 이 조 사천 삼백 오십 만원에 미치지 못한다,10.265125,True
zk_00626,177,train,low,2,사 일 오전 여섯 시 삼십 분 피해자 황모씨는 목에 보호대를 감고 출근해 있었다,결근해 있었다,사 일 오전 여섯 시 삼십 분 피해자 황모씨는 목에 보호대를 감고 결근해 있었다,6.7599375,True
zk_00626,177,train,mid,3,사 일 오전 여섯 시 삼십 분 피해자 황모씨는 목에 보호대를 감고 출근해 있었다,떴다 퇴근해 있었다,사 일 오전 여섯 시 삼십 분 피해자 황모씨는 목에 보호대를 떴다 퇴근해 있었다,6.7599375,True
zk_00626,177,train,high,5,사 일 오전 여섯 시 삼십 분 피해자 황모씨는 목에 보호대를 감고 출근해 있었다,목에 보호대를 풀고 퇴근해 있었다,사 일 오전 여섯 시 삼십 분 피해자 황모씨는 목에 보호대를 풀고 퇴근해 있었다,6.7599375,True
zk_00627,177,train,low,2,다만 피고인이 범행 모두를 시인하고 반성하고 있는 점 동종 전과가 없는 점 등을 고려해 형을 정했다고 덧붙였다,부정했다고 덧붙였다,다만 피고인이 범행 모두를 시인하고 반성하고 있는 점 동종 전과가 없는 점 등을 고려해 형을 부정했다고 덧붙였다,8.9204375,True
zk_00627,177,train,mid,3,다만 피고인이 범행 모두를 시인하고 반성하고 있는 점 동종 전과가 없는 점 등을 고려해 형을 정했다고 덧붙였다,형을 미뤘다고 덧붙였다,다만 피고인이 범행 모두를 시인하고 반성하고 있는 점 동종 전과가 없는 점 등을 고려해 형을 미뤘다고 덧붙였다,8.9204375,True
zk_00627,177,train,high,5,다만 피고인이 범행 모두를 시인하고 반성하고 있는 점 동종 전과가 없는 점 등을 고려해 형을 정했다고 덧붙였다,등을 무시해 형을 정했다고 덧붙였다,다만 피고인이 범행 모두를 시인하고 반성하고 있는 점 동종 전과가 없는 점 등을 무시해 형을 정했다고 덧붙였다,8.9204375,True
zk_00628,177,train,low,2,박 대통령도 담화에서 기업들의 기금 출연을 선의라고 규정했었다,악의라고 규정했었다,박 대통령도 담화에서 기업들의 기금 출연을 악의라고 규정했었다,5.600875,True
zk_00628,177,train,mid,3,박 대통령도 담화에서 기업들의 기금 출연을 선의라고 규정했었다,출연을 악의라고 규정했었다,박 대통령도 담화에서 기업들의 기금 출연을 악의라고 규정했었다,5.600875,True
zk_00628,177,train,high,5,박 대통령도 담화에서 기업들의 기금 출연을 선의라고 규정했었다,기업들의 기금 출연을 비판했었다고 했다,박 대통령도 담화에서 기업들의 기금 출연을 비판했었다고 했다,5.600875,True
zk_00629,177,train,low,2,하지만 전체 매출이 무려 이십 오 퍼센트나 줄면서 기존 천 원이었던 매출이 칠백 오십 원으로 줄어든 것,늘어난 것,하지만 전체 매출이 무려 이십 오 퍼센트나 줄면서 기존 천 원이었던 매출이 칠백 오십 원으로 늘어난 것,8.0010625,True
zk_00629,177,train,mid,3,하지만 전체 매출이 무려 이십 오 퍼센트나 줄면서 기존 천 원이었던 매출이 칠백 오십 원으로 줄어든 것,원으로 늘어난 것,하지만 전체 매출이 무려 이십 오 퍼센트나 줄면서 기존 천 원이었던 매출이 칠백 오십 원으로 늘어난 것,8.0010625,True
zk_00629,177,train,high,5,하지만 전체 매출이 무려 이십 오 퍼센트나 줄면서 기존 천 원이었던 매출이 칠백 오십 원으로 줄어든 것,천원 오십 원으로 늘어난 것,하지만 전체 매출이 무려 이십 오 퍼센트나 줄면서 기존 천 원이었던 매출이 천원 오십 원으로 늘어난 것,8.0010625,True
zk_00630,178,train,low,2,실제로 이천 육 년부터 이천 십 사 년 사이에 베네수엘라의 민간기업은 이십 퍼센트나 감소했다,퍼센트나 증가했다,실제로 이천 육 년부터 이천 십 사 년 사이에 베네수엘라의 민간기업은 이십 퍼센트나 증가했다,5.9559375,True
zk_00630,178,train,mid,3,실제로 이천 육 년부터 이천 십 사 년 사이에 베네수엘라의 민간기업은 이십 퍼센트나 감소했다,이십 퍼센트나 증가했다,실제로 이천 육 년부터 이천 십 사 년 사이에 베네수엘라의 민간기업은 이십 퍼센트나 증가했다,5.9559375,True
zk_00630,178,train,high,5,실제로 이천 육 년부터 이천 십 사 년 사이에 베네수엘라의 민간기업은 이십 퍼센트나 감소했다,베네수엘라의 민간기업은 이십 퍼센트나 증가했다,실제로 이천 육 년부터 이천 십 사 년 사이에 베네수엘라의 민간기업은 이십 퍼센트나 증가했다,5.9559375,True
zk_00631,178,train,low,2,손상된 조직을 제거하고 환부를 최소화하려면 숙련된 의료진이 필요했지만 이런 특수외상 수술이 가능한 숙련의는 한 명뿐이었다,여럿 있었다,손상된 조직을 제거하고 환부를 최소화하려면 숙련된 의료진이 필요했지만 이런 특수외상 수술이 가능한 숙련의는 여럿 있었다,8.3315625,True
zk_00631,178,train,mid,3,손상된 조직을 제거하고 환부를 최소화하려면 숙련된 의료진이 필요했지만 이런 특수외상 수술이 가능한 숙련의는 한 명뿐이었다,숙련자는 많이 있었다,손상된 조직을 제거하고 환부를 최소화하려면 숙련된 의료진이 필요했지만 이런 특수외상 수술이 가능한 숙련자는 많이 있었다,8.3315625,True
zk_00631,178,train,high,5,손상된 조직을 제거하고 환부를 최소화하려면 숙련된 의료진이 필요했지만 이런 특수외상 수술이 가능한 숙련의는 한 명뿐이었다,수술이 불가능한 의사들만 많았다,손상된 조직을 제거하고 환부를 최소화하려면 숙련된 의료진이 필요했지만 이런 특수외상 수술이 불가능한 의사들만 많았다,8.3315625,False
zk_00632,178,train,low,2,앵커 동료 교사들보다 업무량이 많았던 한 초등학교 육 학년 부장교사가 급성심장사로 숨졌습니다,완전히 회복했습니다,앵커 동료 교사들보다 업무량이 많았던 한 초등학교 육 학년 부장교사가 완전히 회복했습니다,6.3283125,True
zk_00632,178,train,mid,3,앵커 동료 교사들보다 업무량이 많았던 한 초등학교 육 학년 부장교사가 급성심장사로 숨졌습니다,부장교사가 회복되고 있습니다,앵커 동료 교사들보다 업무량이 많았던 한 초등학교 육 학년 부장교사가 회복되고 있습니다,6.3283125,True
zk_00632,178,train,high,5,앵커 동료 교사들보다 업무량이 많았던 한 초등학교 육 학년 부장교사가 급성심장사로 숨졌습니다,육 학년 부장교사가 건강하게 회복했습니다,앵커 동료 교사들보다 업무량이 많았던 한 초등학교 육 학년 부장교사가 건강하게 회복했습니다,6.3283125,True
zk_00633,178,train,low,2,반품당한 불량제품을 불우이웃에 기부품으로 내놓기도 했습니다,감춰 두었습니다,반품당한 불량제품을 불우이웃에 기부품으로 감춰 두었습니다,5.12025,True
zk_00633,178,train,mid,3,반품당한 불량제품을 불우이웃에 기부품으로 내놓기도 했습니다,기부품으로 받지도 않았습니다,반품당한 불량제품을 불우이웃에 기부품으로 받지도 않았습니다,5.12025,True
zk_00633,178,train,high,5,반품당한 불량제품을 불우이웃에 기부품으로 내놓기도 했습니다,불량제품을 고가로 판매해버렸습니다,반품당한 불량제품을 고가로 판매해버렸습니다,5.12025,False
zk_00634,178,train,low,2,문제는 이 기 특조위에 선체 조사 권한이 넘어갈지 아니면 선조위에서 만든 보고서만 활용할지다,활용하지 않을지다,문제는 이 기 특조위에 선체 조사 권한이 넘어갈지 아니면 선조위에서 만든 활용하지 않을지다,5.844625,True
zk_00634,178,train,mid,3,문제는 이 기 특조위에 선체 조사 권한이 넘어갈지 아니면 선조위에서 만든 보고서만 활용할지다,만든 보고서를 폐기할지다,문제는 이 기 특조위에 선체 조사 권한이 넘어갈지 아니면 선조위에서 만든 보고서를 폐기할지다,5.844625,True
zk_00634,178,train,high,5,문제는 이 기 특조위에 선체 조사 권한이 넘어갈지 아니면 선조위에서 만든 보고서만 활용할지다,아니면 선조위의 모든 보고서를 무시할지다,문제는 이 기 특조위에 선체 조사 권한이 넘어갈지 아니면 선조위의 모든 보고서를 무시할지다,5.844625,True
zk_00635,178,train,low,2,세 명의 선행팀이 현장에 먼저 가서 상황과 동선을 파악하면 안 후보와 같은 차를 탄 세 명의 수행팀이 뒤이어 현장에 도착하는 식이다,떠나는 식이다,세 명의 선행팀이 현장에 먼저 가서 상황과 동선을 파악하면 안 후보와 같은 차를 탄 세 명의 수행팀이 뒤이어 현장에 떠나는 식이다,7.7271875,True
zk_00635,178,train,mid,3,세 명의 선행팀이 현장에 먼저 가서 상황과 동선을 파악하면 안 후보와 같은 차를 탄 세 명의 수행팀이 뒤이어 현장에 도착하는 식이다,현장에 도착하지 않는다,세 명의 선행팀이 현장에 먼저 가서 상황과 동선을 파악하면 안 후보와 같은 차를 탄 세 명의 수행팀이 뒤이어 현장에 도착하지 않는다,7.7271875,True
zk_00635,178,train,high,5,세 명의 선행팀이 현장에 먼저 가서 상황과 동선을 파악하면 안 후보와 같은 차를 탄 세 명의 수행팀이 뒤이어 현장에 도착하는 식이다,수행팀이 먼저 현장을 떠나는 식이다,세 명의 선행팀이 현장에 먼저 가서 상황과 동선을 파악하면 안 후보와 같은 차를 탄 세 명의 수행팀이 먼저 현장을 떠나는 식이다,7.7271875,True
zk_00636,178,train,low,2,지난달 이십 구 일 민노총 관계자들이 교대할 때 가 섞여 들어간 것이다,빠져나온 것이다,지난달 이십 구 일 민노총 관계자들이 교대할 때 가 섞여 빠져나온 것이다,6.4179375,True
zk_00636,178,train,mid,3,지난달 이십 구 일 민노총 관계자들이 교대할 때 가 섞여 들어간 것이다,빠져 나간 것이다,지난달 이십 구 일 민노총 관계자들이 교대할 때 가 빠져 나간 것이다,6.4179375,True
zk_00636,178,train,high,5,지난달 이십 구 일 민노총 관계자들이 교대할 때 가 섞여 들어간 것이다,때가 섞여 들어오지 않은 것이다,지난달 이십 구 일 민노총 관계자들이 교대할 때가 섞여 들어오지 않은 것이다,6.4179375,True
zk_00637,178,train,low,2,기자 지난해 팔 월 영훈국제중 김하주 이사장은 징역형이 확정됐습니다,무죄 판결됐습니다,기자 지난해 팔 월 영훈국제중 김하주 이사장은 무죄 판결됐습니다,5.664,True
zk_00637,178,train,mid,3,기자 지난해 팔 월 영훈국제중 김하주 이사장은 징역형이 확정됐습니다,이사장은 무죄로 판결됐습니다,기자 지난해 팔 월 영훈국제중 김하주 이사장은 무죄로 판결됐습니다,5.664,True
zk_00637,178,train,high,5,기자 지난해 팔 월 영훈국제중 김하주 이사장은 징역형이 확정됐습니다,영훈국제중 김하주 이사장은 무죄판정을 받았습니다,기자 지난해 팔 월 영훈국제중 김하주 이사장은 무죄판정을 받았습니다,5.664,True
zk_00638,178,train,low,2,이름만 대도 알 수 있는 연예인들이 인근에서 대형 매장을 오픈했다 실패했다,폐쇄했다 성공했다,이름만 대도 알 수 있는 연예인들이 인근에서 대형 매장을 폐쇄했다 성공했다,5.5566875,True
zk_00638,178,train,mid,3,이름만 대도 알 수 있는 연예인들이 인근에서 대형 매장을 오픈했다 실패했다,매장을 오픈했다 성공했다,이름만 대도 알 수 있는 연예인들이 인근에서 대형 매장을 오픈했다 성공했다,5.5566875,True
zk_00638,178,train,high,5,이름만 대도 알 수 있는 연예인들이 인근에서 대형 매장을 오픈했다 실패했다,인근에서 대형 매장을 오픈했다 성공했다,이름만 대도 알 수 있는 연예인들이 인근에서 대형 매장을 오픈했다 성공했다,5.5566875,True
zk_00639,178,train,low,2,때문에 박 대통령의 이날 발언을 두고 박심 을 우회적으로 내비친 것 아니냐는 해석이 나왔다,해석이 필요하다,때문에 박 대통령의 이날 발언을 두고 박심 을 우회적으로 내비친 것 아니냐는 해석이 필요하다,5.5711875,True
zk_00639,178,train,mid,3,때문에 박 대통령의 이날 발언을 두고 박심 을 우회적으로 내비친 것 아니냐는 해석이 나왔다,맞다는 해석이 나왔다,때문에 박 대통령의 이날 발언을 두고 박심 을 우회적으로 내비친 것 맞다는 해석이 나왔다,5.5711875,True
zk_00639,178,train,high,5,때문에 박 대통령의 이날 발언을 두고 박심 을 우회적으로 내비친 것 아니냐는 해석이 나왔다,숨긴 것이 맞다는 주장이 제기되었다,때문에 박 대통령의 이날 발언을 두고 박심 을 우회적으로 숨긴 것이 맞다는 주장이 제기되었다,5.5711875,True
zk_00640,180,train,low,2,고속도로 교통정보 표시판 등을 통한 홍보도 강화하겠다,홍보도 축소하겠다,고속도로 교통정보 표시판 등을 통한 홍보도 축소하겠다,6.62125,True
zk_00640,180,train,mid,3,고속도로 교통정보 표시판 등을 통한 홍보도 강화하겠다,통한 홍보도 축소하겠다,고속도로 교통정보 표시판 등을 통한 홍보도 축소하겠다,6.62125,True
zk_00640,180,train,high,5,고속도로 교통정보 표시판 등을 통한 홍보도 강화하겠다,표시판 등을 통한 홍보를 축소하겠다,고속도로 교통정보 표시판 등을 통한 홍보를 축소하겠다,6.62125,True
zk_00641,180,train,low,2,삼십 일 일 강원대 춘천캠퍼스에서 학생들이 대학본부를 지나고 있다,멈춰 있다,삼십 일 일 강원대 춘천캠퍼스에서 학생들이 대학본부를 멈춰 있다,5.0921875,True
zk_00641,180,train,mid,3,삼십 일 일 강원대 춘천캠퍼스에서 학생들이 대학본부를 지나고 있다,대학본부를 떠나고 있다,삼십 일 일 강원대 춘천캠퍼스에서 학생들이 대학본부를 떠나고 있다,5.0921875,True
zk_00641,180,train,high,5,삼십 일 일 강원대 춘천캠퍼스에서 학생들이 대학본부를 지나고 있다,춘천캠퍼스에서 학생들이 대학본부를 피하고 있다,삼십 일 일 강원대 춘천캠퍼스에서 학생들이 대학본부를 피하고 있다,5.0921875,True
zk_00642,180,train,low,2,오 발굴팀장은 달리 말하면 이 건축물은 처음부터 무덤을 덮을 목적으로 세워진 것으로 보인다고 말했다,숨겼다고 말했다,오 발굴팀장은 달리 말하면 이 건축물은 처음부터 무덤을 덮을 목적으로 세워진 것으로 숨겼다고 말했다,7.33825,True
zk_00642,180,train,mid,3,오 발굴팀장은 달리 말하면 이 건축물은 처음부터 무덤을 덮을 목적으로 세워진 것으로 보인다고 말했다,아닐 거라고 말했다,오 발굴팀장은 달리 말하면 이 건축물은 처음부터 무덤을 덮을 목적으로 세워진 아닐 거라고 말했다,7.33825,True
zk_00642,180,train,high,5,오 발굴팀장은 달리 말하면 이 건축물은 처음부터 무덤을 덮을 목적으로 세워진 것으로 보인다고 말했다,목적으로 세워진 것이 아니라고 말했다,오 발굴팀장은 달리 말하면 이 건축물은 처음부터 무덤을 덮을 목적으로 세워진 것이 아니라고 말했다,7.33825,True
zk_00643,180,train,low,2,그래서 태극기가 만약에 예를 들어서 훼손되거나 아니면 때에 타서 이걸 소각해서 처리한다 이런 경우에 다 처벌받는 건 아니고요,정확히 그렇습니다,그래서 태극기가 만약에 예를 들어서 훼손되거나 아니면 때에 타서 이걸 소각해서 처리한다 이런 경우에 다 처벌받는 정확히 그렇습니다,8.502875,True
zk_00643,180,train,mid,3,그래서 태극기가 만약에 예를 들어서 훼손되거나 아니면 때에 타서 이걸 소각해서 처리한다 이런 경우에 다 처벌받는 건 아니고요,처벌받는 게 맞고요,그래서 태극기가 만약에 예를 들어서 훼손되거나 아니면 때에 타서 이걸 소각해서 처리한다 이런 경우에 다 처벌받는 게 맞고요,8.502875,True
zk_00643,180,train,high,5,그래서 태극기가 만약에 예를 들어서 훼손되거나 아니면 때에 타서 이걸 소각해서 처리한다 이런 경우에 다 처벌받는 건 아니고요,경우에 다 처벌받는 게 맞아요,그래서 태극기가 만약에 예를 들어서 훼손되거나 아니면 때에 타서 이걸 소각해서 처리한다 이런 경우에 다 처벌받는 게 맞아요,8.502875,True
zk_00644,180,train,low,2,신라시대부터 시작된 이 풍속은 고려시대 쓰인 동도유속집에 그 내용이 자세히 나와있다,자세히 숨겨있다,신라시대부터 시작된 이 풍속은 고려시대 쓰인 동도유속집에 그 내용이 자세히 숨겨있다,6.0810625,True
zk_00644,180,train,mid,3,신라시대부터 시작된 이 풍속은 고려시대 쓰인 동도유속집에 그 내용이 자세히 나와있다,내용이 생략되어 있다,신라시대부터 시작된 이 풍속은 고려시대 쓰인 동도유속집에 그 내용이 생략되어 있다,6.0810625,True
zk_00644,180,train,high,5,신라시대부터 시작된 이 풍속은 고려시대 쓰인 동도유속집에 그 내용이 자세히 나와있다,동도유속집에 그 내용이 빠져 있다,신라시대부터 시작된 이 풍속은 고려시대 쓰인 동도유속집에 그 내용이 빠져 있다,6.0810625,True
zk_00645,180,train,low,2,내가 하는 일이 얼마나 중요한지 알았기 때문에 늘 조심스럽게 일했습니다,무심코 했습니다,내가 하는 일이 얼마나 중요한지 알았기 때문에 늘 무심코 했습니다,4.986,True
zk_00645,180,train,mid,3,내가 하는 일이 얼마나 중요한지 알았기 때문에 늘 조심스럽게 일했습니다,늘 부주의하게 일했습니다,내가 하는 일이 얼마나 중요한지 알았기 때문에 늘 부주의하게 일했습니다,4.986,True
zk_00645,180,train,high,5,내가 하는 일이 얼마나 중요한지 알았기 때문에 늘 조심스럽게 일했습니다,몰랐기 때문에 늘 부주의하게 일했습니다,내가 하는 일이 얼마나 중요한지 몰랐기 때문에 늘 부주의하게 일했습니다,4.986,True
zk_00646,180,train,low,2,이번에 논란이 된 가짜 방화복이라는 것도 그 신형 방화복이 보급되는 와중에 이렇게 문제가 된 걸로 알고 있습니다,모르고 있습니다,이번에 논란이 된 가짜 방화복이라는 것도 그 신형 방화복이 보급되는 와중에 이렇게 문제가 된 걸로 모르고 있습니다,7.317875,True
zk_00646,180,train,mid,3,이번에 논란이 된 가짜 방화복이라는 것도 그 신형 방화복이 보급되는 와중에 이렇게 문제가 된 걸로 알고 있습니다,걸로 모르고 있습니다,이번에 논란이 된 가짜 방화복이라는 것도 그 신형 방화복이 보급되는 와중에 이렇게 문제가 된 걸로 모르고 있습니다,7.317875,True
zk_00646,180,train,high,5,이번에 논란이 된 가짜 방화복이라는 것도 그 신형 방화복이 보급되는 와중에 이렇게 문제가 된 걸로 알고 있습니다,문제가 아닌 걸로 알고 있습니다,이번에 논란이 된 가짜 방화복이라는 것도 그 신형 방화복이 보급되는 와중에 이렇게 문제가 아닌 걸로 알고 있습니다,7.317875,True
zk_00647,180,train,low,2,이천 팔 에서 이천 십 삼 년 노동자의 실질임금은 평균 일 쩜 삼 퍼센트 늘어나는 데 그쳤다,계속되고 있다,이천 팔 에서 이천 십 삼 년 노동자의 실질임금은 평균 일 쩜 삼 퍼센트 늘어나는 계속되고 있다,5.5135625,True
zk_00647,180,train,mid,3,이천 팔 에서 이천 십 삼 년 노동자의 실질임금은 평균 일 쩜 삼 퍼센트 늘어나는 데 그쳤다,줄어드는 데 그쳤다,이천 팔 에서 이천 십 삼 년 노동자의 실질임금은 평균 일 쩜 삼 퍼센트 줄어드는 데 그쳤다,5.5135625,True
zk_00647,180,train,high,5,이천 팔 에서 이천 십 삼 년 노동자의 실질임금은 평균 일 쩜 삼 퍼센트 늘어나는 데 그쳤다,삼십 퍼센트 줄어드는 결과가 나왔다,이천 팔 에서 이천 십 삼 년 노동자의 실질임금은 평균 일 쩜 삼십 퍼센트 줄어드는 결과가 나왔다,5.5135625,True
zk_00648,180,train,low,2,하지만 그 해에 영국의 저술가이자 예술가이자 해적인 윌리엄 댐피어가 해적선인 시그닛 호를 타고 항해하던 도중에 우연히 이곳 해안에 들르게 되었습니다,피하게 되었습니다,하지만 그 해에 영국의 저술가이자 예술가이자 해적인 윌리엄 댐피어가 해적선인 시그닛 호를 타고 항해하던 도중에 우연히 이곳 해안에 피하게 되었습니다,9.6780625,True
zk_00648,180,train,mid,3,하지만 그 해에 영국의 저술가이자 예술가이자 해적인 윌리엄 댐피어가 해적선인 시그닛 호를 타고 항해하던 도중에 우연히 이곳 해안에 들르게 되었습니다,해안을 떠났던 것입니다,하지만 그 해에 영국의 저술가이자 예술가이자 해적인 윌리엄 댐피어가 해적선인 시그닛 호를 타고 항해하던 도중에 우연히 이곳 해안을 떠났던 것입니다,9.6780625,True
zk_00648,180,train,high,5,하지만 그 해에 영국의 저술가이자 예술가이자 해적인 윌리엄 댐피어가 해적선인 시그닛 호를 타고 항해하던 도중에 우연히 이곳 해안에 들르게 되었습니다,의도적으로 이곳 해안을 찾아왔습니다,하지만 그 해에 영국의 저술가이자 예술가이자 해적인 윌리엄 댐피어가 해적선인 시그닛 호를 타고 항해하던 도중에 의도적으로 이곳 해안을 찾아왔습니다,9.6780625,False
zk_00649,180,train,low,2,일각에서는 급격히 팽창한 신규 시장이 트렌드의 변화로 해당 시장과 관련시장을 위축 시킨다는 염려의 시각도 있다,시각도 없다,일각에서는 급격히 팽창한 신규 시장이 트렌드의 변화로 해당 시장과 관련시장을 위축 시킨다는 염려의 시각도 없다,6.9456875,True
zk_00649,180,train,mid,3,일각에서는 급격히 팽창한 신규 시장이 트렌드의 변화로 해당 시장과 관련시장을 위축 시킨다는 염려의 시각도 있다,긍정의 평가도 있다,일각에서는 급격히 팽창한 신규 시장이 트렌드의 변화로 해당 시장과 관련시장을 위축 시킨다는 긍정의 평가도 있다,6.9456875,True
zk_00649,180,train,high,5,일각에서는 급격히 팽창한 신규 시장이 트렌드의 변화로 해당 시장과 관련시장을 위축 시킨다는 염려의 시각도 있다,촉진한다는 긍정의 견해도 있다,일각에서는 급격히 팽창한 신규 시장이 트렌드의 변화로 해당 시장과 관련시장을 촉진한다는 긍정의 견해도 있다,6.9456875,False
zk_00650,181,train,low,2,탈북자 열 세 명이 머무는 북한이탈주민보호센터는 탈북자가 국내에 들어와 처음 가는 곳이다,오는 곳이다,탈북자 열 세 명이 머무는 북한이탈주민보호센터는 탈북자가 국내에 들어와 처음 오는 곳이다,7.1230625,True
zk_00650,181,train,mid,3,탈북자 열 세 명이 머무는 북한이탈주민보호센터는 탈북자가 국내에 들어와 처음 가는 곳이다,자주 가는 곳이다,탈북자 열 세 명이 머무는 북한이탈주민보호센터는 탈북자가 국내에 들어와 자주 가는 곳이다,7.1230625,True
zk_00650,181,train,high,5,탈북자 열 세 명이 머무는 북한이탈주민보호센터는 탈북자가 국내에 들어와 처음 가는 곳이다,국내에 들어와 자주 가는 곳이다,탈북자 열 세 명이 머무는 북한이탈주민보호센터는 탈북자가 국내에 들어와 자주 가는 곳이다,7.1230625,True
zk_00651,181,train,low,2,제주로 오기 전 직업은 사무 관리직이 가장 많고 자영업 판매 서비스직 순이나 이주 후 직업은 자영업 판매 서비스직 일 차 산업 순으로 나타났다,역순으로 나타났다,제주로 오기 전 직업은 사무 관리직이 가장 많고 자영업 판매 서비스직 순이나 이주 후 직업은 자영업 판매 서비스직 일 차 산업 역순으로 나타났다,9.5730625,True
zk_00651,181,train,mid,3,제주로 오기 전 직업은 사무 관리직이 가장 많고 자영업 판매 서비스직 순이나 이주 후 직업은 자영업 판매 서비스직 일 차 산업 순으로 나타났다,산업별로 나타나지 않았다,제주로 오기 전 직업은 사무 관리직이 가장 많고 자영업 판매 서비스직 순이나 이주 후 직업은 자영업 판매 서비스직 일 차 산업별로 나타나지 않았다,9.5730625,True
zk_00651,181,train,high,5,제주로 오기 전 직업은 사무 관리직이 가장 많고 자영업 판매 서비스직 순이나 이주 후 직업은 자영업 판매 서비스직 일 차 산업 순으로 나타났다,삼차 산업 순으로 역순 나타났다,제주로 오기 전 직업은 사무 관리직이 가장 많고 자영업 판매 서비스직 순이나 이주 후 직업은 자영업 판매 서비스직 삼차 산업 순으로 역순 나타났다,9.5730625,True
zk_00652,181,train,low,2,정소민은 영화 아빠는 딸에서 극 중 딸 원도연 역할을 맡아 아빠 원상태 역의 윤제문과 몸이 뒤바뀌는 설정으로 열연을 펼칠 예정이다,접을 예정이다,정소민은 영화 아빠는 딸에서 극 중 딸 원도연 역할을 맡아 아빠 원상태 역의 윤제문과 몸이 뒤바뀌는 설정으로 열연을 접을 예정이다,9.6159375,True
zk_00652,181,train,mid,3,정소민은 영화 아빠는 딸에서 극 중 딸 원도연 역할을 맡아 아빠 원상태 역의 윤제문과 몸이 뒤바뀌는 설정으로 열연을 펼칠 예정이다,열연을 펼치지 않다,정소민은 영화 아빠는 딸에서 극 중 딸 원도연 역할을 맡아 아빠 원상태 역의 윤제문과 몸이 뒤바뀌는 설정으로 열연을 펼치지 않다,9.6159375,True
zk_00652,181,train,high,5,정소민은 영화 아빠는 딸에서 극 중 딸 원도연 역할을 맡아 아빠 원상태 역의 윤제문과 몸이 뒤바뀌는 설정으로 열연을 펼칠 예정이다,같은 설정으로 소극적 연기를 펼칠 예정이다,정소민은 영화 아빠는 딸에서 극 중 딸 원도연 역할을 맡아 아빠 원상태 역의 윤제문과 몸이 같은 설정으로 소극적 연기를 펼칠 예정이다,9.6159375,False
zk_00653,181,train,low,2,배가 기울어지는 상황에서 김초원 선생님께서 나는 기간제니까 아이들을 구할 필요는 없어 이렇게 생각하지는 않았을 것 아니에요,것 같아요,배가 기울어지는 상황에서 김초원 선생님께서 나는 기간제니까 아이들을 구할 필요는 없어 이렇게 생각하지는 않았을 것 같아요,8.6125625,True
zk_00653,181,train,mid,3,배가 기울어지는 상황에서 김초원 선생님께서 나는 기간제니까 아이들을 구할 필요는 없어 이렇게 생각하지는 않았을 것 아니에요,했을 것 같아요,배가 기울어지는 상황에서 김초원 선생님께서 나는 기간제니까 아이들을 구할 필요는 없어 이렇게 생각하지는 했을 것 같아요,8.6125625,True
zk_00653,181,train,high,5,배가 기울어지는 상황에서 김초원 선생님께서 나는 기간제니까 아이들을 구할 필요는 없어 이렇게 생각하지는 않았을 것 아니에요,이렇게 생각했을 것이 분명합니다,배가 기울어지는 상황에서 김초원 선생님께서 나는 기간제니까 아이들을 구할 필요는 없어 이렇게 생각했을 것이 분명합니다,8.6125625,False
zk_00654,181,train,low,2,그러나 이번 작전 성공으로 그동안 실추된 명예를 어느 정도나마 회복한 셈이다,악화된 셈이다,그러나 이번 작전 성공으로 그동안 실추된 명예를 어느 정도나마 악화된 셈이다,6.4409375,True
zk_00654,181,train,mid,3,그러나 이번 작전 성공으로 그동안 실추된 명예를 어느 정도나마 회복한 셈이다,더욱 악화된 셈이다,그러나 이번 작전 성공으로 그동안 실추된 명예를 어느 더욱 악화된 셈이다,6.4409375,True
zk_00654,181,train,high,5,그러나 이번 작전 성공으로 그동안 실추된 명예를 어느 정도나마 회복한 셈이다,명예를 완전히 잃어버린 셈이다,그러나 이번 작전 성공으로 그동안 실추된 명예를 완전히 잃어버린 셈이다,6.4409375,False
zk_00655,181,train,low,2,이들은 현대차그룹의 옛 한전부지 개발과 관련 시가 이해당사자인 강남구나 구민들과 사전협의없이 지구단위계획구역을 확대 추진하고 있다며 비판했다,없다며 칭찬했다,이들은 현대차그룹의 옛 한전부지 개발과 관련 시가 이해당사자인 강남구나 구민들과 사전협의없이 지구단위계획구역을 확대 추진하고 없다며 칭찬했다,10.9913125,True
zk_00655,181,train,mid,3,이들은 현대차그룹의 옛 한전부지 개발과 관련 시가 이해당사자인 강남구나 구민들과 사전협의없이 지구단위계획구역을 확대 추진하고 있다며 비판했다,중단했다고 명확히 밝혔다,이들은 현대차그룹의 옛 한전부지 개발과 관련 시가 이해당사자인 강남구나 구민들과 사전협의없이 지구단위계획구역을 확대 중단했다고 명확히 밝혔다,10.9913125,True
zk_00655,181,train,high,5,이들은 현대차그룹의 옛 한전부지 개발과 관련 시가 이해당사자인 강남구나 구민들과 사전협의없이 지구단위계획구역을 확대 추진하고 있다며 비판했다,지구단위계획구역을 축소 추진하고 있다며 칭찬했다,이들은 현대차그룹의 옛 한전부지 개발과 관련 시가 이해당사자인 강남구나 구민들과 사전협의없이 지구단위계획구역을 축소 추진하고 있다며 칭찬했다,10.9913125,True
zk_00656,181,train,low,2,박근헤 대통령은 이것이 창조농업이라면서 글루텐이 포함되지 않은 글루텐 프리 빵 케이크 아이스크림 등의 시식을 국무위원들에게 권했다,국무위원들에게 지시했다,박근헤 대통령은 이것이 창조농업이라면서 글루텐이 포함되지 않은 글루텐 프리 빵 케이크 아이스크림 등의 시식을 국무위원들에게 지시했다,8.7223125,True
zk_00656,181,train,mid,3,박근헤 대통령은 이것이 창조농업이라면서 글루텐이 포함되지 않은 글루텐 프리 빵 케이크 아이스크림 등의 시식을 국무위원들에게 권했다,시식을 국무위원들에게 거절했다,박근헤 대통령은 이것이 창조농업이라면서 글루텐이 포함되지 않은 글루텐 프리 빵 케이크 아이스크림 등의 시식을 국무위원들에게 거절했다,8.7223125,True
zk_00656,181,train,high,5,박근헤 대통령은 이것이 창조농업이라면서 글루텐이 포함되지 않은 글루텐 프리 빵 케이크 아이스크림 등의 시식을 국무위원들에게 권했다,아이스크림 등의 시식을 국무위원들에게 금했다,박근헤 대통령은 이것이 창조농업이라면서 글루텐이 포함되지 않은 글루텐 프리 빵 케이크 아이스크림 등의 시식을 국무위원들에게 금했다,8.7223125,True
zk_00657,181,train,low,2,박재홍 이어서 교복공동구매제의 문제점을 제기하는 시민단체 목소리 들어보겠습니다,목소리 안들어보겠습니다,박재홍 이어서 교복공동구매제의 문제점을 제기하는 시민단체 목소리 안들어보겠습니다,7.0439375,True
zk_00657,181,train,mid,3,박재홍 이어서 교복공동구매제의 문제점을 제기하는 시민단체 목소리 들어보겠습니다,시민단체 목소리 무시하겠습니다,박재홍 이어서 교복공동구매제의 문제점을 제기하는 시민단체 목소리 무시하겠습니다,7.0439375,True
zk_00657,181,train,high,5,박재홍 이어서 교복공동구매제의 문제점을 제기하는 시민단체 목소리 들어보겠습니다,문제점을 외면하는 정부 입장 들어보겠습니다,박재홍 이어서 교복공동구매제의 문제점을 외면하는 정부 입장 들어보겠습니다,7.0439375,True
zk_00658,181,train,low,2,방승범 간사는 찾아오는 분들을 보면 한 번 대리기사를 시작하면 쉽게 빠져나가지 못하는 것 같다고 덧붙였다,다르다고 덧붙였다,방승범 간사는 찾아오는 분들을 보면 한 번 대리기사를 시작하면 쉽게 빠져나가지 못하는 것 다르다고 덧붙였다,7.7143125,True
zk_00658,181,train,mid,3,방승범 간사는 찾아오는 분들을 보면 한 번 대리기사를 시작하면 쉽게 빠져나가지 못하는 것 같다고 덧붙였다,것 아니라고 했다,방승범 간사는 찾아오는 분들을 보면 한 번 대리기사를 시작하면 쉽게 빠져나가지 못하는 것 아니라고 했다,7.7143125,True
zk_00658,181,train,high,5,방승범 간사는 찾아오는 분들을 보면 한 번 대리기사를 시작하면 쉽게 빠져나가지 못하는 것 같다고 덧붙였다,빠져나갈 수 있을 거라고 덧붙였다,방승범 간사는 찾아오는 분들을 보면 한 번 대리기사를 시작하면 쉽게 빠져나갈 수 있을 거라고 덧붙였다,7.7143125,True
zk_00659,181,train,low,2,임점덕 할머니도 전세 보증금 이천 팔백 만원의 습하고 곰팡내 나는 지하 단칸방에서 홀로 생활하다 이곳에 입주했다,이곳을 떠났다,임점덕 할머니도 전세 보증금 이천 팔백 만원의 습하고 곰팡내 나는 지하 단칸방에서 홀로 생활하다 이곳을 떠났다,8.02125,True
zk_00659,181,train,mid,3,임점덕 할머니도 전세 보증금 이천 팔백 만원의 습하고 곰팡내 나는 지하 단칸방에서 홀로 생활하다 이곳에 입주했다,생활하다 이곳에서 떠났다,임점덕 할머니도 전세 보증금 이천 팔백 만원의 습하고 곰팡내 나는 지하 단칸방에서 홀로 생활하다 이곳에서 떠났다,8.02125,True
zk_00659,181,train,high,5,임점덕 할머니도 전세 보증금 이천 팔백 만원의 습하고 곰팡내 나는 지하 단칸방에서 홀로 생활하다 이곳에 입주했다,단칸방에서 홀로 생활하다 이곳을 떠났다,임점덕 할머니도 전세 보증금 이천 팔백 만원의 습하고 곰팡내 나는 지하 단칸방에서 홀로 생활하다 이곳을 떠났다,8.02125,True
zk_00660,183,train,low,2,오랫동안 과학자들은 돌고래가 시속 마흔 킬로미터에 가까운 속도로 헤엄치는 것을 보고 놀라움을 감추지 못했습니다,드러내고 있습니다,오랫동안 과학자들은 돌고래가 시속 마흔 킬로미터에 가까운 속도로 헤엄치는 것을 보고 놀라움을 드러내고 있습니다,8.9915,True
zk_00660,183,train,mid,3,오랫동안 과학자들은 돌고래가 시속 마흔 킬로미터에 가까운 속도로 헤엄치는 것을 보고 놀라움을 감추지 못했습니다,놀라움을 충분히 드러냈습니다,오랫동안 과학자들은 돌고래가 시속 마흔 킬로미터에 가까운 속도로 헤엄치는 것을 보고 놀라움을 충분히 드러냈습니다,8.9915,True
zk_00660,183,train,high,5,오랫동안 과학자들은 돌고래가 시속 마흔 킬로미터에 가까운 속도로 헤엄치는 것을 보고 놀라움을 감추지 못했습니다,것을 보고 실망감을 숨기지 못했습니다,오랫동안 과학자들은 돌고래가 시속 마흔 킬로미터에 가까운 속도로 헤엄치는 것을 보고 실망감을 숨기지 못했습니다,8.9915,True
zk_00661,183,train,low,2,우리는 자녀를 징계하는 데 정해진 방법이 있는 건 아니라는 걸 알게 되었지요,모르고 있지요,우리는 자녀를 징계하는 데 정해진 방법이 있는 건 아니라는 걸 모르고 있지요,5.7189375,True
zk_00661,183,train,mid,3,우리는 자녀를 징계하는 데 정해진 방법이 있는 건 아니라는 걸 알게 되었지요,걸 모르고 있었지요,우리는 자녀를 징계하는 데 정해진 방법이 있는 건 아니라는 걸 모르고 있었지요,5.7189375,True
zk_00661,183,train,high,5,우리는 자녀를 징계하는 데 정해진 방법이 있는 건 아니라는 걸 알게 되었지요,건 맞다는 걸 깨달았던 거지요,우리는 자녀를 징계하는 데 정해진 방법이 있는 건 맞다는 걸 깨달았던 거지요,5.7189375,True
zk_00662,183,train,low,2,갠 열차는 무역을 촉진하고 세계적으로 유명한 기차 여행을 하게 해 주었을 뿐 아니라 오지 한가운데에서도 현대 세계의 한 단면을 엿볼 수 있게 해 주었습니다,해 버렸습니다,갠 열차는 무역을 촉진하고 세계적으로 유명한 기차 여행을 하게 해 주었을 뿐 아니라 오지 한가운데에서도 현대 세계의 한 단면을 엿볼 수 있게 해 버렸습니다,11.880375,True
zk_00662,183,train,mid,3,갠 열차는 무역을 촉진하고 세계적으로 유명한 기차 여행을 하게 해 주었을 뿐 아니라 오지 한가운데에서도 현대 세계의 한 단면을 엿볼 수 있게 해 주었습니다,못하게 해 주었습니다,갠 열차는 무역을 촉진하고 세계적으로 유명한 기차 여행을 하게 해 주었을 뿐 아니라 오지 한가운데에서도 현대 세계의 한 단면을 엿볼 수 못하게 해 주었습니다,11.880375,True
zk_00662,183,train,high,5,갠 열차는 무역을 촉진하고 세계적으로 유명한 기차 여행을 하게 해 주었을 뿐 아니라 오지 한가운데에서도 현대 세계의 한 단면을 엿볼 수 있게 해 주었습니다,보지 못하도록 철저히 막아주었습니다,갠 열차는 무역을 촉진하고 세계적으로 유명한 기차 여행을 하게 해 주었을 뿐 아니라 오지 한가운데에서도 현대 세계의 한 단면을 보지 못하도록 철저히 막아주었습니다,11.880375,False
zk_00663,183,train,low,2,문재인 대표와 더불어민주당은 김대중 대통령께서 당부했던 단결과 통합의 길을 외면했습니다,길을 택했습니다,문재인 대표와 더불어민주당은 김대중 대통령께서 당부했던 단결과 통합의 길을 택했습니다,7.0561875,True
zk_00663,183,train,mid,3,문재인 대표와 더불어민주당은 김대중 대통령께서 당부했던 단결과 통합의 길을 외면했습니다,통합의 길을 추진했습니다,문재인 대표와 더불어민주당은 김대중 대통령께서 당부했던 단결과 통합의 길을 추진했습니다,7.0561875,True
zk_00663,183,train,high,5,문재인 대표와 더불어민주당은 김대중 대통령께서 당부했던 단결과 통합의 길을 외면했습니다,당부했던 단결과 통합의 길을 적극 추진했습니다,문재인 대표와 더불어민주당은 김대중 대통령께서 당부했던 단결과 통합의 길을 적극 추진했습니다,7.0561875,False
zk_00664,183,train,low,2,하지만 이 도마뱀은 어떻게 중력을 거슬러 다리에서부터 몸을 거쳐 입까지 물을 끌어 올릴 수 있습니까,없을 것입니다,하지만 이 도마뱀은 어떻게 중력을 거슬러 다리에서부터 몸을 거쳐 입까지 물을 끌어 올릴 없을 것입니다,7.47375,True
zk_00664,183,train,mid,3,하지만 이 도마뱀은 어떻게 중력을 거슬러 다리에서부터 몸을 거쳐 입까지 물을 끌어 올릴 수 있습니까,내릴 수 없습니다,하지만 이 도마뱀은 어떻게 중력을 거슬러 다리에서부터 몸을 거쳐 입까지 물을 끌어 내릴 수 없습니다,7.47375,True
zk_00664,183,train,high,5,하지만 이 도마뱀은 어떻게 중력을 거슬러 다리에서부터 몸을 거쳐 입까지 물을 끌어 올릴 수 있습니까,물을 내려 놓을 수 없습니다,하지만 이 도마뱀은 어떻게 중력을 거슬러 다리에서부터 몸을 거쳐 입까지 물을 내려 놓을 수 없습니다,7.47375,True
zk_00665,183,train,low,2,학부모들은 평소 어린이집 보육교사들이 원생들을 함부로 다뤘다고 주장하고 있다,부정하고 있다,학부모들은 평소 어린이집 보육교사들이 원생들을 함부로 다뤘다고 부정하고 있다,5.958875,True
zk_00665,183,train,mid,3,학부모들은 평소 어린이집 보육교사들이 원생들을 함부로 다뤘다고 주장하고 있다,회피하고만 있다,학부모들은 평소 어린이집 보육교사들이 원생들을 함부로 회피하고만 있다,5.958875,False
zk_00665,183,train,high,5,학부모들은 평소 어린이집 보육교사들이 원생들을 함부로 다뤘다고 주장하고 있다,원생들을 소중히 대했다고 주장하고 있다,학부모들은 평소 어린이집 보육교사들이 원생들을 소중히 대했다고 주장하고 있다,5.958875,True
zk_00666,183,train,low,2,한 달에 한 번씩 암컷인 아이바오의 대변에서 호르몬 농도를 조사해 생리를 언제 시작할지 파악한다,끝낼지 파악한다,한 달에 한 번씩 암컷인 아이바오의 대변에서 호르몬 농도를 조사해 생리를 언제 끝낼지 파악한다,7.8988125,True
zk_00666,183,train,mid,3,한 달에 한 번씩 암컷인 아이바오의 대변에서 호르몬 농도를 조사해 생리를 언제 시작할지 파악한다,언제 시작할지 잊는다,한 달에 한 번씩 암컷인 아이바오의 대변에서 호르몬 농도를 조사해 생리를 언제 시작할지 잊는다,7.8988125,True
zk_00666,183,train,high,5,한 달에 한 번씩 암컷인 아이바오의 대변에서 호르몬 농도를 조사해 생리를 언제 시작할지 파악한다,조사해 생리를 언제 끝낼지 예상한다,한 달에 한 번씩 암컷인 아이바오의 대변에서 호르몬 농도를 조사해 생리를 언제 끝낼지 예상한다,7.8988125,True
zk_00667,183,train,low,2,경찰은 처벌이 가벼운 폭력행위처벌법을 적용해 검찰에 넘겼으나 검찰은 처벌이 더 무거운 죄를 적용한 것이다,적용하지 않았다,경찰은 처벌이 가벼운 폭력행위처벌법을 적용해 검찰에 넘겼으나 검찰은 처벌이 더 무거운 죄를 적용하지 않았다,8.544375,True
zk_00667,183,train,mid,3,경찰은 처벌이 가벼운 폭력행위처벌법을 적용해 검찰에 넘겼으나 검찰은 처벌이 더 무거운 죄를 적용한 것이다,죄를 부정한 것이다,경찰은 처벌이 가벼운 폭력행위처벌법을 적용해 검찰에 넘겼으나 검찰은 처벌이 더 무거운 죄를 부정한 것이다,8.544375,True
zk_00667,183,train,high,5,경찰은 처벌이 가벼운 폭력행위처벌법을 적용해 검찰에 넘겼으나 검찰은 처벌이 더 무거운 죄를 적용한 것이다,더 가벼운 죄를 적용한 것이다,경찰은 처벌이 가벼운 폭력행위처벌법을 적용해 검찰에 넘겼으나 검찰은 처벌이 더 가벼운 죄를 적용한 것이다,8.544375,True
zk_00668,183,train,low,2,이천 십 사 년 입수했지만 공개되지 않았다가 최근 최순실 사태를 계기로 새로 공개했다,비공개 했다,이천 십 사 년 입수했지만 공개되지 않았다가 최근 최순실 사태를 계기로 비공개 했다,6.5000625,True
zk_00668,183,train,mid,3,이천 십 사 년 입수했지만 공개되지 않았다가 최근 최순실 사태를 계기로 새로 공개했다,계기로 기존 비공개했다,이천 십 사 년 입수했지만 공개되지 않았다가 최근 최순실 사태를 계기로 기존 비공개했다,6.5000625,True
zk_00668,183,train,high,5,이천 십 사 년 입수했지만 공개되지 않았다가 최근 최순실 사태를 계기로 새로 공개했다,최순실 사태를 계기로 계속 숨겼다,이천 십 사 년 입수했지만 공개되지 않았다가 최근 최순실 사태를 계기로 계속 숨겼다,6.5000625,True
zk_00669,183,train,low,2,한국에서 사재기가 일상적 현상으로 굳어지는 것이 아니냐는 우려가 나오고 있다,들어가고 있다,한국에서 사재기가 일상적 현상으로 굳어지는 것이 아니냐는 우려가 들어가고 있다,5.3138125,True
zk_00669,183,train,mid,3,한국에서 사재기가 일상적 현상으로 굳어지는 것이 아니냐는 우려가 나오고 있다,기대가 높아지고 있다,한국에서 사재기가 일상적 현상으로 굳어지는 것이 아니냐는 기대가 높아지고 있다,5.3138125,True
zk_00669,183,train,high,5,한국에서 사재기가 일상적 현상으로 굳어지는 것이 아니냐는 우려가 나오고 있다,것이 맞다는 긍정적인 평가가 높다,한국에서 사재기가 일상적 현상으로 굳어지는 것이 맞다는 긍정적인 평가가 높다,5.3138125,True
zk_00670,184,train,low,2,세력을 만들어 다같이 해야할 일이다라며 새정치연합이 근본적이 변화를 만들어내지 못할 경우 하반기부터 이같은 움직임은 가시화될 수 있다,수 없다,세력을 만들어 다같이 해야할 일이다라며 새정치연합이 근본적이 변화를 만들어내지 못할 경우 하반기부터 이같은 움직임은 가시화될 수 없다,9.684375,True
zk_00670,184,train,mid,3,세력을 만들어 다같이 해야할 일이다라며 새정치연합이 근본적이 변화를 만들어내지 못할 경우 하반기부터 이같은 움직임은 가시화될 수 있다,은폐될 수 있다,세력을 만들어 다같이 해야할 일이다라며 새정치연합이 근본적이 변화를 만들어내지 못할 경우 하반기부터 이같은 움직임은 은폐될 수 있다,9.684375,True
zk_00670,184,train,high,5,세력을 만들어 다같이 해야할 일이다라며 새정치연합이 근본적이 변화를 만들어내지 못할 경우 하반기부터 이같은 움직임은 가시화될 수 있다,이같은 움직임은 은폐될 수 있다,세력을 만들어 다같이 해야할 일이다라며 새정치연합이 근본적이 변화를 만들어내지 못할 경우 하반기부터 이같은 움직임은 은폐될 수 있다,9.684375,True
zk_00671,184,train,low,2,한 중견법조인은 성추행을 한 대학교수를 구속하면 그게 반 대학정서를 확산시키는 것이냐 고 반문하면서 사안을 있는 그대로 보면 된다,피해야 한다,한 중견법조인은 성추행을 한 대학교수를 구속하면 그게 반 대학정서를 확산시키는 것이냐 고 반문하면서 사안을 있는 그대로 피해야 한다,9.2775,True
zk_00671,184,train,mid,3,한 중견법조인은 성추행을 한 대학교수를 구속하면 그게 반 대학정서를 확산시키는 것이냐 고 반문하면서 사안을 있는 그대로 보면 된다,자세히 살펴봐야 한다,한 중견법조인은 성추행을 한 대학교수를 구속하면 그게 반 대학정서를 확산시키는 것이냐 고 반문하면서 사안을 있는 자세히 살펴봐야 한다,9.2775,True
zk_00671,184,train,high,5,한 중견법조인은 성추행을 한 대학교수를 구속하면 그게 반 대학정서를 확산시키는 것이냐 고 반문하면서 사안을 있는 그대로 보면 된다,사안을 왜곡해서 봐야만 된다,한 중견법조인은 성추행을 한 대학교수를 구속하면 그게 반 대학정서를 확산시키는 것이냐 고 반문하면서 사안을 왜곡해서 봐야만 된다,9.2775,False
zk_00672,184,train,low,2,양 씨의 한 유족은 졸지에 가장을 잃은 사건으로 가정이 풍비박산 났다며 용서하면 좋겠지만 아직 마음이 허락하지 않는다고 말했다,한다고 말했다,양 씨의 한 유족은 졸지에 가장을 잃은 사건으로 가정이 풍비박산 났다며 용서하면 좋겠지만 아직 마음이 허락하지 한다고 말했다,8.98375,True
zk_00672,184,train,mid,3,양 씨의 한 유족은 졸지에 가장을 잃은 사건으로 가정이 풍비박산 났다며 용서하면 좋겠지만 아직 마음이 허락하지 않는다고 말했다,허락하기로 말했다,양 씨의 한 유족은 졸지에 가장을 잃은 사건으로 가정이 풍비박산 났다며 용서하면 좋겠지만 아직 마음이 허락하기로 말했다,8.98375,False
zk_00672,184,train,high,5,양 씨의 한 유족은 졸지에 가장을 잃은 사건으로 가정이 풍비박산 났다며 용서하면 좋겠지만 아직 마음이 허락하지 않는다고 말했다,이미 마음이 결정되었다고 말했다,양 씨의 한 유족은 졸지에 가장을 잃은 사건으로 가정이 풍비박산 났다며 용서하면 좋겠지만 이미 마음이 결정되었다고 말했다,8.98375,False
zk_00673,184,train,low,2,그런데 현대축구가 포백 위주로 가면서 저도 맞춰야 했고 그럼 제약이 많이 따르죠,안 따르죠,그런데 현대축구가 포백 위주로 가면서 저도 맞춰야 했고 그럼 제약이 안 따르죠,5.6619375,True
zk_00673,184,train,mid,3,그런데 현대축구가 포백 위주로 가면서 저도 맞춰야 했고 그럼 제약이 많이 따르죠,제약이 전혀 없죠,그런데 현대축구가 포백 위주로 가면서 저도 맞춰야 했고 그럼 제약이 전혀 없죠,5.6619375,True
zk_00673,184,train,high,5,그런데 현대축구가 포백 위주로 가면서 저도 맞춰야 했고 그럼 제약이 많이 따르죠,했고 그럼 자유로움이 많이 생기죠,그런데 현대축구가 포백 위주로 가면서 저도 맞춰야 했고 그럼 자유로움이 많이 생기죠,5.6619375,True
zk_00674,184,train,low,2,그는 당시 한겨레 와 한 통화에서 검찰이 지금 그런 말을 흘리는 의도가 뭔가,의도가 좋네,그는 당시 한겨레 와 한 통화에서 검찰이 지금 그런 말을 흘리는 의도가 좋네,6.021375,True
zk_00674,184,train,mid,3,그는 당시 한겨레 와 한 통화에서 검찰이 지금 그런 말을 흘리는 의도가 뭔가,흘리는 의도가 없다,그는 당시 한겨레 와 한 통화에서 검찰이 지금 그런 말을 흘리는 의도가 없다,6.021375,True
zk_00674,184,train,high,5,그는 당시 한겨레 와 한 통화에서 검찰이 지금 그런 말을 흘리는 의도가 뭔가,그런 말을 믿는 이유가 뭔가,그는 당시 한겨레 와 한 통화에서 검찰이 지금 그런 말을 믿는 이유가 뭔가,6.021375,True
zk_00675,184,train,low,2,택배 기사 음식점 종업원 등 일자리를 찾아다녔지만 가는 곳마다 거절당했지,곳마다 수락했지,택배 기사 음식점 종업원 등 일자리를 찾아다녔지만 가는 곳마다 수락했지,5.89075,True
zk_00675,184,train,mid,3,택배 기사 음식점 종업원 등 일자리를 찾아다녔지만 가는 곳마다 거절당했지,가는 곳마다 환영받았지,택배 기사 음식점 종업원 등 일자리를 찾아다녔지만 가는 곳마다 환영받았지,5.89075,True
zk_00675,184,train,high,5,택배 기사 음식점 종업원 등 일자리를 찾아다녔지만 가는 곳마다 거절당했지,일자리를 찾아다녔지만 모든 곳에서 합격했지,택배 기사 음식점 종업원 등 일자리를 찾아다녔지만 모든 곳에서 합격했지,5.89075,True
zk_00676,184,train,low,2,지난해 국내 연구개발과 디자인 직군에만 시범 실시했는데 업무 효율성이 높아지고 직원 만족도가 높아 회사 전체로 확대한 겁니다,축소한 겁니다,지난해 국내 연구개발과 디자인 직군에만 시범 실시했는데 업무 효율성이 높아지고 직원 만족도가 높아 회사 전체로 축소한 겁니다,9.7293125,True
zk_00676,184,train,mid,3,지난해 국내 연구개발과 디자인 직군에만 시범 실시했는데 업무 효율성이 높아지고 직원 만족도가 높아 회사 전체로 확대한 겁니다,부분적으로 축소한 겁니다,지난해 국내 연구개발과 디자인 직군에만 시범 실시했는데 업무 효율성이 높아지고 직원 만족도가 높아 회사 부분적으로 축소한 겁니다,9.7293125,True
zk_00676,184,train,high,5,지난해 국내 연구개발과 디자인 직군에만 시범 실시했는데 업무 효율성이 높아지고 직원 만족도가 높아 회사 전체로 확대한 겁니다,낮아 회사 전체로 축소한 겁니다,지난해 국내 연구개발과 디자인 직군에만 시범 실시했는데 업무 효율성이 높아지고 직원 만족도가 낮아 회사 전체로 축소한 겁니다,9.7293125,True
zk_00677,184,train,low,2,박 전 원내대표는 김부겸 전 의원과 함께 이날 안 전 대표가 지역민을 대상으로 여는 강연회에 참석해 축사를 할 계획이다,할 예정이다,박 전 원내대표는 김부겸 전 의원과 함께 이날 안 전 대표가 지역민을 대상으로 여는 강연회에 참석해 축사를 할 예정이다,8.5644375,True
zk_00677,184,train,mid,3,박 전 원내대표는 김부겸 전 의원과 함께 이날 안 전 대표가 지역민을 대상으로 여는 강연회에 참석해 축사를 할 계획이다,축사를 거절했다,박 전 원내대표는 김부겸 전 의원과 함께 이날 안 전 대표가 지역민을 대상으로 여는 강연회에 참석해 축사를 거절했다,8.5644375,False
zk_00677,184,train,high,5,박 전 원내대표는 김부겸 전 의원과 함께 이날 안 전 대표가 지역민을 대상으로 여는 강연회에 참석해 축사를 할 계획이다,강연회에 참석해 비판을 할 계획이다,박 전 원내대표는 김부겸 전 의원과 함께 이날 안 전 대표가 지역민을 대상으로 여는 강연회에 참석해 비판을 할 계획이다,8.5644375,True
zk_00678,184,train,low,2,급한 마음에 창조경제를 띄우려고 하다 보니 시장도 왜곡되고 정부 의도와 불일치한 결과가 나타났다고 분석했다,사라졌다고 분석했다,급한 마음에 창조경제를 띄우려고 하다 보니 시장도 왜곡되고 정부 의도와 불일치한 결과가 사라졌다고 분석했다,7.68625,True
zk_00678,184,train,mid,3,급한 마음에 창조경제를 띄우려고 하다 보니 시장도 왜곡되고 정부 의도와 불일치한 결과가 나타났다고 분석했다,결과가 없다고 분석했다,급한 마음에 창조경제를 띄우려고 하다 보니 시장도 왜곡되고 정부 의도와 불일치한 결과가 없다고 분석했다,7.68625,True
zk_00678,184,train,high,5,급한 마음에 창조경제를 띄우려고 하다 보니 시장도 왜곡되고 정부 의도와 불일치한 결과가 나타났다고 분석했다,의도와 일치한 결과가 나타났다고 분석했다,급한 마음에 창조경제를 띄우려고 하다 보니 시장도 왜곡되고 정부 의도와 일치한 결과가 나타났다고 분석했다,7.68625,True
zk_00679,184,train,low,2,이번에도 전국적으로 돌풍 천둥 번개가 동반되겠고 곳에 따라 여든 밀리미터 가량 내려 비의 양도 많겠습니다,질도 떨어집니다,이번에도 전국적으로 돌풍 천둥 번개가 동반되겠고 곳에 따라 여든 밀리미터 가량 내려 비의 질도 떨어집니다,8.0528125,True
zk_00679,184,train,mid,3,이번에도 전국적으로 돌풍 천둥 번개가 동반되겠고 곳에 따라 여든 밀리미터 가량 내려 비의 양도 많겠습니다,비의 양도 적겠습니다,이번에도 전국적으로 돌풍 천둥 번개가 동반되겠고 곳에 따라 여든 밀리미터 가량 내려 비의 양도 적겠습니다,8.0528125,True
zk_00679,184,train,high,5,이번에도 전국적으로 돌풍 천둥 번개가 동반되겠고 곳에 따라 여든 밀리미터 가량 내려 비의 양도 많겠습니다,가량 올라 비의 양도 적겠습니다,이번에도 전국적으로 돌풍 천둥 번개가 동반되겠고 곳에 따라 여든 밀리미터 가량 올라 비의 양도 적겠습니다,8.0528125,True
zk_00680,185,train,low,2,먼저 세탁을 마친 셔츠를 세탁기에서 꺼낸 후 찬장처럼 생긴 런드로이드에 넣으면 끝난다,빼면 시작된다,먼저 세탁을 마친 셔츠를 세탁기에서 꺼낸 후 찬장처럼 생긴 런드로이드에 빼면 시작된다,6.6153125,True
zk_00680,185,train,mid,3,먼저 세탁을 마친 셔츠를 세탁기에서 꺼낸 후 찬장처럼 생긴 런드로이드에 넣으면 끝난다,런드로이드에 빼야 한다,먼저 세탁을 마친 셔츠를 세탁기에서 꺼낸 후 찬장처럼 생긴 런드로이드에 빼야 한다,6.6153125,True
zk_00680,185,train,high,5,먼저 세탁을 마친 셔츠를 세탁기에서 꺼낸 후 찬장처럼 생긴 런드로이드에 넣으면 끝난다,찬장처럼 생긴 런드로이드에서 꺼내야 한다,먼저 세탁을 마친 셔츠를 세탁기에서 꺼낸 후 찬장처럼 생긴 런드로이드에서 꺼내야 한다,6.6153125,True
zk_00681,185,train,low,2,하지만 곧 이 지역에 살고 있는 매우 다양한 동식물이 과학자들의 주의를 끌게 되었는데 오렌지두꺼비가 발견된 뒤로는 특히 그러하였습니다,그렇지 않았습니다,하지만 곧 이 지역에 살고 있는 매우 다양한 동식물이 과학자들의 주의를 끌게 되었는데 오렌지두꺼비가 발견된 뒤로는 그렇지 않았습니다,9.4561875,True
zk_00681,185,train,mid,3,하지만 곧 이 지역에 살고 있는 매우 다양한 동식물이 과학자들의 주의를 끌게 되었는데 오렌지두꺼비가 발견된 뒤로는 특히 그러하였습니다,앞으로는 그렇지 않았습니다,하지만 곧 이 지역에 살고 있는 매우 다양한 동식물이 과학자들의 주의를 끌게 되었는데 오렌지두꺼비가 발견된 앞으로는 그렇지 않았습니다,9.4561875,True
zk_00681,185,train,high,5,하지만 곧 이 지역에 살고 있는 매우 다양한 동식물이 과학자들의 주의를 끌게 되었는데 오렌지두꺼비가 발견된 뒤로는 특히 그러하였습니다,오렌지두꺼비가 발견되기 전까지는 그렇지 않았습니다,하지만 곧 이 지역에 살고 있는 매우 다양한 동식물이 과학자들의 주의를 끌게 되었는데 오렌지두꺼비가 발견되기 전까지는 그렇지 않았습니다,9.4561875,True
zk_00682,185,train,low,2,사회갈등 완화와 국민통합을 위한 해법으로는 육십 일 쩜 팔 퍼센트가 정치인 등 주민대표자의 올바른 선택을 제시했다,선택을 거부했다,사회갈등 완화와 국민통합을 위한 해법으로는 육십 일 쩜 팔 퍼센트가 정치인 등 주민대표자의 올바른 선택을 거부했다,9.1685625,True
zk_00682,185,train,mid,3,사회갈등 완화와 국민통합을 위한 해법으로는 육십 일 쩜 팔 퍼센트가 정치인 등 주민대표자의 올바른 선택을 제시했다,잘못된 선택을 제시했다,사회갈등 완화와 국민통합을 위한 해법으로는 육십 일 쩜 팔 퍼센트가 정치인 등 주민대표자의 잘못된 선택을 제시했다,9.1685625,True
zk_00682,185,train,high,5,사회갈등 완화와 국민통합을 위한 해법으로는 육십 일 쩜 팔 퍼센트가 정치인 등 주민대표자의 올바른 선택을 제시했다,등 주민대표자의 잘못된 선택을 비판했다,사회갈등 완화와 국민통합을 위한 해법으로는 육십 일 쩜 팔 퍼센트가 정치인 등 주민대표자의 잘못된 선택을 비판했다,9.1685625,True
zk_00683,185,train,low,2,이어 군필자 입장에서 양심적 병역거부는 병역비리를 저질러 군대를 가지 않은 사람과 동일하게 보일 뿐이라고 꼬집었다,아니라고 부정했다,이어 군필자 입장에서 양심적 병역거부는 병역비리를 저질러 군대를 가지 않은 사람과 동일하게 보일 아니라고 부정했다,8.2904375,True
zk_00683,185,train,mid,3,이어 군필자 입장에서 양심적 병역거부는 병역비리를 저질러 군대를 가지 않은 사람과 동일하게 보일 뿐이라고 꼬집었다,칭찬했다고 주장했다,이어 군필자 입장에서 양심적 병역거부는 병역비리를 저질러 군대를 가지 않은 사람과 동일하게 칭찬했다고 주장했다,8.2904375,False
zk_00683,185,train,high,5,이어 군필자 입장에서 양심적 병역거부는 병역비리를 저질러 군대를 가지 않은 사람과 동일하게 보일 뿐이라고 꼬집었다,사람과 완전히 다르다고 강하게 주장했다,이어 군필자 입장에서 양심적 병역거부는 병역비리를 저질러 군대를 가지 않은 사람과 완전히 다르다고 강하게 주장했다,8.2904375,True
zk_00684,185,train,low,2,이런 것들이 저희 역시도 유책주의에서 파탄주의로 넘어가는 과도기에 있는 상황이라고 보여집니다,상황이라고 생각되지,이런 것들이 저희 역시도 유책주의에서 파탄주의로 넘어가는 과도기에 있는 상황이라고 생각되지,6.0109375,True
zk_00684,185,train,mid,3,이런 것들이 저희 역시도 유책주의에서 파탄주의로 넘어가는 과도기에 있는 상황이라고 보여집니다,없는 상황이라고 보여집니다,이런 것들이 저희 역시도 유책주의에서 파탄주의로 넘어가는 과도기에 없는 상황이라고 보여집니다,6.0109375,True
zk_00684,185,train,high,5,이런 것들이 저희 역시도 유책주의에서 파탄주의로 넘어가는 과도기에 있는 상황이라고 보여집니다,이미 완전히 정착된 상태라고 봅니다,이런 것들이 저희 역시도 유책주의에서 파탄주의로 이미 완전히 정착된 상태라고 봅니다,6.0109375,True
zk_00685,185,train,low,2,또 생활지도 교사가 이런 처지이다 보니 점차 기피하는 보직이 됐고 어린 연차의 교사들이 맡는 추세라고 귀띔했다,부정했다,또 생활지도 교사가 이런 처지이다 보니 점차 기피하는 보직이 됐고 어린 연차의 교사들이 맡는 부정했다,7.967875,False
zk_00685,185,train,mid,3,또 생활지도 교사가 이런 처지이다 보니 점차 기피하는 보직이 됐고 어린 연차의 교사들이 맡는 추세라고 귀띔했다,피할 것으로 예측했다,또 생활지도 교사가 이런 처지이다 보니 점차 기피하는 보직이 됐고 어린 연차의 교사들이 피할 것으로 예측했다,7.967875,True
zk_00685,185,train,high,5,또 생활지도 교사가 이런 처지이다 보니 점차 기피하는 보직이 됐고 어린 연차의 교사들이 맡는 추세라고 귀띔했다,신입의 교사들이 맡지 않는다고 했다,또 생활지도 교사가 이런 처지이다 보니 점차 기피하는 보직이 됐고 어린 신입의 교사들이 맡지 않는다고 했다,7.967875,True
zk_00686,185,train,low,2,이노근 아이들이 그렇다는 게 아니라 이건 학부모님들이 신청하는 것이죠,거부하는 것이죠,이노근 아이들이 그렇다는 게 아니라 이건 학부모님들이 거부하는 것이죠,5.184,True
zk_00686,185,train,mid,3,이노근 아이들이 그렇다는 게 아니라 이건 학부모님들이 신청하는 것이죠,학부모님들이 거부하는 것이죠,이노근 아이들이 그렇다는 게 아니라 이건 학부모님들이 거부하는 것이죠,5.184,True
zk_00686,185,train,high,5,이노근 아이들이 그렇다는 게 아니라 이건 학부모님들이 신청하는 것이죠,아니라 학교에서 일방적으로 강제하는 것이죠,이노근 아이들이 그렇다는 게 아니라 학교에서 일방적으로 강제하는 것이죠,5.184,True
zk_00687,185,train,low,2,중도금 대출 은행이 정해지지 않았다는 소식에 당첨자들은 계약을 망설이거나 심지어 포기하기도 했다,계속하기도 했다,중도금 대출 은행이 정해지지 않았다는 소식에 당첨자들은 계약을 망설이거나 심지어 계속하기도 했다,7.649875,True
zk_00687,185,train,mid,3,중도금 대출 은행이 정해지지 않았다는 소식에 당첨자들은 계약을 망설이거나 심지어 포기하기도 했다,끝까지 계속 노력했다,중도금 대출 은행이 정해지지 않았다는 소식에 당첨자들은 계약을 망설이거나 끝까지 계속 노력했다,7.649875,True
zk_00687,185,train,high,5,중도금 대출 은행이 정해지지 않았다는 소식에 당첨자들은 계약을 망설이거나 심지어 포기하기도 했다,계약을 적극적으로 체결하기로 했다,중도금 대출 은행이 정해지지 않았다는 소식에 당첨자들은 계약을 적극적으로 체결하기로 했다,7.649875,False
zk_00688,185,train,low,2,서울중앙지법 형사합의 이십 칠 부는 십 칠 일 공직선거법 위반 혐의로 기소된 양씨 등 일곱 명에 대해 각각 벌금 칠백 만 에서 천 오백 만원을 선고했다,만원을 감형했다,서울중앙지법 형사합의 이십 칠 부는 십 칠 일 공직선거법 위반 혐의로 기소된 양씨 등 일곱 명에 대해 각각 벌금 칠백 만 에서 천 오백 만원을 감형했다,11.552625,True
zk_00688,185,train,mid,3,서울중앙지법 형사합의 이십 칠 부는 십 칠 일 공직선거법 위반 혐의로 기소된 양씨 등 일곱 명에 대해 각각 벌금 칠백 만 에서 천 오백 만원을 선고했다,오백 만원을 감면했다,서울중앙지법 형사합의 이십 칠 부는 십 칠 일 공직선거법 위반 혐의로 기소된 양씨 등 일곱 명에 대해 각각 벌금 칠백 만 에서 천 오백 만원을 감면했다,11.552625,True
zk_00688,185,train,high,5,서울중앙지법 형사합의 이십 칠 부는 십 칠 일 공직선거법 위반 혐의로 기소된 양씨 등 일곱 명에 대해 각각 벌금 칠백 만 에서 천 오백 만원을 선고했다,에서 천 오백 만원을 감면했다,서울중앙지법 형사합의 이십 칠 부는 십 칠 일 공직선거법 위반 혐의로 기소된 양씨 등 일곱 명에 대해 각각 벌금 칠백 만 에서 천 오백 만원을 감면했다,11.552625,True
zk_00689,185,train,low,2,멀리서 본 실루엣은 스포츠카 같지만 지름 한 미터가 넘는 거대한 바퀴가 달렸고 차체도 너비 이백 서른 여섯 센티미터 길이 육백 열 네 센티미터로 웬만한 일 톤 트럭보다 크다,트럭보다 작다,멀리서 본 실루엣은 스포츠카 같지만 지름 한 미터가 넘는 거대한 바퀴가 달렸고 차체도 너비 이백 서른 여섯 센티미터 길이 육백 열 네 센티미터로 웬만한 일 톤 트럭보다 작다,12.0246875,True
zk_00689,185,train,mid,3,멀리서 본 실루엣은 스포츠카 같지만 지름 한 미터가 넘는 거대한 바퀴가 달렸고 차체도 너비 이백 서른 여섯 센티미터 길이 육백 열 네 센티미터로 웬만한 일 톤 트럭보다 크다,톤 트럭보다 작다,멀리서 본 실루엣은 스포츠카 같지만 지름 한 미터가 넘는 거대한 바퀴가 달렸고 차체도 너비 이백 서른 여섯 센티미터 길이 육백 열 네 센티미터로 웬만한 일 톤 트럭보다 작다,12.0246875,True
zk_00689,185,train,high,5,멀리서 본 실루엣은 스포츠카 같지만 지름 한 미터가 넘는 거대한 바퀴가 달렸고 차체도 너비 이백 서른 여섯 센티미터 길이 육백 열 네 센티미터로 웬만한 일 톤 트럭보다 크다,웬만한 일 톤 트럭보다 작다,멀리서 본 실루엣은 스포츠카 같지만 지름 한 미터가 넘는 거대한 바퀴가 달렸고 차체도 너비 이백 서른 여섯 센티미터 길이 육백 열 네 센티미터로 웬만한 일 톤 트럭보다 작다,12.0246875,True
zk_00690,186,train,low,2,삼 분기에만 매출 일 조 이천 구백 십 구 억원 영업이익 육백 십 팔 억원을 올렸다,억원을 내렸다,삼 분기에만 매출 일 조 이천 구백 십 구 억원 영업이익 육백 십 팔 억원을 내렸다,6.9138125,True
zk_00690,186,train,mid,3,삼 분기에만 매출 일 조 이천 구백 십 구 억원 영업이익 육백 십 팔 억원을 올렸다,팔 억원을 깎았다,삼 분기에만 매출 일 조 이천 구백 십 구 억원 영업이익 육백 십 팔 억원을 깎았다,6.9138125,True
zk_00690,186,train,high,5,삼 분기에만 매출 일 조 이천 구백 십 구 억원 영업이익 육백 십 팔 억원을 올렸다,육백 십 팔 억원을 내렸다,삼 분기에만 매출 일 조 이천 구백 십 구 억원 영업이익 육백 십 팔 억원을 내렸다,6.9138125,True
zk_00691,186,train,low,2,지난달 옥시레킷벤키저가 피해자들에 대한 보상안을 발표한 것과는 달리 여전히 잘못을 인정하지 않는 태도를 보인 것이다,숨겨진 것이다,지난달 옥시레킷벤키저가 피해자들에 대한 보상안을 발표한 것과는 달리 여전히 잘못을 인정하지 않는 태도를 숨겨진 것이다,10.9396875,True
zk_00691,186,train,mid,3,지난달 옥시레킷벤키저가 피해자들에 대한 보상안을 발표한 것과는 달리 여전히 잘못을 인정하지 않는 태도를 보인 것이다,태도를 숨긴 것이다,지난달 옥시레킷벤키저가 피해자들에 대한 보상안을 발표한 것과는 달리 여전히 잘못을 인정하지 않는 태도를 숨긴 것이다,10.9396875,True
zk_00691,186,train,high,5,지난달 옥시레킷벤키저가 피해자들에 대한 보상안을 발표한 것과는 달리 여전히 잘못을 인정하지 않는 태도를 보인 것이다,인정하려고 노력한 것이다,지난달 옥시레킷벤키저가 피해자들에 대한 보상안을 발표한 것과는 달리 여전히 잘못을 인정하려고 노력한 것이다,10.9396875,False
zk_00692,186,train,low,2,주거 도시계획 전문가인 김 의원은 한국건설산업연구원 연구위원으로 이십 일 년간 재직하고 이십 대 총선에서 부동산 정책 관련 전문성을 인정받아 새누리당 비례대표로 국회에 입성했다,국회를 떠났다,주거 도시계획 전문가인 김 의원은 한국건설산업연구원 연구위원으로 이십 일 년간 재직하고 이십 대 총선에서 부동산 정책 관련 전문성을 인정받아 새누리당 비례대표로 국회를 떠났다,12.1836875,True
zk_00692,186,train,mid,3,주거 도시계획 전문가인 김 의원은 한국건설산업연구원 연구위원으로 이십 일 년간 재직하고 이십 대 총선에서 부동산 정책 관련 전문성을 인정받아 새누리당 비례대표로 국회에 입성했다,지역구에서 낙선했다,주거 도시계획 전문가인 김 의원은 한국건설산업연구원 연구위원으로 이십 일 년간 재직하고 이십 대 총선에서 부동산 정책 관련 전문성을 인정받아 새누리당 지역구에서 낙선했다,12.1836875,False
zk_00692,186,train,high,5,주거 도시계획 전문가인 김 의원은 한국건설산업연구원 연구위원으로 이십 일 년간 재직하고 이십 대 총선에서 부동산 정책 관련 전문성을 인정받아 새누리당 비례대표로 국회에 입성했다,인정받지 못해 새누리당 비례대표로 떨어졌다,주거 도시계획 전문가인 김 의원은 한국건설산업연구원 연구위원으로 이십 일 년간 재직하고 이십 대 총선에서 부동산 정책 관련 전문성을 인정받지 못해 새누리당 비례대표로 떨어졌다,12.1836875,True
zk_00693,186,train,low,2,한 달에 한 번씩 암컷인 아이바오의 대변에서 호르몬 농도를 조사해 생리를 언제 시작할지 파악한다,중단한다 파악한다,한 달에 한 번씩 암컷인 아이바오의 대변에서 호르몬 농도를 조사해 생리를 언제 중단한다 파악한다,7.4999375,True
zk_00693,186,train,mid,3,한 달에 한 번씩 암컷인 아이바오의 대변에서 호르몬 농도를 조사해 생리를 언제 시작할지 파악한다,언제 시작할지 모른다,한 달에 한 번씩 암컷인 아이바오의 대변에서 호르몬 농도를 조사해 생리를 언제 시작할지 모른다,7.4999375,True
zk_00693,186,train,high,5,한 달에 한 번씩 암컷인 아이바오의 대변에서 호르몬 농도를 조사해 생리를 언제 시작할지 파악한다,조사해 생리를 언제 끝낼지 예상한다,한 달에 한 번씩 암컷인 아이바오의 대변에서 호르몬 농도를 조사해 생리를 언제 끝낼지 예상한다,7.4999375,True
zk_00694,186,train,low,2,문제가 있어도 드러내놓고 얘기할 용기가 안 나는 거예요 소녀들이,못돼요 소년들이,문제가 있어도 드러내놓고 얘기할 용기가 안 나는 못돼요 소년들이,5.6751875,True
zk_00694,186,train,mid,3,문제가 있어도 드러내놓고 얘기할 용기가 안 나는 거예요 소녀들이,아니에요 소녀들은,문제가 있어도 드러내놓고 얘기할 용기가 안 아니에요 소녀들은,5.6751875,False
zk_00694,186,train,high,5,문제가 있어도 드러내놓고 얘기할 용기가 안 나는 거예요 소녀들이,용기가 넘쳐나는 거예요 소녀들이,문제가 있어도 드러내놓고 얘기할 용기가 넘쳐나는 거예요 소녀들이,5.6751875,False
zk_00695,186,train,low,2,일본 총무상을 지낸 저자는 일본 저출산 문제의 원인과 해법을 풍부한 자료를 통해 제시한다,통해 숨긴다,일본 총무상을 지낸 저자는 일본 저출산 문제의 원인과 해법을 풍부한 자료를 통해 숨긴다,9.1736875,True
zk_00695,186,train,mid,3,일본 총무상을 지낸 저자는 일본 저출산 문제의 원인과 해법을 풍부한 자료를 통해 제시한다,자료를 통해 숨긴다,일본 총무상을 지낸 저자는 일본 저출산 문제의 원인과 해법을 풍부한 자료를 통해 숨긴다,9.1736875,True
zk_00695,186,train,high,5,일본 총무상을 지낸 저자는 일본 저출산 문제의 원인과 해법을 풍부한 자료를 통해 제시한다,문제를 부족한 자료로만 제기한다,일본 총무상을 지낸 저자는 일본 저출산 문제의 원인과 문제를 부족한 자료로만 제기한다,9.1736875,False
zk_00696,186,train,low,2,다만 피고인이 범행 모두를 시인하고 반성하고 있는 점 동종 전과가 없는 점 등을 고려해 형을 정했다고 덧붙였다,부정했다고 덧붙였다,다만 피고인이 범행 모두를 시인하고 반성하고 있는 점 동종 전과가 없는 점 등을 고려해 형을 부정했다고 덧붙였다,9.718,True
zk_00696,186,train,mid,3,다만 피고인이 범행 모두를 시인하고 반성하고 있는 점 동종 전과가 없는 점 등을 고려해 형을 정했다고 덧붙였다,형을 미뤘다고 덧붙였다,다만 피고인이 범행 모두를 시인하고 반성하고 있는 점 동종 전과가 없는 점 등을 고려해 형을 미뤘다고 덧붙였다,9.718,True
zk_00696,186,train,high,5,다만 피고인이 범행 모두를 시인하고 반성하고 있는 점 동종 전과가 없는 점 등을 고려해 형을 정했다고 덧붙였다,등을 무시해 형을 정했다고 덧붙였다,다만 피고인이 범행 모두를 시인하고 반성하고 있는 점 동종 전과가 없는 점 등을 무시해 형을 정했다고 덧붙였다,9.718,True
zk_00697,186,train,low,2,이들을 익사시킬지도 모르는 조그마한 물결은 과연 무엇일까,분명 합니다,이들을 익사시킬지도 모르는 조그마한 물결은 분명 합니다,5.780875,True
zk_00697,186,train,mid,3,이들을 익사시킬지도 모르는 조그마한 물결은 과연 무엇일까,물결은 단순하다,이들을 익사시킬지도 모르는 조그마한 물결은 단순하다,5.780875,False
zk_00697,186,train,high,5,이들을 익사시킬지도 모르는 조그마한 물결은 과연 무엇일까,알고 있던 큰 파도였을 것이다,이들을 익사시킬지도 알고 있던 큰 파도였을 것이다,5.780875,True
zk_00698,186,train,low,2,이데일리 노르웨이 국영석유회사 스타토일이 미국 알래스카 유전개발 사업을 포기했다,사업을 시작했다,이데일리 노르웨이 국영석유회사 스타토일이 미국 알래스카 유전개발 사업을 시작했다,8.2336875,True
zk_00698,186,train,mid,3,이데일리 노르웨이 국영석유회사 스타토일이 미국 알래스카 유전개발 사업을 포기했다,유전개발 사업을 추진했다,이데일리 노르웨이 국영석유회사 스타토일이 미국 알래스카 유전개발 사업을 추진했다,8.2336875,True
zk_00698,186,train,high,5,이데일리 노르웨이 국영석유회사 스타토일이 미국 알래스카 유전개발 사업을 포기했다,미국 알래스카 유전개발 사업을 추진했다,이데일리 노르웨이 국영석유회사 스타토일이 미국 알래스카 유전개발 사업을 추진했다,8.2336875,True
zk_00699,186,train,low,2,한국 무속의 경우에도 남쪽 지방과 북쪽 지방이 상당히 다르다,거의 같다,한국 무속의 경우에도 남쪽 지방과 북쪽 지방이 거의 같다,5.8035,True
zk_00699,186,train,mid,3,한국 무속의 경우에도 남쪽 지방과 북쪽 지방이 상당히 다르다,지방이 거의 같다,한국 무속의 경우에도 남쪽 지방과 북쪽 지방이 거의 같다,5.8035,True
zk_00699,186,train,high,5,한국 무속의 경우에도 남쪽 지방과 북쪽 지방이 상당히 다르다,지방과 북쪽 지방이 거의 같다,한국 무속의 경우에도 남쪽 지방과 북쪽 지방이 거의 같다,5.8035,True
zk_00700,187,train,low,2,여기를 누르시면 크게 보실 수 있습니다 류 장관 제가 평양에 특사로 가겠습니다,특사로 가지않겠습니다,여기를 누르시면 크게 보실 수 있습니다 류 장관 제가 평양에 특사로 가지않겠습니다,6.6331875,True
zk_00700,187,train,mid,3,여기를 누르시면 크게 보실 수 있습니다 류 장관 제가 평양에 특사로 가겠습니다,평양에 가지 않겠습니다,여기를 누르시면 크게 보실 수 있습니다 류 장관 제가 평양에 가지 않겠습니다,6.6331875,True
zk_00700,187,train,high,5,여기를 누르시면 크게 보실 수 있습니다 류 장관 제가 평양에 특사로 가겠습니다,장관 제가 평양에 가지 않겠습니다,여기를 누르시면 크게 보실 수 있습니다 류 장관 제가 평양에 가지 않겠습니다,6.6331875,True
zk_00701,187,train,low,2,그러한 광경을 본 적이 있다면 아마 우리 역시 가슴이 벅차오르면서 가만히 서서 하느님의 놀라운 일들에 주의를 기울였을 것입니다,펼쳤을 것입니다,그러한 광경을 본 적이 있다면 아마 우리 역시 가슴이 벅차오르면서 가만히 서서 하느님의 놀라운 일들에 주의를 펼쳤을 것입니다,8.919125,True
zk_00701,187,train,mid,3,그러한 광경을 본 적이 있다면 아마 우리 역시 가슴이 벅차오르면서 가만히 서서 하느님의 놀라운 일들에 주의를 기울였을 것입니다,간과했을 것 같습니다,그러한 광경을 본 적이 있다면 아마 우리 역시 가슴이 벅차오르면서 가만히 서서 하느님의 놀라운 일들에 간과했을 것 같습니다,8.919125,True
zk_00701,187,train,high,5,그러한 광경을 본 적이 있다면 아마 우리 역시 가슴이 벅차오르면서 가만히 서서 하느님의 놀라운 일들에 주의를 기울였을 것입니다,놀라운 일들을 완전히 무시했을 것입니다,그러한 광경을 본 적이 있다면 아마 우리 역시 가슴이 벅차오르면서 가만히 서서 하느님의 놀라운 일들을 완전히 무시했을 것입니다,8.919125,True
zk_00702,187,train,low,2,당시 북한은 두 발의 미사일을 발사했는데 고각으로 발사된 한 발이 최대 높이 일 천 사백 십 삼 쩜 육 키로미터를 솟구쳐 사거리 사백 키로미터를 기록 성공한 것으로 평가됐다,것으로 비판됐다,당시 북한은 두 발의 미사일을 발사했는데 고각으로 발사된 한 발이 최대 높이 일 천 사백 십 삼 쩜 육 키로미터를 솟구쳐 사거리 사백 키로미터를 기록 성공한 것으로 비판됐다,12.101875,True
zk_00702,187,train,mid,3,당시 북한은 두 발의 미사일을 발사했는데 고각으로 발사된 한 발이 최대 높이 일 천 사백 십 삼 쩜 육 키로미터를 솟구쳐 사거리 사백 키로미터를 기록 성공한 것으로 평가됐다,실패한 것으로 평가됐다,당시 북한은 두 발의 미사일을 발사했는데 고각으로 발사된 한 발이 최대 높이 일 천 사백 십 삼 쩜 육 키로미터를 솟구쳐 사거리 사백 키로미터를 기록 실패한 것으로 평가됐다,12.101875,True
zk_00702,187,train,high,5,당시 북한은 두 발의 미사일을 발사했는데 고각으로 발사된 한 발이 최대 높이 일 천 사백 십 삼 쩜 육 키로미터를 솟구쳐 사거리 사백 키로미터를 기록 성공한 것으로 평가됐다,키로미터를 기록 실패한 것으로 평가됐다,당시 북한은 두 발의 미사일을 발사했는데 고각으로 발사된 한 발이 최대 높이 일 천 사백 십 삼 쩜 육 키로미터를 솟구쳐 사거리 사백 키로미터를 기록 실패한 것으로 평가됐다,12.101875,True
zk_00703,187,train,low,2,무상급식 갈등이 일 년 넘게 이어져 오다 홍준표 지사와 박종훈 교육감은 지난 십 팔 일 회동을 통해 급식예산 협상 재개에 합의했다,중단하기로 합의했다,무상급식 갈등이 일 년 넘게 이어져 오다 홍준표 지사와 박종훈 교육감은 지난 십 팔 일 회동을 통해 급식예산 협상 중단하기로 합의했다,10.1606875,True
zk_00703,187,train,mid,3,무상급식 갈등이 일 년 넘게 이어져 오다 홍준표 지사와 박종훈 교육감은 지난 십 팔 일 회동을 통해 급식예산 협상 재개에 합의했다,협상 재개를 거부했다,무상급식 갈등이 일 년 넘게 이어져 오다 홍준표 지사와 박종훈 교육감은 지난 십 팔 일 회동을 통해 급식예산 협상 재개를 거부했다,10.1606875,True
zk_00703,187,train,high,5,무상급식 갈등이 일 년 넘게 이어져 오다 홍준표 지사와 박종훈 교육감은 지난 십 팔 일 회동을 통해 급식예산 협상 재개에 합의했다,통해 급식예산 협상 중단을 결정했다,무상급식 갈등이 일 년 넘게 이어져 오다 홍준표 지사와 박종훈 교육감은 지난 십 팔 일 회동을 통해 급식예산 협상 중단을 결정했다,10.1606875,True
zk_00704,187,train,low,2,하지만 만성적인 운전자 부족에 시달리는 업계의 현실에서 이 같은 대책이 실효성이 없다는 지적이다,있다는 주장이다,하지만 만성적인 운전자 부족에 시달리는 업계의 현실에서 이 같은 대책이 실효성이 있다는 주장이다,7.53575,True
zk_00704,187,train,mid,3,하지만 만성적인 운전자 부족에 시달리는 업계의 현실에서 이 같은 대책이 실효성이 없다는 지적이다,실효성이 있다는 지적이다,하지만 만성적인 운전자 부족에 시달리는 업계의 현실에서 이 같은 대책이 실효성이 있다는 지적이다,7.53575,True
zk_00704,187,train,high,5,하지만 만성적인 운전자 부족에 시달리는 업계의 현실에서 이 같은 대책이 실효성이 없다는 지적이다,같은 대책이 매우 효과적이라는 평가다,하지만 만성적인 운전자 부족에 시달리는 업계의 현실에서 이 같은 대책이 매우 효과적이라는 평가다,7.53575,True
zk_00705,187,train,low,2,올보르 구치소 관계자는 정 씨의 아기가 정 씨를 보러 면회를 올 수는 있어도 정 씨가 아기를 보러 나갈 수는 없다고 부인했다,있다고 인정했다,올보르 구치소 관계자는 정 씨의 아기가 정 씨를 보러 면회를 올 수는 있어도 정 씨가 아기를 보러 나갈 수는 있다고 인정했다,9.2364375,True
zk_00705,187,train,mid,3,올보르 구치소 관계자는 정 씨의 아기가 정 씨를 보러 면회를 올 수는 있어도 정 씨가 아기를 보러 나갈 수는 없다고 부인했다,수는 있다고 인정했다,올보르 구치소 관계자는 정 씨의 아기가 정 씨를 보러 면회를 올 수는 있어도 정 씨가 아기를 보러 나갈 수는 있다고 인정했다,9.2364375,True
zk_00705,187,train,high,5,올보르 구치소 관계자는 정 씨의 아기가 정 씨를 보러 면회를 올 수는 있어도 정 씨가 아기를 보러 나갈 수는 없다고 부인했다,보러 나갈 수 있다고 인정했다,올보르 구치소 관계자는 정 씨의 아기가 정 씨를 보러 면회를 올 수는 있어도 정 씨가 아기를 보러 나갈 수 있다고 인정했다,9.2364375,True
zk_00706,187,train,low,2,그마저 대부분 경리직원 등 제품 생산과는 무관한 일을 했고 사실상 오 씨의 일 인 기업이었습니다,인 기관이었습니다,그마저 대부분 경리직원 등 제품 생산과는 무관한 일을 했고 사실상 오 씨의 일 인 기관이었습니다,7.4875,True
zk_00706,187,train,mid,3,그마저 대부분 경리직원 등 제품 생산과는 무관한 일을 했고 사실상 오 씨의 일 인 기업이었습니다,소규모 기업이었습니다,그마저 대부분 경리직원 등 제품 생산과는 무관한 일을 했고 사실상 오 씨의 소규모 기업이었습니다,7.4875,False
zk_00706,187,train,high,5,그마저 대부분 경리직원 등 제품 생산과는 무관한 일을 했고 사실상 오 씨의 일 인 기업이었습니다,오 씨의 일이 아닌 기업이었습니다,그마저 대부분 경리직원 등 제품 생산과는 무관한 일을 했고 사실상 오 씨의 일이 아닌 기업이었습니다,7.4875,True
zk_00707,187,train,low,2,높을수록 습도유지 성능이 우수한 채소실의 보습률은 팔십 팔 퍼센트 구십 사 퍼센트 수준이었다,배 이상이었다,높을수록 습도유지 성능이 우수한 채소실의 보습률은 팔십 팔 퍼센트 구십 사 배 이상이었다,7.7645625,True
zk_00707,187,train,mid,3,높을수록 습도유지 성능이 우수한 채소실의 보습률은 팔십 팔 퍼센트 구십 사 퍼센트 수준이었다,구십 퍼센트를 넘었다,높을수록 습도유지 성능이 우수한 채소실의 보습률은 팔십 팔 퍼센트 구십 구십 퍼센트를 넘었다,7.7645625,True
zk_00707,187,train,high,5,높을수록 습도유지 성능이 우수한 채소실의 보습률은 팔십 팔 퍼센트 구십 사 퍼센트 수준이었다,퍼센트 육 퍼센트 수준에 불과했다,높을수록 습도유지 성능이 우수한 채소실의 보습률은 팔십 팔 퍼센트 육 퍼센트 수준에 불과했다,7.7645625,True
zk_00708,187,train,low,2,이데일리 노르웨이 국영석유회사 스타토일이 미국 알래스카 유전개발 사업을 포기했다,사업을 추진했다,이데일리 노르웨이 국영석유회사 스타토일이 미국 알래스카 유전개발 사업을 추진했다,6.6765625,True
zk_00708,187,train,mid,3,이데일리 노르웨이 국영석유회사 스타토일이 미국 알래스카 유전개발 사업을 포기했다,유전개발 사업을 추진했다,이데일리 노르웨이 국영석유회사 스타토일이 미국 알래스카 유전개발 사업을 추진했다,6.6765625,True
zk_00708,187,train,high,5,이데일리 노르웨이 국영석유회사 스타토일이 미국 알래스카 유전개발 사업을 포기했다,미국 알래스카 유전개발 사업을 추진했다,이데일리 노르웨이 국영석유회사 스타토일이 미국 알래스카 유전개발 사업을 추진했다,6.6765625,True
zk_00709,187,train,low,2,그런데 우리가 현실에서 겪는 민주주의 후퇴나 경찰 인권침해 노동현장의 권리침해가 타인의 문제일까요,나의 책임입니다,그런데 우리가 현실에서 겪는 민주주의 후퇴나 경찰 인권침해 노동현장의 권리침해가 나의 책임입니다,7.5594375,True
zk_00709,187,train,mid,3,그런데 우리가 현실에서 겪는 민주주의 후퇴나 경찰 인권침해 노동현장의 권리침해가 타인의 문제일까요,권리침해가 우리의 책임일까요,그런데 우리가 현실에서 겪는 민주주의 후퇴나 경찰 인권침해 노동현장의 권리침해가 우리의 책임일까요,7.5594375,True
zk_00709,187,train,high,5,그런데 우리가 현실에서 겪는 민주주의 후퇴나 경찰 인권침해 노동현장의 권리침해가 타인의 문제일까요,인권침해 노동현장의 권리침해가 나의 문제입니다,그런데 우리가 현실에서 겪는 민주주의 후퇴나 경찰 인권침해 노동현장의 권리침해가 나의 문제입니다,7.5594375,True
zk_00710,189,train,low,2,김 전 대표의 탈당은 곧바로 문재인 전 대표의 비난으로 쏟아졌다,칭찬으로 터졌다,김 전 대표의 탈당은 곧바로 문재인 전 대표의 칭찬으로 터졌다,5.372125,True
zk_00710,189,train,mid,3,김 전 대표의 탈당은 곧바로 문재인 전 대표의 비난으로 쏟아졌다,대표의 칭찬으로 모였다,김 전 대표의 탈당은 곧바로 문재인 전 대표의 칭찬으로 모였다,5.372125,True
zk_00710,189,train,high,5,김 전 대표의 탈당은 곧바로 문재인 전 대표의 비난으로 쏟아졌다,문재인 전 대표의 칭찬으로 모아졌다,김 전 대표의 탈당은 곧바로 문재인 전 대표의 칭찬으로 모아졌다,5.372125,True
zk_00711,189,train,low,2,바이러스는 숙주 안에서만 서식하기에 숙주가 죽으면 바이러스도 생존할 수 없다,수 있다,바이러스는 숙주 안에서만 서식하기에 숙주가 죽으면 바이러스도 생존할 수 있다,5.672125,True
zk_00711,189,train,mid,3,바이러스는 숙주 안에서만 서식하기에 숙주가 죽으면 바이러스도 생존할 수 없다,번영할 수 있다,바이러스는 숙주 안에서만 서식하기에 숙주가 죽으면 바이러스도 번영할 수 있다,5.672125,True
zk_00711,189,train,high,5,바이러스는 숙주 안에서만 서식하기에 숙주가 죽으면 바이러스도 생존할 수 없다,죽어도 바이러스는 계속해서 살아남는다,바이러스는 숙주 안에서만 서식하기에 숙주가 죽어도 바이러스는 계속해서 살아남는다,5.672125,False
zk_00712,189,train,low,2,그런데 그 여인과 불과 채 두 미터도 안 되는 거리에 제복을 입은 젊은 보안 요원이 작은 표지판을 들고 쪼그려 앉아 있다,서 있다,그런데 그 여인과 불과 채 두 미터도 안 되는 거리에 제복을 입은 젊은 보안 요원이 작은 표지판을 들고 쪼그려 서 있다,10.5484375,True
zk_00712,189,train,mid,3,그런데 그 여인과 불과 채 두 미터도 안 되는 거리에 제복을 입은 젊은 보안 요원이 작은 표지판을 들고 쪼그려 앉아 있다,펴고 서 있다,그런데 그 여인과 불과 채 두 미터도 안 되는 거리에 제복을 입은 젊은 보안 요원이 작은 표지판을 들고 펴고 서 있다,10.5484375,True
zk_00712,189,train,high,5,그런데 그 여인과 불과 채 두 미터도 안 되는 거리에 제복을 입은 젊은 보안 요원이 작은 표지판을 들고 쪼그려 앉아 있다,표지판을 내려놓고 일어나 걸어간다,그런데 그 여인과 불과 채 두 미터도 안 되는 거리에 제복을 입은 젊은 보안 요원이 작은 표지판을 내려놓고 일어나 걸어간다,10.5484375,False
zk_00713,189,train,low,2,민간인 사찰의 최고 윗선이 이명박 대통령임을 입증하는 결정적인 증거를 확보한 것이다,잃어버린 것이다,민간인 사찰의 최고 윗선이 이명박 대통령임을 입증하는 결정적인 증거를 잃어버린 것이다,7.5133125,True
zk_00713,189,train,mid,3,민간인 사찰의 최고 윗선이 이명박 대통령임을 입증하는 결정적인 증거를 확보한 것이다,증거를 찾지 못했다,민간인 사찰의 최고 윗선이 이명박 대통령임을 입증하는 결정적인 증거를 찾지 못했다,7.5133125,True
zk_00713,189,train,high,5,민간인 사찰의 최고 윗선이 이명박 대통령임을 입증하는 결정적인 증거를 확보한 것이다,입증하는 결정적인 증거를 놓친 것이다,민간인 사찰의 최고 윗선이 이명박 대통령임을 입증하는 결정적인 증거를 놓친 것이다,7.5133125,True
zk_00714,189,train,low,2,그 여파로 이천 팔 년에 삼십 이 만가구 이천 구 년에는 이십 팔 만가구의 입주물량이 쏟아졌다,입주물량이 부족했다,그 여파로 이천 팔 년에 삼십 이 만가구 이천 구 년에는 이십 팔 만가구의 입주물량이 부족했다,7.8883125,True
zk_00714,189,train,mid,3,그 여파로 이천 팔 년에 삼십 이 만가구 이천 구 년에는 이십 팔 만가구의 입주물량이 쏟아졌다,입주물량이 부족하게 됐다,그 여파로 이천 팔 년에 삼십 이 만가구 이천 구 년에는 이십 팔 입주물량이 부족하게 됐다,7.8883125,True
zk_00714,189,train,high,5,그 여파로 이천 팔 년에 삼십 이 만가구 이천 구 년에는 이십 팔 만가구의 입주물량이 쏟아졌다,이십 팔 만가구의 공급이 모자랐다,그 여파로 이천 팔 년에 삼십 이 만가구 이천 구 년에는 이십 팔 만가구의 공급이 모자랐다,7.8883125,True
zk_00715,189,train,low,2,삼십 일 새누리당 등에 따르면 청와대와 새누리당 정부는 삼십 일 일 당정청 정책조정협의회를 열기로 했으나 청와대 측 뜻에 의해 이를 무기한 연기했다,즉시 개최했다,삼십 일 새누리당 등에 따르면 청와대와 새누리당 정부는 삼십 일 일 당정청 정책조정협의회를 열기로 했으나 청와대 측 뜻에 의해 이를 즉시 개최했다,12.7820625,True
zk_00715,189,train,mid,3,삼십 일 새누리당 등에 따르면 청와대와 새누리당 정부는 삼십 일 일 당정청 정책조정협의회를 열기로 했으나 청와대 측 뜻에 의해 이를 무기한 연기했다,이를 즉시 강행했다,삼십 일 새누리당 등에 따르면 청와대와 새누리당 정부는 삼십 일 일 당정청 정책조정협의회를 열기로 했으나 청와대 측 뜻에 의해 이를 즉시 강행했다,12.7820625,True
zk_00715,189,train,high,5,삼십 일 새누리당 등에 따르면 청와대와 새누리당 정부는 삼십 일 일 당정청 정책조정협의회를 열기로 했으나 청와대 측 뜻에 의해 이를 무기한 연기했다,뜻에 의해 이를 즉시 강행했다,삼십 일 새누리당 등에 따르면 청와대와 새누리당 정부는 삼십 일 일 당정청 정책조정협의회를 열기로 했으나 청와대 측 뜻에 의해 이를 즉시 강행했다,12.7820625,True
zk_00716,189,train,low,2,김문수 전 경기지사는 십 삼 일 대구를 떠나 수도권 험지에 출마하라는 일각의 요구에 대해 저는 수성갑에 뼈를 묻어야 되겠다고 일축했다,불가능하다고 지적했다,김문수 전 경기지사는 십 삼 일 대구를 떠나 수도권 험지에 출마하라는 일각의 요구에 대해 저는 수성갑에 뼈를 묻어야 불가능하다고 지적했다,12.2338125,True
zk_00716,189,train,mid,3,김문수 전 경기지사는 십 삼 일 대구를 떠나 수도권 험지에 출마하라는 일각의 요구에 대해 저는 수성갑에 뼈를 묻어야 되겠다고 일축했다,파내야 된다고 주장했다,김문수 전 경기지사는 십 삼 일 대구를 떠나 수도권 험지에 출마하라는 일각의 요구에 대해 저는 수성갑에 뼈를 파내야 된다고 주장했다,12.2338125,True
zk_00716,189,train,high,5,김문수 전 경기지사는 십 삼 일 대구를 떠나 수도권 험지에 출마하라는 일각의 요구에 대해 저는 수성갑에 뼈를 묻어야 되겠다고 일축했다,수성갑에 뼈를 묻지 않겠다고 했다,김문수 전 경기지사는 십 삼 일 대구를 떠나 수도권 험지에 출마하라는 일각의 요구에 대해 저는 수성갑에 뼈를 묻지 않겠다고 했다,12.2338125,True
zk_00717,189,train,low,2,이천 십 사 년 입수했지만 공개되지 않았다가 최근 최순실 사태를 계기로 새로 공개했다,계속 숨겼다,이천 십 사 년 입수했지만 공개되지 않았다가 최근 최순실 사태를 계기로 계속 숨겼다,6.5041875,True
zk_00717,189,train,mid,3,이천 십 사 년 입수했지만 공개되지 않았다가 최근 최순실 사태를 계기로 새로 공개했다,계기로 기존에 숨겼다,이천 십 사 년 입수했지만 공개되지 않았다가 최근 최순실 사태를 계기로 기존에 숨겼다,6.5041875,True
zk_00717,189,train,high,5,이천 십 사 년 입수했지만 공개되지 않았다가 최근 최순실 사태를 계기로 새로 공개했다,최순실 사태를 계기로 계속 숨겼다,이천 십 사 년 입수했지만 공개되지 않았다가 최근 최순실 사태를 계기로 계속 숨겼다,6.5041875,True
zk_00718,189,train,low,2,앞으로 오 년밖에 남지 않은 전면적 샤오캉 사회가 가장 소외받고 의료혜택을 전혀 보지 못하는 정신질환자들을 외면한다면 과연 진정한 샤오캉 사회라 할 수 있을까,없을 것이다,앞으로 오 년밖에 남지 않은 전면적 샤오캉 사회가 가장 소외받고 의료혜택을 전혀 보지 못하는 정신질환자들을 외면한다면 과연 진정한 샤오캉 사회라 할 없을 것이다,12.4218125,True
zk_00718,189,train,mid,3,앞으로 오 년밖에 남지 않은 전면적 샤오캉 사회가 가장 소외받고 의료혜택을 전혀 보지 못하는 정신질환자들을 외면한다면 과연 진정한 샤오캉 사회라 할 수 있을까,할 수 없을까,앞으로 오 년밖에 남지 않은 전면적 샤오캉 사회가 가장 소외받고 의료혜택을 전혀 보지 못하는 정신질환자들을 외면한다면 과연 진정한 샤오캉 사회라 할 수 없을까,12.4218125,True
zk_00718,189,train,high,5,앞으로 오 년밖에 남지 않은 전면적 샤오캉 사회가 가장 소외받고 의료혜택을 전혀 보지 못하는 정신질환자들을 외면한다면 과연 진정한 샤오캉 사회라 할 수 있을까,샤오캉 사회라 할 수 없을까,앞으로 오 년밖에 남지 않은 전면적 샤오캉 사회가 가장 소외받고 의료혜택을 전혀 보지 못하는 정신질환자들을 외면한다면 과연 진정한 샤오캉 사회라 할 수 없을까,12.4218125,True
zk_00719,189,train,low,2,당초 협의이혼 당시 아파트 소유권과 친권 양육권을 주기로 했던 박씨가 정식 이혼 소송을 내면서 아파트를 줄 수 없다고 버텼기 때문,무너졌기 때문,당초 협의이혼 당시 아파트 소유권과 친권 양육권을 주기로 했던 박씨가 정식 이혼 소송을 내면서 아파트를 줄 수 없다고 무너졌기 때문,10.0466875,True
zk_00719,189,train,mid,3,당초 협의이혼 당시 아파트 소유권과 친권 양육권을 주기로 했던 박씨가 정식 이혼 소송을 내면서 아파트를 줄 수 없다고 버텼기 때문,있다고 주장했기 때문,당초 협의이혼 당시 아파트 소유권과 친권 양육권을 주기로 했던 박씨가 정식 이혼 소송을 내면서 아파트를 줄 수 있다고 주장했기 때문,10.0466875,True
zk_00719,189,train,high,5,당초 협의이혼 당시 아파트 소유권과 친권 양육권을 주기로 했던 박씨가 정식 이혼 소송을 내면서 아파트를 줄 수 없다고 버텼기 때문,줄 수 있다고 양보했기 때문,당초 협의이혼 당시 아파트 소유권과 친권 양육권을 주기로 했던 박씨가 정식 이혼 소송을 내면서 아파트를 줄 수 있다고 양보했기 때문,10.0466875,True
zk_00720,190,train,low,2,아니 그런데 사실 이 절차상으로 따지면 교육부 장관이 이미 일 이 순위 중에 한 명을 정해야 돼요,정하지 않아요,아니 그런데 사실 이 절차상으로 따지면 교육부 장관이 이미 일 이 순위 중에 한 명을 정하지 않아요,8.5208125,True
zk_00720,190,train,mid,3,아니 그런데 사실 이 절차상으로 따지면 교육부 장관이 이미 일 이 순위 중에 한 명을 정해야 돼요,명을 정하지 말아요,아니 그런데 사실 이 절차상으로 따지면 교육부 장관이 이미 일 이 순위 중에 한 명을 정하지 말아요,8.5208125,True
zk_00720,190,train,high,5,아니 그런데 사실 이 절차상으로 따지면 교육부 장관이 이미 일 이 순위 중에 한 명을 정해야 돼요,중에 한 명을 피해야 돼요,아니 그런데 사실 이 절차상으로 따지면 교육부 장관이 이미 일 이 순위 중에 한 명을 피해야 돼요,8.5208125,True
zk_00721,190,train,low,2,이어 이 전 대통령이 삼 선 개헌을 안했다면 국부임에 틀림없다며 그런데 삼 선 개헌으로 민주주의 원칙을 파괴한 사람 아닌가,사람 맞네,이어 이 전 대통령이 삼 선 개헌을 안했다면 국부임에 틀림없다며 그런데 삼 선 개헌으로 민주주의 원칙을 파괴한 사람 맞네,9.0906875,True
zk_00721,190,train,mid,3,이어 이 전 대통령이 삼 선 개헌을 안했다면 국부임에 틀림없다며 그런데 삼 선 개헌으로 민주주의 원칙을 파괴한 사람 아닌가,구한 사람 아닌가,이어 이 전 대통령이 삼 선 개헌을 안했다면 국부임에 틀림없다며 그런데 삼 선 개헌으로 민주주의 원칙을 구한 사람 아닌가,9.0906875,True
zk_00721,190,train,high,5,이어 이 전 대통령이 삼 선 개헌을 안했다면 국부임에 틀림없다며 그런데 삼 선 개헌으로 민주주의 원칙을 파괴한 사람 아닌가,민주주의 원칙을 수호한 참된 사람이다,이어 이 전 대통령이 삼 선 개헌을 안했다면 국부임에 틀림없다며 그런데 삼 선 개헌으로 민주주의 원칙을 수호한 참된 사람이다,9.0906875,True
zk_00722,190,train,low,2,그를 얼마나 사랑했든 때와 예기치 못한 일을 막을 수는 없다,수밖에 없다,그를 얼마나 사랑했든 때와 예기치 못한 일을 막을 수밖에 없다,5.32225,True
zk_00722,190,train,mid,3,그를 얼마나 사랑했든 때와 예기치 못한 일을 막을 수는 없다,막을 수 있다,그를 얼마나 사랑했든 때와 예기치 못한 일을 막을 수 있다,5.32225,True
zk_00722,190,train,high,5,그를 얼마나 사랑했든 때와 예기치 못한 일을 막을 수는 없다,한 일을 막을 수 없다,그를 얼마나 사랑했든 때와 예기치 한 일을 막을 수 없다,5.32225,True
zk_00723,190,train,low,2,하지만 소를 잡게 되면 잡은 소의 모든 부위를 다 사용합니다,남겨 둡니다,하지만 소를 잡게 되면 잡은 소의 모든 부위를 남겨 둡니다,5.187375,True
zk_00723,190,train,mid,3,하지만 소를 잡게 되면 잡은 소의 모든 부위를 다 사용합니다,부위를 안 씁니다,하지만 소를 잡게 되면 잡은 소의 모든 부위를 안 씁니다,5.187375,True
zk_00723,190,train,high,5,하지만 소를 잡게 되면 잡은 소의 모든 부위를 다 사용합니다,소의 특정 부위만 선택해서 사용합니다,하지만 소를 잡게 되면 잡은 소의 특정 부위만 선택해서 사용합니다,5.187375,True
zk_00724,190,train,low,2,사무실에서 직원에게 에이사 좀 가져와라고 그랬더니 못 알아듣더라는 거예요,못알아듣더라는 거예요,사무실에서 직원에게 에이사 좀 가져와라고 그랬더니 못 못알아듣더라는 거예요,6.6489375,True
zk_00724,190,train,mid,3,사무실에서 직원에게 에이사 좀 가져와라고 그랬더니 못 알아듣더라는 거예요,잘 알아듣더라는 거예요,사무실에서 직원에게 에이사 좀 가져와라고 그랬더니 잘 알아듣더라는 거예요,6.6489375,True
zk_00724,190,train,high,5,사무실에서 직원에게 에이사 좀 가져와라고 그랬더니 못 알아듣더라는 거예요,가져와라고 그랬더니 잘 알아듣더라는 거예요,사무실에서 직원에게 에이사 좀 가져와라고 그랬더니 잘 알아듣더라는 거예요,6.6489375,True
zk_00725,190,train,low,2,특히 최 씨가 학교 관계자와 면담한 이후 딸 정유라 씨의 성적이 가파르게 향상된 것으로 확인됐는데요,것으로 추정됩니다,특히 최 씨가 학교 관계자와 면담한 이후 딸 정유라 씨의 성적이 가파르게 향상된 것으로 추정됩니다,7.6175,True
zk_00725,190,train,mid,3,특히 최 씨가 학교 관계자와 면담한 이후 딸 정유라 씨의 성적이 가파르게 향상된 것으로 확인됐는데요,악화된 것으로 확인됐는데요,특히 최 씨가 학교 관계자와 면담한 이후 딸 정유라 씨의 성적이 가파르게 악화된 것으로 확인됐는데요,7.6175,True
zk_00725,190,train,high,5,특히 최 씨가 학교 관계자와 면담한 이후 딸 정유라 씨의 성적이 가파르게 향상된 것으로 확인됐는데요,성적이 가파르게 하락된 것으로 확인됐는데요,특히 최 씨가 학교 관계자와 면담한 이후 딸 정유라 씨의 성적이 가파르게 하락된 것으로 확인됐는데요,7.6175,True
zk_00726,190,train,low,2,경찰에 따르면 이들 일당은 최근 당국의 감시로 피해금 인출이 어려워지자 통장명의자를 포섭해 인출책으로 활용했다,참고서로 활용했다,경찰에 따르면 이들 일당은 최근 당국의 감시로 피해금 인출이 어려워지자 통장명의자를 포섭해 참고서로 활용했다,8.5195625,True
zk_00726,190,train,mid,3,경찰에 따르면 이들 일당은 최근 당국의 감시로 피해금 인출이 어려워지자 통장명의자를 포섭해 인출책으로 활용했다,배제해 폐기했다고 함,경찰에 따르면 이들 일당은 최근 당국의 감시로 피해금 인출이 어려워지자 통장명의자를 배제해 폐기했다고 함,8.5195625,True
zk_00726,190,train,high,5,경찰에 따르면 이들 일당은 최근 당국의 감시로 피해금 인출이 어려워지자 통장명의자를 포섭해 인출책으로 활용했다,어려워지자 통장명의자를 거부해 버렸다,경찰에 따르면 이들 일당은 최근 당국의 감시로 피해금 인출이 어려워지자 통장명의자를 거부해 버렸다,8.5195625,False
zk_00727,190,train,low,2,치솟은 집값에 집사기를 포기한 사람들이 대거 늘면서 월세 가구가 급증했다,가구가 감소했다,치솟은 집값에 집사기를 포기한 사람들이 대거 늘면서 월세 가구가 감소했다,6.2743125,True
zk_00727,190,train,mid,3,치솟은 집값에 집사기를 포기한 사람들이 대거 늘면서 월세 가구가 급증했다,월세 가구가 감소했다,치솟은 집값에 집사기를 포기한 사람들이 대거 늘면서 월세 가구가 감소했다,6.2743125,True
zk_00727,190,train,high,5,치솟은 집값에 집사기를 포기한 사람들이 대거 늘면서 월세 가구가 급증했다,월세 가구가 현저히 감소했다,치솟은 집값에 집사기를 포기한 사람들이 월세 가구가 현저히 감소했다,6.2743125,False
zk_00728,190,train,low,2,서울지검을 시작으로 법무부와 중앙지검 대검찰청 등에서 요직을 두루 걸쳤습니다,부분적 걸쳤습니다,서울지검을 시작으로 법무부와 중앙지검 대검찰청 등에서 요직을 부분적 걸쳤습니다,7.6499375,True
zk_00728,190,train,mid,3,서울지검을 시작으로 법무부와 중앙지검 대검찰청 등에서 요직을 두루 걸쳤습니다,요직을 모두 피했습니다,서울지검을 시작으로 법무부와 중앙지검 대검찰청 등에서 요직을 모두 피했습니다,7.6499375,True
zk_00728,190,train,high,5,서울지검을 시작으로 법무부와 중앙지검 대검찰청 등에서 요직을 두루 걸쳤습니다,대검찰청 등에서 요직을 맡지 않았습니다,서울지검을 시작으로 법무부와 중앙지검 대검찰청 등에서 요직을 맡지 않았습니다,7.6499375,True
zk_00729,190,train,low,2,임점덕 할머니도 전세 보증금 이천 팔백 만원의 습하고 곰팡내 나는 지하 단칸방에서 홀로 생활하다 이곳에 입주했다,이곳을 떠났다,임점덕 할머니도 전세 보증금 이천 팔백 만원의 습하고 곰팡내 나는 지하 단칸방에서 홀로 생활하다 이곳을 떠났다,8.900625,True
zk_00729,190,train,mid,3,임점덕 할머니도 전세 보증금 이천 팔백 만원의 습하고 곰팡내 나는 지하 단칸방에서 홀로 생활하다 이곳에 입주했다,생활하다 이곳을 떠났다,임점덕 할머니도 전세 보증금 이천 팔백 만원의 습하고 곰팡내 나는 지하 단칸방에서 홀로 생활하다 이곳을 떠났다,8.900625,True
zk_00729,190,train,high,5,임점덕 할머니도 전세 보증금 이천 팔백 만원의 습하고 곰팡내 나는 지하 단칸방에서 홀로 생활하다 이곳에 입주했다,큰집에서 가족과 살다 그곳을 떠났다,임점덕 할머니도 전세 보증금 이천 팔백 만원의 습하고 곰팡내 나는 지하 큰집에서 가족과 살다 그곳을 떠났다,8.900625,True
zk_00730,191,train,low,2,이것은 제 이 형 당뇨병의 전조가 될 뿐 아니라 최근에 알려진 바에 따르면 치매의 위험을 상승시킬 수도 있다고 합니다,없다고 합니다,이것은 제 이 형 당뇨병의 전조가 될 뿐 아니라 최근에 알려진 바에 따르면 치매의 위험을 상승시킬 수도 없다고 합니다,9.737125,True
zk_00730,191,train,mid,3,이것은 제 이 형 당뇨병의 전조가 될 뿐 아니라 최근에 알려진 바에 따르면 치매의 위험을 상승시킬 수도 있다고 합니다,없을 수도 있다,이것은 제 이 형 당뇨병의 전조가 될 뿐 아니라 최근에 알려진 바에 따르면 치매의 위험을 상승시킬 없을 수도 있다,9.737125,True
zk_00730,191,train,high,5,이것은 제 이 형 당뇨병의 전조가 될 뿐 아니라 최근에 알려진 바에 따르면 치매의 위험을 상승시킬 수도 있다고 합니다,위험을 감소시킬 수 있다고 합니다,이것은 제 이 형 당뇨병의 전조가 될 뿐 아니라 최근에 알려진 바에 따르면 치매의 위험을 감소시킬 수 있다고 합니다,9.737125,True
zk_00731,191,train,low,2,그런데 그 여인과 불과 채 두 미터도 안 되는 거리에 제복을 입은 젊은 보안 요원이 작은 표지판을 들고 쪼그려 앉아 있다,서 있다,그런데 그 여인과 불과 채 두 미터도 안 되는 거리에 제복을 입은 젊은 보안 요원이 작은 표지판을 들고 쪼그려 서 있다,9.8143125,True
zk_00731,191,train,mid,3,그런데 그 여인과 불과 채 두 미터도 안 되는 거리에 제복을 입은 젊은 보안 요원이 작은 표지판을 들고 쪼그려 앉아 있다,곧게 서 있다,그런데 그 여인과 불과 채 두 미터도 안 되는 거리에 제복을 입은 젊은 보안 요원이 작은 표지판을 들고 곧게 서 있다,9.8143125,True
zk_00731,191,train,high,5,그런데 그 여인과 불과 채 두 미터도 안 되는 거리에 제복을 입은 젊은 보안 요원이 작은 표지판을 들고 쪼그려 앉아 있다,표지판을 내려놓고 일어서서 걸어간다,그런데 그 여인과 불과 채 두 미터도 안 되는 거리에 제복을 입은 젊은 보안 요원이 작은 표지판을 내려놓고 일어서서 걸어간다,9.8143125,False
zk_00732,191,train,low,2,천 구백 구십 칠 년 일 월 한보 철강으로 시작된 도미노식 부도 사태가 발생했다,사태가 해결됐다,천 구백 구십 칠 년 일 월 한보 철강으로 시작된 도미노식 부도 사태가 해결됐다,7.0176875,True
zk_00732,191,train,mid,3,천 구백 구십 칠 년 일 월 한보 철강으로 시작된 도미노식 부도 사태가 발생했다,부도를 완전히 피했다,천 구백 구십 칠 년 일 월 한보 철강으로 시작된 도미노식 부도를 완전히 피했다,7.0176875,True
zk_00732,191,train,high,5,천 구백 구십 칠 년 일 월 한보 철강으로 시작된 도미노식 부도 사태가 발생했다,막힌 도미노식 부도 사태가 해결됐다,천 구백 구십 칠 년 일 월 한보 철강으로 막힌 도미노식 부도 사태가 해결됐다,7.0176875,True
zk_00733,191,train,low,2,은행 예금을 인출해 도피자금을 마련한 두 사람은 이전까지 쓰던 휴대전화를 비롯해 의료보험 신용카드 교통카드 등 자신들의 행적을 노출할 수 있는 어떤 수단도 쓰지 않았다,적극 활용했다,은행 예금을 인출해 도피자금을 마련한 두 사람은 이전까지 쓰던 휴대전화를 비롯해 의료보험 신용카드 교통카드 등 자신들의 행적을 노출할 수 있는 어떤 수단도 적극 활용했다,12.276375,True
zk_00733,191,train,mid,3,은행 예금을 인출해 도피자금을 마련한 두 사람은 이전까지 쓰던 휴대전화를 비롯해 의료보험 신용카드 교통카드 등 자신들의 행적을 노출할 수 있는 어떤 수단도 쓰지 않았다,수단을 적극 활용했다,은행 예금을 인출해 도피자금을 마련한 두 사람은 이전까지 쓰던 휴대전화를 비롯해 의료보험 신용카드 교통카드 등 자신들의 행적을 노출할 수 있는 어떤 수단을 적극 활용했다,12.276375,True
zk_00733,191,train,high,5,은행 예금을 인출해 도피자금을 마련한 두 사람은 이전까지 쓰던 휴대전화를 비롯해 의료보험 신용카드 교통카드 등 자신들의 행적을 노출할 수 있는 어떤 수단도 쓰지 않았다,있는 모든 수단을 다 썼다,은행 예금을 인출해 도피자금을 마련한 두 사람은 이전까지 쓰던 휴대전화를 비롯해 의료보험 신용카드 교통카드 등 자신들의 행적을 노출할 수 있는 모든 수단을 다 썼다,12.276375,True
zk_00734,191,train,low,2,국회에서 청문보고서가 채택되지 않아도 대통령이 임명 권한을 갖고 경찰청장 임명을 강행할 수 있다,없을 것이다,국회에서 청문보고서가 채택되지 않아도 대통령이 임명 권한을 갖고 경찰청장 임명을 강행할 없을 것이다,8.564875,True
zk_00734,191,train,mid,3,국회에서 청문보고서가 채택되지 않아도 대통령이 임명 권한을 갖고 경찰청장 임명을 강행할 수 있다,포기할 수 있다,국회에서 청문보고서가 채택되지 않아도 대통령이 임명 권한을 갖고 경찰청장 임명을 포기할 수 있다,8.564875,True
zk_00734,191,train,high,5,국회에서 청문보고서가 채택되지 않아도 대통령이 임명 권한을 갖고 경찰청장 임명을 강행할 수 있다,경찰청장 임명을 미루기로 했다,국회에서 청문보고서가 채택되지 않아도 대통령이 임명 권한을 갖고 경찰청장 임명을 미루기로 했다,8.564875,False
zk_00735,191,train,low,2,카카오 관계자는 장애의 범위와 원인을 확인하고 있다 고 말했다,고 부정했다,카카오 관계자는 장애의 범위와 원인을 확인하고 있다 고 부정했다,5.5500625,True
zk_00735,191,train,mid,3,카카오 관계자는 장애의 범위와 원인을 확인하고 있다 고 말했다,없다고 분명히 말했다,카카오 관계자는 장애의 범위와 원인을 확인하고 없다고 분명히 말했다,5.5500625,True
zk_00735,191,train,high,5,카카오 관계자는 장애의 범위와 원인을 확인하고 있다 고 말했다,원인을 밝혀내지 못했다고 말했다,카카오 관계자는 장애의 범위와 원인을 밝혀내지 못했다고 말했다,5.5500625,False
zk_00736,191,train,low,2,오히려 그분은 복잡한 형태를 갖춘 동식물을 기본적인 종류별로 창조하셨고 동식물들은 그 종류대로 번식했습니다,멸종되어 갔습니다,오히려 그분은 복잡한 형태를 갖춘 동식물을 기본적인 종류별로 창조하셨고 동식물들은 그 멸종되어 갔습니다,8.553125,True
zk_00736,191,train,mid,3,오히려 그분은 복잡한 형태를 갖춘 동식물을 기본적인 종류별로 창조하셨고 동식물들은 그 종류대로 번식했습니다,그 종류대로 멸종했습니다,오히려 그분은 복잡한 형태를 갖춘 동식물을 기본적인 종류별로 창조하셨고 동식물들은 그 종류대로 멸종했습니다,8.553125,True
zk_00736,191,train,high,5,오히려 그분은 복잡한 형태를 갖춘 동식물을 기본적인 종류별로 창조하셨고 동식물들은 그 종류대로 번식했습니다,창조하지 않으셨고 동식물들은 멸종했습니다,오히려 그분은 복잡한 형태를 갖춘 동식물을 기본적인 종류별로 창조하지 않으셨고 동식물들은 멸종했습니다,8.553125,False
zk_00737,191,train,low,2,일본 중학교 역사교과서 총 팔 종 중 사 종에서 한반도 가야지역을 임나 표기함,임나 생략함,일본 중학교 역사교과서 총 팔 종 중 사 종에서 한반도 가야지역을 임나 생략함,7.5981875,True
zk_00737,191,train,mid,3,일본 중학교 역사교과서 총 팔 종 중 사 종에서 한반도 가야지역을 임나 표기함,가야지역을 한반도 표기함,일본 중학교 역사교과서 총 팔 종 중 사 종에서 한반도 가야지역을 한반도 표기함,7.5981875,True
zk_00737,191,train,high,5,일본 중학교 역사교과서 총 팔 종 중 사 종에서 한반도 가야지역을 임나 표기함,종에서 한반도 가야지역을 한국으로 표기함,일본 중학교 역사교과서 총 팔 종 중 사 종에서 한반도 가야지역을 한국으로 표기함,7.5981875,True
zk_00738,191,train,low,2,고소비가구계층 중 자녀가 없는 부부가구의 구성원보다 많이 쓴다,안 쓴다,고소비가구계층 중 자녀가 없는 부부가구의 구성원보다 안 쓴다,5.84675,True
zk_00738,191,train,mid,3,고소비가구계층 중 자녀가 없는 부부가구의 구성원보다 많이 쓴다,구성원보다 적게 쓴다,고소비가구계층 중 자녀가 없는 부부가구의 구성원보다 적게 쓴다,5.84675,True
zk_00738,191,train,high,5,고소비가구계층 중 자녀가 없는 부부가구의 구성원보다 많이 쓴다,없는 부부가구의 구성원보다 적게 쓴다,고소비가구계층 중 자녀가 없는 부부가구의 구성원보다 적게 쓴다,5.84675,True
zk_00739,191,train,low,2,스페인 북부의 비토리아 시에서 왕국회관이 두 개 있는 한 건물을 건축하는 동안 인근에 사는 마리안은 이렇게 말했습니다,이렇게 물었습니다,스페인 북부의 비토리아 시에서 왕국회관이 두 개 있는 한 건물을 건축하는 동안 인근에 사는 마리안은 이렇게 물었습니다,9.4786875,True
zk_00739,191,train,mid,3,스페인 북부의 비토리아 시에서 왕국회관이 두 개 있는 한 건물을 건축하는 동안 인근에 사는 마리안은 이렇게 말했습니다,마리안은 부인했습니다,스페인 북부의 비토리아 시에서 왕국회관이 두 개 있는 한 건물을 건축하는 동안 인근에 사는 마리안은 부인했습니다,9.4786875,False
zk_00739,191,train,high,5,스페인 북부의 비토리아 시에서 왕국회관이 두 개 있는 한 건물을 건축하는 동안 인근에 사는 마리안은 이렇게 말했습니다,먼 곳에 사는 톰이 부정했습니다,스페인 북부의 비토리아 시에서 왕국회관이 두 개 있는 한 건물을 건축하는 동안 먼 곳에 사는 톰이 부정했습니다,9.4786875,True
zk_00740,192,train,low,2,검찰은 여기서 그치지 않고 이 콘서트를 주최한 황선 씨 등 검찰의 표현에 따르면 이른바 종북 색채가 있는 사람들에 대해서도 수사를 확대하겠다고 밝혔습니다,축소하겠다고 밝혔습니다,검찰은 여기서 그치지 않고 이 콘서트를 주최한 황선 씨 등 검찰의 표현에 따르면 이른바 종북 색채가 있는 사람들에 대해서도 수사를 축소하겠다고 밝혔습니다,10.3439375,True
zk_00740,192,train,mid,3,검찰은 여기서 그치지 않고 이 콘서트를 주최한 황선 씨 등 검찰의 표현에 따르면 이른바 종북 색채가 있는 사람들에 대해서도 수사를 확대하겠다고 밝혔습니다,수사를 축소하겠다고 밝혔습니다,검찰은 여기서 그치지 않고 이 콘서트를 주최한 황선 씨 등 검찰의 표현에 따르면 이른바 종북 색채가 있는 사람들에 대해서도 수사를 축소하겠다고 밝혔습니다,10.3439375,True
zk_00740,192,train,high,5,검찰은 여기서 그치지 않고 이 콘서트를 주최한 황선 씨 등 검찰의 표현에 따르면 이른바 종북 색채가 있는 사람들에 대해서도 수사를 확대하겠다고 밝혔습니다,사람들에 대해서도 수사를 중단하겠다고 밝혔습니다,검찰은 여기서 그치지 않고 이 콘서트를 주최한 황선 씨 등 검찰의 표현에 따르면 이른바 종북 색채가 있는 사람들에 대해서도 수사를 중단하겠다고 밝혔습니다,10.3439375,True
zk_00741,192,train,low,2,나포된 중국어선 최근 중국 어선이 우리나라 해경의 고속함정을 들이받아 침몰시키는 사건이 발생했다,사건이 해결됐다,나포된 중국어선 최근 중국 어선이 우리나라 해경의 고속함정을 들이받아 침몰시키는 사건이 해결됐다,7.308375,True
zk_00741,192,train,mid,3,나포된 중국어선 최근 중국 어선이 우리나라 해경의 고속함정을 들이받아 침몰시키는 사건이 발생했다,부상시키는 사건이 발생했다,나포된 중국어선 최근 중국 어선이 우리나라 해경의 고속함정을 들이받아 부상시키는 사건이 발생했다,7.308375,True
zk_00741,192,train,high,5,나포된 중국어선 최근 중국 어선이 우리나라 해경의 고속함정을 들이받아 침몰시키는 사건이 발생했다,고속함정을 피해 안전하게 통과하였다,나포된 중국어선 최근 중국 어선이 우리나라 해경의 고속함정을 피해 안전하게 통과하였다,7.308375,False
zk_00742,192,train,low,2,국내 조선업계가 지난달 수주 실적에서 중국과 일본을 앞섰다,일본을 뒤졌다,국내 조선업계가 지난달 수주 실적에서 중국과 일본을 뒤졌다,5.1668125,True
zk_00742,192,train,mid,3,국내 조선업계가 지난달 수주 실적에서 중국과 일본을 앞섰다,중국과 일본에 뒤졌다,국내 조선업계가 지난달 수주 실적에서 중국과 일본에 뒤졌다,5.1668125,True
zk_00742,192,train,high,5,국내 조선업계가 지난달 수주 실적에서 중국과 일본을 앞섰다,수주 실적에서 중국과 일본에 밀렸다,국내 조선업계가 지난달 수주 실적에서 중국과 일본에 밀렸다,5.1668125,True
zk_00743,192,train,low,2,더 선은 이름이 밝혀지지 않은 이 노인이 이 년 전 피부암을 진단받은 뒤 자신의 양심과 씨름해왔다고 전했다,포기했다고 전했다,더 선은 이름이 밝혀지지 않은 이 노인이 이 년 전 피부암을 진단받은 뒤 자신의 양심과 포기했다고 전했다,8.0438125,True
zk_00743,192,train,mid,3,더 선은 이름이 밝혀지지 않은 이 노인이 이 년 전 피부암을 진단받은 뒤 자신의 양심과 씨름해왔다고 전했다,양심을 외면했다고 전했다,더 선은 이름이 밝혀지지 않은 이 노인이 이 년 전 피부암을 진단받은 뒤 자신의 양심을 외면했다고 전했다,8.0438125,True
zk_00743,192,train,high,5,더 선은 이름이 밝혀지지 않은 이 노인이 이 년 전 피부암을 진단받은 뒤 자신의 양심과 씨름해왔다고 전했다,뒤 자신의 양심을 외면했다고 전했다,더 선은 이름이 밝혀지지 않은 이 노인이 이 년 전 피부암을 진단받은 뒤 자신의 양심을 외면했다고 전했다,8.0438125,True
zk_00744,192,train,low,2,박준영 돈 안 되는 공익사건 남들 다 박수쳐주는 사건은 제가 하고 당신네들은 사무실 운영해야 되니까 돈 버는 사건 당신네들이 해라,당신네들이 말아,박준영 돈 안 되는 공익사건 남들 다 박수쳐주는 사건은 제가 하고 당신네들은 사무실 운영해야 되니까 돈 버는 사건 당신네들이 말아,8.995375,True
zk_00744,192,train,mid,3,박준영 돈 안 되는 공익사건 남들 다 박수쳐주는 사건은 제가 하고 당신네들은 사무실 운영해야 되니까 돈 버는 사건 당신네들이 해라,사건 우리가 말아,박준영 돈 안 되는 공익사건 남들 다 박수쳐주는 사건은 제가 하고 당신네들은 사무실 운영해야 되니까 돈 버는 사건 우리가 말아,8.995375,True
zk_00744,192,train,high,5,박준영 돈 안 되는 공익사건 남들 다 박수쳐주는 사건은 제가 하고 당신네들은 사무실 운영해야 되니까 돈 버는 사건 당신네들이 해라,돈 잃는 사건 우리가 감당한다,박준영 돈 안 되는 공익사건 남들 다 박수쳐주는 사건은 제가 하고 당신네들은 사무실 운영해야 되니까 돈 잃는 사건 우리가 감당한다,8.995375,True
zk_00745,192,train,low,2,또 대통령이 여성이라는 이유만으로 자꾸 이렇게 비하하는 표현이 일부 나왔거든요 집회 초기에,집회 말기에,또 대통령이 여성이라는 이유만으로 자꾸 이렇게 비하하는 표현이 일부 나왔거든요 집회 말기에,6.3224375,True
zk_00745,192,train,mid,3,또 대통령이 여성이라는 이유만으로 자꾸 이렇게 비하하는 표현이 일부 나왔거든요 집회 초기에,들어갔거든요 집회 말기에,또 대통령이 여성이라는 이유만으로 자꾸 이렇게 비하하는 표현이 일부 들어갔거든요 집회 말기에,6.3224375,True
zk_00745,192,train,high,5,또 대통령이 여성이라는 이유만으로 자꾸 이렇게 비하하는 표현이 일부 나왔거든요 집회 초기에,표현이 전혀 없었거든요 집회 말기에,또 대통령이 여성이라는 이유만으로 자꾸 이렇게 비하하는 표현이 전혀 없었거든요 집회 말기에,6.3224375,True
zk_00746,192,train,low,2,이후 감정이 격해진 박 위원장은 결국 황 의원에게 너 임마,넌 아니야,이후 감정이 격해진 박 위원장은 결국 황 의원에게 넌 아니야,4.995625,True
zk_00746,192,train,mid,3,이후 감정이 격해진 박 위원장은 결국 황 의원에게 너 임마,의원에게 절을 하겠소,이후 감정이 격해진 박 위원장은 결국 황 의원에게 절을 하겠소,4.995625,True
zk_00746,192,train,high,5,이후 감정이 격해진 박 위원장은 결국 황 의원에게 너 임마,결국 황 의원을 믿지 말았다,이후 감정이 격해진 박 위원장은 결국 황 의원을 믿지 말았다,4.995625,True
zk_00747,192,train,low,2,심지어 범행 뒤 무서워서 눈을 감고 있는 여성을 앞에 두고 지인과 느긋하게 통화까지 한 것으로 알려졌습니다,것으로 부정되었습니다,심지어 범행 뒤 무서워서 눈을 감고 있는 여성을 앞에 두고 지인과 느긋하게 통화까지 한 것으로 부정되었습니다,7.5939375,True
zk_00747,192,train,mid,3,심지어 범행 뒤 무서워서 눈을 감고 있는 여성을 앞에 두고 지인과 느긋하게 통화까지 한 것으로 알려졌습니다,하지 않았습니다,심지어 범행 뒤 무서워서 눈을 감고 있는 여성을 앞에 두고 지인과 느긋하게 통화까지 하지 않았습니다,7.5939375,False
zk_00747,192,train,high,5,심지어 범행 뒤 무서워서 눈을 감고 있는 여성을 앞에 두고 지인과 느긋하게 통화까지 한 것으로 알려졌습니다,급하게 통화를 피한 것으로 알려졌습니다,심지어 범행 뒤 무서워서 눈을 감고 있는 여성을 앞에 두고 지인과 급하게 통화를 피한 것으로 알려졌습니다,7.5939375,True
zk_00748,192,train,low,2,최소한 집은 자녀에게 물려줘야 한다는 생각도 생활고를 겪는 노인들이 주택 자산을 팔지 못하는 이유다,하는 이유다,최소한 집은 자녀에게 물려줘야 한다는 생각도 생활고를 겪는 노인들이 주택 자산을 팔지 하는 이유다,7.077125,True
zk_00748,192,train,mid,3,최소한 집은 자녀에게 물려줘야 한다는 생각도 생활고를 겪는 노인들이 주택 자산을 팔지 못하는 이유다,잘 팔리는 이유다,최소한 집은 자녀에게 물려줘야 한다는 생각도 생활고를 겪는 노인들이 주택 자산을 잘 팔리는 이유다,7.077125,True
zk_00748,192,train,high,5,최소한 집은 자녀에게 물려줘야 한다는 생각도 생활고를 겪는 노인들이 주택 자산을 팔지 못하는 이유다,주택 자산을 계속 보유하는 이유다,최소한 집은 자녀에게 물려줘야 한다는 생각도 생활고를 겪는 노인들이 주택 자산을 계속 보유하는 이유다,7.077125,True
zk_00749,192,train,low,2,집에서 인정받은 최 씨는 이제 나가서도 당당히 자신이 미혼모임을 밝힌다,미혼모임을 숨긴다,집에서 인정받은 최 씨는 이제 나가서도 당당히 자신이 미혼모임을 숨긴다,5.62,True
zk_00749,192,train,mid,3,집에서 인정받은 최 씨는 이제 나가서도 당당히 자신이 미혼모임을 밝힌다,자신이 기혼모임을 숨긴다,집에서 인정받은 최 씨는 이제 나가서도 당당히 자신이 기혼모임을 숨긴다,5.62,True
zk_00749,192,train,high,5,집에서 인정받은 최 씨는 이제 나가서도 당당히 자신이 미혼모임을 밝힌다,나가서도 부끄러워 자신이 미혼모임을 숨긴다,집에서 인정받은 최 씨는 이제 나가서도 부끄러워 자신이 미혼모임을 숨긴다,5.62,True
zk_00750,194,train,low,2,인류 역사 시초에 한 영적 피조물이 전능하신 하느님을 반역했습니다,하느님을 섬겼습니다,인류 역사 시초에 한 영적 피조물이 전능하신 하느님을 섬겼습니다,5.9430625,True
zk_00750,194,train,mid,3,인류 역사 시초에 한 영적 피조물이 전능하신 하느님을 반역했습니다,전능하신 하느님을 섬겼습니다,인류 역사 시초에 한 영적 피조물이 전능하신 하느님을 섬겼습니다,5.9430625,True
zk_00750,194,train,high,5,인류 역사 시초에 한 영적 피조물이 전능하신 하느님을 반역했습니다,영적 피조물이 전능하신 하느님을 경배했습니다,인류 역사 시초에 한 영적 피조물이 전능하신 하느님을 경배했습니다,5.9430625,True
zk_00751,194,train,low,2,급기야 재단 측은 당초 하루 삼백 명으로 제한한 사전 접수 인원을 지난 칠 일부터 천 삼백 명으로 천 명 더 늘렸다,더 줄였다,급기야 재단 측은 당초 하루 삼백 명으로 제한한 사전 접수 인원을 지난 칠 일부터 천 삼백 명으로 천 명 더 줄였다,9.808875,True
zk_00751,194,train,mid,3,급기야 재단 측은 당초 하루 삼백 명으로 제한한 사전 접수 인원을 지난 칠 일부터 천 삼백 명으로 천 명 더 늘렸다,명 더 줄였다,급기야 재단 측은 당초 하루 삼백 명으로 제한한 사전 접수 인원을 지난 칠 일부터 천 삼백 명으로 천 명 더 줄였다,9.808875,True
zk_00751,194,train,high,5,급기야 재단 측은 당초 하루 삼백 명으로 제한한 사전 접수 인원을 지난 칠 일부터 천 삼백 명으로 천 명 더 늘렸다,명으로 천 명 더 줄였다,급기야 재단 측은 당초 하루 삼백 명으로 제한한 사전 접수 인원을 지난 칠 일부터 천 삼백 명으로 천 명 더 줄였다,9.808875,True
zk_00752,194,train,low,2,지금 어딘가에서 냉정하게 열심히 쓰고 있다는 한강 작가의 그 다음 작품 그 작품도 기대하고 있겠습니다,우려하고 있겠습니다,지금 어딘가에서 냉정하게 열심히 쓰고 있다는 한강 작가의 그 다음 작품 그 작품도 우려하고 있겠습니다,8.63325,True
zk_00752,194,train,mid,3,지금 어딘가에서 냉정하게 열심히 쓰고 있다는 한강 작가의 그 다음 작품 그 작품도 기대하고 있겠습니다,작품도 기대하지 않겠습니다,지금 어딘가에서 냉정하게 열심히 쓰고 있다는 한강 작가의 그 다음 작품 그 작품도 기대하지 않겠습니다,8.63325,True
zk_00752,194,train,high,5,지금 어딘가에서 냉정하게 열심히 쓰고 있다는 한강 작가의 그 다음 작품 그 작품도 기대하고 있겠습니다,작품 그 작품은 기대하지 않겠습니다,지금 어딘가에서 냉정하게 열심히 쓰고 있다는 한강 작가의 그 다음 작품 그 작품은 기대하지 않겠습니다,8.63325,True
zk_00753,194,train,low,2,미리 준비한 거 자체가 문제는 아니잖아요 그렇죠 라고 동의를 구하듯 질문했습니다,대답하지 않았습니다,미리 준비한 거 자체가 문제는 아니잖아요 그렇죠 라고 동의를 대답하지 않았습니다,6.47225,True
zk_00753,194,train,mid,3,미리 준비한 거 자체가 문제는 아니잖아요 그렇죠 라고 동의를 구하듯 질문했습니다,강하게 지적했습니다,미리 준비한 거 자체가 문제는 아니잖아요 그렇죠 라고 강하게 지적했습니다,6.47225,False
zk_00753,194,train,high,5,미리 준비한 거 자체가 문제는 아니잖아요 그렇죠 라고 동의를 구하듯 질문했습니다,아니죠 라고 반박을 하듯 말했습니다,미리 준비한 거 자체가 문제는 아니잖아요 아니죠 라고 반박을 하듯 말했습니다,6.47225,True
zk_00754,194,train,low,2,그러니까 노무현 정부 이후에 이명박 정부 박근혜 정부 들어오면서 완전히 수시 위주로 대입제도가 바뀌었다 이렇게 말씀드리는 거고요,여쭤보는 거고요,그러니까 노무현 정부 이후에 이명박 정부 박근혜 정부 들어오면서 완전히 수시 위주로 대입제도가 바뀌었다 이렇게 여쭤보는 거고요,9.94125,True
zk_00754,194,train,mid,3,그러니까 노무현 정부 이후에 이명박 정부 박근혜 정부 들어오면서 완전히 수시 위주로 대입제도가 바뀌었다 이렇게 말씀드리는 거고요,그렇게 말씀드릴 수 없습니다,그러니까 노무현 정부 이후에 이명박 정부 박근혜 정부 들어오면서 완전히 수시 위주로 대입제도가 바뀌었다 그렇게 말씀드릴 수 없습니다,9.94125,False
zk_00754,194,train,high,5,그러니까 노무현 정부 이후에 이명박 정부 박근혜 정부 들어오면서 완전히 수시 위주로 대입제도가 바뀌었다 이렇게 말씀드리는 거고요,대입제도가 바뀌지 않았다고 드리는 거고요,그러니까 노무현 정부 이후에 이명박 정부 박근혜 정부 들어오면서 완전히 수시 위주로 대입제도가 바뀌지 않았다고 드리는 거고요,9.94125,True
zk_00755,194,train,low,2,은행 예금을 인출해 도피자금을 마련한 두 사람은 이전까지 쓰던 휴대전화를 비롯해 의료보험 신용카드 교통카드 등 자신들의 행적을 노출할 수 있는 어떤 수단도 쓰지 않았다,자주 썼다,은행 예금을 인출해 도피자금을 마련한 두 사람은 이전까지 쓰던 휴대전화를 비롯해 의료보험 신용카드 교통카드 등 자신들의 행적을 노출할 수 있는 어떤 수단도 자주 썼다,12.95175,True
zk_00755,194,train,mid,3,은행 예금을 인출해 도피자금을 마련한 두 사람은 이전까지 쓰던 휴대전화를 비롯해 의료보험 신용카드 교통카드 등 자신들의 행적을 노출할 수 있는 어떤 수단도 쓰지 않았다,수단을 적극 활용했다,은행 예금을 인출해 도피자금을 마련한 두 사람은 이전까지 쓰던 휴대전화를 비롯해 의료보험 신용카드 교통카드 등 자신들의 행적을 노출할 수 있는 어떤 수단을 적극 활용했다,12.95175,True
zk_00755,194,train,high,5,은행 예금을 인출해 도피자금을 마련한 두 사람은 이전까지 쓰던 휴대전화를 비롯해 의료보험 신용카드 교통카드 등 자신들의 행적을 노출할 수 있는 어떤 수단도 쓰지 않았다,있는 모든 수단을 다 썼다,은행 예금을 인출해 도피자금을 마련한 두 사람은 이전까지 쓰던 휴대전화를 비롯해 의료보험 신용카드 교통카드 등 자신들의 행적을 노출할 수 있는 모든 수단을 다 썼다,12.95175,True
zk_00756,194,train,low,2,미라 가운데 뛰어나게 훌륭한 것들 몇 개는 전시될 것이지만 나머지는 다시 묻히게 될 것이다,될 수 없다,미라 가운데 뛰어나게 훌륭한 것들 몇 개는 전시될 것이지만 나머지는 다시 묻히게 될 수 없다,6.8364375,False
zk_00756,194,train,mid,3,미라 가운데 뛰어나게 훌륭한 것들 몇 개는 전시될 것이지만 나머지는 다시 묻히게 될 것이다,드러나게 될 것이다,미라 가운데 뛰어나게 훌륭한 것들 몇 개는 전시될 것이지만 나머지는 다시 드러나게 될 것이다,6.8364375,True
zk_00756,194,train,high,5,미라 가운데 뛰어나게 훌륭한 것들 몇 개는 전시될 것이지만 나머지는 다시 묻히게 될 것이다,나머지는 계속 드러나게 될 것이다,미라 가운데 뛰어나게 훌륭한 것들 몇 개는 전시될 것이지만 나머지는 계속 드러나게 될 것이다,6.8364375,True
zk_00757,194,train,low,2,지시한 적도 없고 요구한 적도 없다며 선관위에서 낸 보도자료만 봤는데 거기엔 특정하게 이름이 명기돼 있지 않다,있다는 것이다,지시한 적도 없고 요구한 적도 없다며 선관위에서 낸 보도자료만 봤는데 거기엔 특정하게 이름이 명기돼 있다는 것이다,9.5543125,True
zk_00757,194,train,mid,3,지시한 적도 없고 요구한 적도 없다며 선관위에서 낸 보도자료만 봤는데 거기엔 특정하게 이름이 명기돼 있지 않다,명기돼 있다고 본다,지시한 적도 없고 요구한 적도 없다며 선관위에서 낸 보도자료만 봤는데 거기엔 특정하게 이름이 명기돼 있다고 본다,9.5543125,True
zk_00757,194,train,high,5,지시한 적도 없고 요구한 적도 없다며 선관위에서 낸 보도자료만 봤는데 거기엔 특정하게 이름이 명기돼 있지 않다,특정하게 이름이 명확하게 명기돼 있다,지시한 적도 없고 요구한 적도 없다며 선관위에서 낸 보도자료만 봤는데 거기엔 특정하게 이름이 명확하게 명기돼 있다,9.5543125,True
zk_00758,194,train,low,2,엘리자베스는 그보다 한술 더 떠서 스페인의 지배에서 벗어나려고 독립 투쟁을 하는 네덜란드인들을 지원해 주었습니다,반대해 주었습니다,엘리자베스는 그보다 한술 더 떠서 스페인의 지배에서 벗어나려고 독립 투쟁을 하는 네덜란드인들을 반대해 주었습니다,8.957375,True
zk_00758,194,train,mid,3,엘리자베스는 그보다 한술 더 떠서 스페인의 지배에서 벗어나려고 독립 투쟁을 하는 네덜란드인들을 지원해 주었습니다,네덜란드인들을 괴롭혔습니다,엘리자베스는 그보다 한술 더 떠서 스페인의 지배에서 벗어나려고 독립 투쟁을 하는 네덜란드인들을 괴롭혔습니다,8.957375,False
zk_00758,194,train,high,5,엘리자베스는 그보다 한술 더 떠서 스페인의 지배에서 벗어나려고 독립 투쟁을 하는 네덜란드인들을 지원해 주었습니다,투쟁을 하는 네덜란드인들을 탄압하였습니다,엘리자베스는 그보다 한술 더 떠서 스페인의 지배에서 벗어나려고 독립 투쟁을 하는 네덜란드인들을 탄압하였습니다,8.957375,False
zk_00759,194,train,low,2,세월호가 완전히 뒤집혀져 뱃머리만 남긴 채 물속으로 가라앉은 지 두 시간 삼십 분 만이었다,분도 많았다,세월호가 완전히 뒤집혀져 뱃머리만 남긴 채 물속으로 가라앉은 지 두 시간 삼십 분도 많았다,7.0703125,True
zk_00759,194,train,mid,3,세월호가 완전히 뒤집혀져 뱃머리만 남긴 채 물속으로 가라앉은 지 두 시간 삼십 분 만이었다,삼 시간이나 걸렸다,세월호가 완전히 뒤집혀져 뱃머리만 남긴 채 물속으로 가라앉은 지 두 시간 삼 시간이나 걸렸다,7.0703125,True
zk_00759,194,train,high,5,세월호가 완전히 뒤집혀져 뱃머리만 남긴 채 물속으로 가라앉은 지 두 시간 삼십 분 만이었다,겨우 삼십 분 정도였다,세월호가 완전히 뒤집혀져 뱃머리만 남긴 채 물속으로 가라앉은 지 겨우 삼십 분 정도였다,7.0703125,False
zk_00760,198,train,low,2,앞으로 계속 북진하면서 정오 무렵엔 동해상으로 올라와 오후 두 시를 전후해선 부산 남동쪽 백 쉰 킬로미터 부근 해상까지 북상하겠습니다,남쪽으로 내려가겠습니다,앞으로 계속 북진하면서 정오 무렵엔 동해상으로 올라와 오후 두 시를 전후해선 부산 남동쪽 백 쉰 킬로미터 부근 남쪽으로 내려가겠습니다,10.921,True
zk_00760,198,train,mid,3,앞으로 계속 북진하면서 정오 무렵엔 동해상으로 올라와 오후 두 시를 전후해선 부산 남동쪽 백 쉰 킬로미터 부근 해상까지 북상하겠습니다,부근 해상까지 남하하겠습니다,앞으로 계속 북진하면서 정오 무렵엔 동해상으로 올라와 오후 두 시를 전후해선 부산 남동쪽 백 쉰 킬로미터 부근 해상까지 남하하겠습니다,10.921,True
zk_00760,198,train,high,5,앞으로 계속 북진하면서 정오 무렵엔 동해상으로 올라와 오후 두 시를 전후해선 부산 남동쪽 백 쉰 킬로미터 부근 해상까지 북상하겠습니다,쉰 킬로미터 부근 해상까지 남하하겠습니다,앞으로 계속 북진하면서 정오 무렵엔 동해상으로 올라와 오후 두 시를 전후해선 부산 남동쪽 백 쉰 킬로미터 부근 해상까지 남하하겠습니다,10.921,True
zk_00761,198,train,low,2,김관진 국가안보실장은 이날 접촉을 마친 뒤 청와대에서 양측간 협의 결과를 설명할 예정으로 전해졌다,연기되었다고 전해졌다,김관진 국가안보실장은 이날 접촉을 마친 뒤 청와대에서 양측간 협의 결과를 설명할 연기되었다고 전해졌다,8.7778125,True
zk_00761,198,train,mid,3,김관진 국가안보실장은 이날 접촉을 마친 뒤 청와대에서 양측간 협의 결과를 설명할 예정으로 전해졌다,설명을 거부했다,김관진 국가안보실장은 이날 접촉을 마친 뒤 청와대에서 양측간 협의 결과를 설명을 거부했다,8.7778125,False
zk_00761,198,train,high,5,김관진 국가안보실장은 이날 접촉을 마친 뒤 청와대에서 양측간 협의 결과를 설명할 예정으로 전해졌다,협의 결과를 숨길 예정으로 전해졌다,김관진 국가안보실장은 이날 접촉을 마친 뒤 청와대에서 양측간 협의 결과를 숨길 예정으로 전해졌다,8.7778125,True
zk_00762,198,train,low,2,가족생활 가치관에서 중심축이 자녀에서 개인 부부로 옮겨가고 있는 것으로 풀이된다,것으로 본다,가족생활 가치관에서 중심축이 자녀에서 개인 부부로 옮겨가고 있는 것으로 본다,6.597,True
zk_00762,198,train,mid,3,가족생활 가치관에서 중심축이 자녀에서 개인 부부로 옮겨가고 있는 것으로 풀이된다,없는 것으로 판단된다,가족생활 가치관에서 중심축이 자녀에서 개인 부부로 옮겨가고 없는 것으로 판단된다,6.597,True
zk_00762,198,train,high,5,가족생활 가치관에서 중심축이 자녀에서 개인 부부로 옮겨가고 있는 것으로 풀이된다,부부로 옮겨가지 않는 것으로 풀이된다,가족생활 가치관에서 중심축이 자녀에서 개인 부부로 옮겨가지 않는 것으로 풀이된다,6.597,True
zk_00763,198,train,low,2,그러나 총리실측은 대통령 부재 상황을 감안해 안 가는 것으로 결론을 내린 것이라고 해명했다,것이라고 부인했다,그러나 총리실측은 대통령 부재 상황을 감안해 안 가는 것으로 결론을 내린 것이라고 부인했다,7.6925625,True
zk_00763,198,train,mid,3,그러나 총리실측은 대통령 부재 상황을 감안해 안 가는 것으로 결론을 내린 것이라고 해명했다,올린 것이라고 주장했다,그러나 총리실측은 대통령 부재 상황을 감안해 안 가는 것으로 결론을 올린 것이라고 주장했다,7.6925625,True
zk_00763,198,train,high,5,그러나 총리실측은 대통령 부재 상황을 감안해 안 가는 것으로 결론을 내린 것이라고 해명했다,것으로 결론을 내린 것을 부인했다,그러나 총리실측은 대통령 부재 상황을 감안해 안 가는 것으로 결론을 내린 것을 부인했다,7.6925625,True
zk_00764,198,train,low,2,메르스 대책본부 브리핑에 참석한 대한감염학회 김우주 이사장도 메르스는 전염률이 낮고 학교와 메르스가 무관하다며 휴교 조치에 반대한다는 의견을 밝혔다,의견을 거부했다,메르스 대책본부 브리핑에 참석한 대한감염학회 김우주 이사장도 메르스는 전염률이 낮고 학교와 메르스가 무관하다며 휴교 조치에 반대한다는 의견을 거부했다,12.623125,True
zk_00764,198,train,mid,3,메르스 대책본부 브리핑에 참석한 대한감염학회 김우주 이사장도 메르스는 전염률이 낮고 학교와 메르스가 무관하다며 휴교 조치에 반대한다는 의견을 밝혔다,찬성한다는 의견을 밝혔다,메르스 대책본부 브리핑에 참석한 대한감염학회 김우주 이사장도 메르스는 전염률이 낮고 학교와 메르스가 무관하다며 휴교 조치에 찬성한다는 의견을 밝혔다,12.623125,True
zk_00764,198,train,high,5,메르스 대책본부 브리핑에 참석한 대한감염학회 김우주 이사장도 메르스는 전염률이 낮고 학교와 메르스가 무관하다며 휴교 조치에 반대한다는 의견을 밝혔다,휴교 조치를 적극 지지한다고 밝혔다,메르스 대책본부 브리핑에 참석한 대한감염학회 김우주 이사장도 메르스는 전염률이 낮고 학교와 메르스가 무관하다며 휴교 조치를 적극 지지한다고 밝혔다,12.623125,True
zk_00765,198,train,low,2,이십 대 국회에서 야당이 다수를 차지한 만큼 야당과의 협력관계를 구축하지 않으면 사실상 국정 운영이 불가능하기 때문이다,가능하기 때문이다,이십 대 국회에서 야당이 다수를 차지한 만큼 야당과의 협력관계를 구축하지 않으면 사실상 국정 운영이 가능하기 때문이다,9.5200625,True
zk_00765,198,train,mid,3,이십 대 국회에서 야당이 다수를 차지한 만큼 야당과의 협력관계를 구축하지 않으면 사실상 국정 운영이 불가능하기 때문이다,운영이 가능하기 때문이다,이십 대 국회에서 야당이 다수를 차지한 만큼 야당과의 협력관계를 구축하지 않으면 사실상 국정 운영이 가능하기 때문이다,9.5200625,True
zk_00765,198,train,high,5,이십 대 국회에서 야당이 다수를 차지한 만큼 야당과의 협력관계를 구축하지 않으면 사실상 국정 운영이 불가능하기 때문이다,실제로 국정 운영이 매우 효율적이다,이십 대 국회에서 야당이 다수를 차지한 만큼 야당과의 협력관계를 구축하지 않으면 실제로 국정 운영이 매우 효율적이다,9.5200625,True
zk_00766,198,train,low,2,일단 아침에 출근을 하려고 보니까 바퀴 네 개랑 차 앞에 라이트 뒤에 후미등 그리고 내부까지 다 도난을 해 갔더라고요,못 갔더라고요,일단 아침에 출근을 하려고 보니까 바퀴 네 개랑 차 앞에 라이트 뒤에 후미등 그리고 내부까지 다 도난을 못 갔더라고요,8.5039375,True
zk_00766,198,train,mid,3,일단 아침에 출근을 하려고 보니까 바퀴 네 개랑 차 앞에 라이트 뒤에 후미등 그리고 내부까지 다 도난을 해 갔더라고요,반납을 해 줬더라고요,일단 아침에 출근을 하려고 보니까 바퀴 네 개랑 차 앞에 라이트 뒤에 후미등 그리고 내부까지 다 반납을 해 줬더라고요,8.5039375,True
zk_00766,198,train,high,5,일단 아침에 출근을 하려고 보니까 바퀴 네 개랑 차 앞에 라이트 뒤에 후미등 그리고 내부까지 다 도난을 해 갔더라고요,내부까지 다 보관이 되어 있더라고요,일단 아침에 출근을 하려고 보니까 바퀴 네 개랑 차 앞에 라이트 뒤에 후미등 그리고 내부까지 다 보관이 되어 있더라고요,8.5039375,True
zk_00767,198,train,low,2,이천 십 사 년 십 이 월에 분양된 시흥목감호반베르디움 팔십 사 쩜 육 칠 제곱미터는 이천 만 에서 사천 만원의 웃돈이 붙은 삼 억 사천 만원대에 거래됐다,억대에 올랐다,이천 십 사 년 십 이 월에 분양된 시흥목감호반베르디움 팔십 사 쩜 육 칠 제곱미터는 이천 만 에서 사천 만원의 웃돈이 붙은 삼 억 사천 억대에 올랐다,11.83925,True
zk_00767,198,train,mid,3,이천 십 사 년 십 이 월에 분양된 시흥목감호반베르디움 팔십 사 쩜 육 칠 제곱미터는 이천 만 에서 사천 만원의 웃돈이 붙은 삼 억 사천 만원대에 거래됐다,수억 원대에 거래됐다,이천 십 사 년 십 이 월에 분양된 시흥목감호반베르디움 팔십 사 쩜 육 칠 제곱미터는 이천 만 에서 사천 만원의 웃돈이 붙은 삼 억 수억 원대에 거래됐다,11.83925,True
zk_00767,198,train,high,5,이천 십 사 년 십 이 월에 분양된 시흥목감호반베르디움 팔십 사 쩜 육 칠 제곱미터는 이천 만 에서 사천 만원의 웃돈이 붙은 삼 억 사천 만원대에 거래됐다,십만원대에 거래되지 않았다,이천 십 사 년 십 이 월에 분양된 시흥목감호반베르디움 팔십 사 쩜 육 칠 제곱미터는 이천 만 에서 사천 만원의 웃돈이 붙은 십만원대에 거래되지 않았다,11.83925,False
zk_00768,198,train,low,2,지난해 벌금 몰수금 과태료 부과가 가장 많은 기관은 법무부로 전체 징수액의 절반가량인 일 조 오천 사백 칠십 이 억원을 차지했다,억원을 넘었다,지난해 벌금 몰수금 과태료 부과가 가장 많은 기관은 법무부로 전체 징수액의 절반가량인 일 조 오천 사백 칠십 이 억원을 넘었다,10.81075,True
zk_00768,198,train,mid,3,지난해 벌금 몰수금 과태료 부과가 가장 많은 기관은 법무부로 전체 징수액의 절반가량인 일 조 오천 사백 칠십 이 억원을 차지했다,이 억원을 넘었다,지난해 벌금 몰수금 과태료 부과가 가장 많은 기관은 법무부로 전체 징수액의 절반가량인 일 조 오천 사백 칠십 이 억원을 넘었다,10.81075,True
zk_00768,198,train,high,5,지난해 벌금 몰수금 과태료 부과가 가장 많은 기관은 법무부로 전체 징수액의 절반가량인 일 조 오천 사백 칠십 이 억원을 차지했다,사백 칠십 이 억원 미만이었다,지난해 벌금 몰수금 과태료 부과가 가장 많은 기관은 법무부로 전체 징수액의 절반가량인 일 조 오천 사백 칠십 이 억원 미만이었다,10.81075,True
zk_00769,198,train,low,2,노효동 특파원 미국 최대의 방산업체인 록히드마틴이 지난 이십 구 일 한 미 양국이 사드 문제를 논의 중이라고 했던 주장을 하루 만에 뒤집었다,만에 세웠다,노효동 특파원 미국 최대의 방산업체인 록히드마틴이 지난 이십 구 일 한 미 양국이 사드 문제를 논의 중이라고 했던 주장을 하루 만에 세웠다,10.0354375,True
zk_00769,198,train,mid,3,노효동 특파원 미국 최대의 방산업체인 록히드마틴이 지난 이십 구 일 한 미 양국이 사드 문제를 논의 중이라고 했던 주장을 하루 만에 뒤집었다,사흘 만에 세웠다,노효동 특파원 미국 최대의 방산업체인 록히드마틴이 지난 이십 구 일 한 미 양국이 사드 문제를 논의 중이라고 했던 주장을 사흘 만에 세웠다,10.0354375,True
zk_00769,198,train,high,5,노효동 특파원 미국 최대의 방산업체인 록히드마틴이 지난 이십 구 일 한 미 양국이 사드 문제를 논의 중이라고 했던 주장을 하루 만에 뒤집었다,했던 주장을 계속 유지했다,노효동 특파원 미국 최대의 방산업체인 록히드마틴이 지난 이십 구 일 한 미 양국이 사드 문제를 논의 중이라고 했던 주장을 계속 유지했다,10.0354375,False
zk_00770,199,train,low,2,이들 작품은 그의 인생을 바꿨고 오늘의 그를 있게 했다,못하게 했다,이들 작품은 그의 인생을 바꿨고 오늘의 그를 못하게 했다,5.95275,True
zk_00770,199,train,mid,3,이들 작품은 그의 인생을 바꿨고 오늘의 그를 있게 했다,그를 없게 했다,이들 작품은 그의 인생을 바꿨고 오늘의 그를 없게 했다,5.95275,True
zk_00770,199,train,high,5,이들 작품은 그의 인생을 바꿨고 오늘의 그를 있게 했다,바꿨고 오늘의 그를 잃게 했다,이들 작품은 그의 인생을 바꿨고 오늘의 그를 잃게 했다,5.95275,True
zk_00771,199,train,low,2,사람들이 정신과 마음을 짓누르고 경제적 부담이 되는 그러한 속박에서 벗어나는 것이 가능합니까,것이 불가능합니까,사람들이 정신과 마음을 짓누르고 경제적 부담이 되는 그러한 속박에서 벗어나는 것이 불가능합니까,8.09525,True
zk_00771,199,train,mid,3,사람들이 정신과 마음을 짓누르고 경제적 부담이 되는 그러한 속박에서 벗어나는 것이 가능합니까,빠져나올 수 없습니다,사람들이 정신과 마음을 짓누르고 경제적 부담이 되는 그러한 속박에서 빠져나올 수 없습니다,8.09525,True
zk_00771,199,train,high,5,사람들이 정신과 마음을 짓누르고 경제적 부담이 되는 그러한 속박에서 벗어나는 것이 가능합니까,그러한 속박에서 벗어날 수 없습니다,사람들이 정신과 마음을 짓누르고 경제적 부담이 되는 그러한 속박에서 벗어날 수 없습니다,8.09525,True
zk_00772,199,train,low,2,고대로부터 일본 사람들은 사쿠라 일본의 꽃피는 벚나무 의 아름다움을 찬미해 왔습니다,비난해 왔습니다,고대로부터 일본 사람들은 사쿠라 일본의 꽃피는 벚나무 의 아름다움을 비난해 왔습니다,7.6799375,True
zk_00772,199,train,mid,3,고대로부터 일본 사람들은 사쿠라 일본의 꽃피는 벚나무 의 아름다움을 찬미해 왔습니다,추악함을 비판해 왔습니다,고대로부터 일본 사람들은 사쿠라 일본의 꽃피는 벚나무 의 추악함을 비판해 왔습니다,7.6799375,True
zk_00772,199,train,high,5,고대로부터 일본 사람들은 사쿠라 일본의 꽃피는 벚나무 의 아름다움을 찬미해 왔습니다,벚나무의 추악함을 계속 비난해 왔습니다,고대로부터 일본 사람들은 사쿠라 일본의 꽃피는 벚나무의 추악함을 계속 비난해 왔습니다,7.6799375,True
zk_00773,199,train,low,2,청년의 젊음을 연료 삼아 불야성 서울의 밤은 하얗게 빛나고 있다,사라지고 있다,청년의 젊음을 연료 삼아 불야성 서울의 밤은 하얗게 사라지고 있다,6.9144375,True
zk_00773,199,train,mid,3,청년의 젊음을 연료 삼아 불야성 서울의 밤은 하얗게 빛나고 있다,검게 물들어가고 있다,청년의 젊음을 연료 삼아 불야성 서울의 밤은 검게 물들어가고 있다,6.9144375,True
zk_00773,199,train,high,5,청년의 젊음을 연료 삼아 불야성 서울의 밤은 하얗게 빛나고 있다,서울의 밤은 어둡게 물들어가고 있다,청년의 젊음을 연료 삼아 불야성 서울의 밤은 어둡게 물들어가고 있다,6.9144375,True
zk_00774,199,train,low,2,언론은 이십 오 일쯤 도발 가능성중국 해군의 최신형 이지스 구축함 시닝호의 실전훈련 모습,실전훈련 부재,언론은 이십 오 일쯤 도발 가능성중국 해군의 최신형 이지스 구축함 시닝호의 실전훈련 부재,9.0286875,True
zk_00774,199,train,mid,3,언론은 이십 오 일쯤 도발 가능성중국 해군의 최신형 이지스 구축함 시닝호의 실전훈련 모습,시닝호의 휴식시간 모습,언론은 이십 오 일쯤 도발 가능성중국 해군의 최신형 이지스 구축함 시닝호의 휴식시간 모습,9.0286875,True
zk_00774,199,train,high,5,언론은 이십 오 일쯤 도발 가능성중국 해군의 최신형 이지스 구축함 시닝호의 실전훈련 모습,이지스 구축함 시닝호의 퇴역식 모습,언론은 이십 오 일쯤 도발 가능성중국 해군의 최신형 이지스 구축함 시닝호의 퇴역식 모습,9.0286875,True
zk_00775,199,train,low,2,이 성서 기록은 사람에게 유익한 꿀의 특성 한 가지를 예시합니다,가지를 생략합니다,이 성서 기록은 사람에게 유익한 꿀의 특성 한 가지를 생략합니다,6.3110625,True
zk_00775,199,train,mid,3,이 성서 기록은 사람에게 유익한 꿀의 특성 한 가지를 예시합니다,여러 가지를 생략합니다,이 성서 기록은 사람에게 유익한 꿀의 특성 여러 가지를 생략합니다,6.3110625,True
zk_00775,199,train,high,5,이 성서 기록은 사람에게 유익한 꿀의 특성 한 가지를 예시합니다,꿀의 특성 모두를 부정하겠습니다,이 성서 기록은 사람에게 유익한 꿀의 특성 모두를 부정하겠습니다,6.3110625,False
zk_00776,199,train,low,2,그런데 십 팔 세기에 형성된 철학이 이백 여 년이 지난 후에야 인기를 얻게 된 이유는 무엇입니까,이유는 중요합니다,그런데 십 팔 세기에 형성된 철학이 이백 여 년이 지난 후에야 인기를 얻게 된 이유는 중요합니다,8.3255625,True
zk_00776,199,train,mid,3,그런데 십 팔 세기에 형성된 철학이 이백 여 년이 지난 후에야 인기를 얻게 된 이유는 무엇입니까,안 된 이유는,그런데 십 팔 세기에 형성된 철학이 이백 여 년이 지난 후에야 인기를 얻게 안 된 이유는,8.3255625,True
zk_00776,199,train,high,5,그런데 십 팔 세기에 형성된 철학이 이백 여 년이 지난 후에야 인기를 얻게 된 이유는 무엇입니까,인기를 잃게 된 이유는 무엇입니까,그런데 십 팔 세기에 형성된 철학이 이백 여 년이 지난 후에야 인기를 잃게 된 이유는 무엇입니까,8.3255625,True
zk_00777,199,train,low,2,분명히 여호와께서는 언어 학대나 신체적 학대를 좋게 보지 않으십니다,보고 계십니다,분명히 여호와께서는 언어 학대나 신체적 학대를 좋게 보고 계십니다,6.9068125,True
zk_00777,199,train,mid,3,분명히 여호와께서는 언어 학대나 신체적 학대를 좋게 보지 않으십니다,나쁘게 보십니다,분명히 여호와께서는 언어 학대나 신체적 학대를 나쁘게 보십니다,6.9068125,False
zk_00777,199,train,high,5,분명히 여호와께서는 언어 학대나 신체적 학대를 좋게 보지 않으십니다,신체적 학대를 매우 좋게 보십니다,분명히 여호와께서는 언어 학대나 신체적 학대를 매우 좋게 보십니다,6.9068125,True
zk_00778,199,train,low,2,결혼 생활이 악화되기 시작하더니 그가 마침내 사이버섹스 상대 중 한 사람을 현실 세계에서 만날 계획을 하면서 그의 아내가 눈치를 채게 되었습니다,못하게 되었습니다,결혼 생활이 악화되기 시작하더니 그가 마침내 사이버섹스 상대 중 한 사람을 현실 세계에서 만날 계획을 하면서 그의 아내가 눈치를 못하게 되었습니다,11.4665,True
zk_00778,199,train,mid,3,결혼 생활이 악화되기 시작하더니 그가 마침내 사이버섹스 상대 중 한 사람을 현실 세계에서 만날 계획을 하면서 그의 아내가 눈치를 채게 되었습니다,눈치를 채지 못했습니다,결혼 생활이 악화되기 시작하더니 그가 마침내 사이버섹스 상대 중 한 사람을 현실 세계에서 만날 계획을 하면서 그의 아내가 눈치를 채지 못했습니다,11.4665,True
zk_00778,199,train,high,5,결혼 생활이 악화되기 시작하더니 그가 마침내 사이버섹스 상대 중 한 사람을 현실 세계에서 만날 계획을 하면서 그의 아내가 눈치를 채게 되었습니다,그의 아내가 눈치를 채지 못했습니다,결혼 생활이 악화되기 시작하더니 그가 마침내 사이버섹스 상대 중 한 사람을 현실 세계에서 만날 계획을 하면서 그의 아내가 눈치를 채지 못했습니다,11.4665,True
zk_00779,199,train,low,2,특히 가장 만만하게 뛰어드는 식당 치킨집 편의점 숙박업 등 생계형 자영업종은 시장상황에 민감해 폐업에 가장 취약하다,가장 강하다,특히 가장 만만하게 뛰어드는 식당 치킨집 편의점 숙박업 등 생계형 자영업종은 시장상황에 민감해 폐업에 가장 강하다,11.383875,True
zk_00779,199,train,mid,3,특히 가장 만만하게 뛰어드는 식당 치킨집 편의점 숙박업 등 생계형 자영업종은 시장상황에 민감해 폐업에 가장 취약하다,성공할 가능성이 높다,특히 가장 만만하게 뛰어드는 식당 치킨집 편의점 숙박업 등 생계형 자영업종은 시장상황에 민감해 성공할 가능성이 높다,11.383875,True
zk_00779,199,train,high,5,특히 가장 만만하게 뛰어드는 식당 치킨집 편의점 숙박업 등 생계형 자영업종은 시장상황에 민감해 폐업에 가장 취약하다,시장상황에 강해 폐업 위험이 낮다,특히 가장 만만하게 뛰어드는 식당 치킨집 편의점 숙박업 등 생계형 자영업종은 시장상황에 강해 폐업 위험이 낮다,11.383875,True
zk_00780,200,train,low,2,사진과 실제 급식이 일치하는지를 학교운영위원회가 일일이 확인해야 하는데 현실적으로 불가능하기 때문입니다,가능하기 때문입니다,사진과 실제 급식이 일치하는지를 학교운영위원회가 일일이 확인해야 하는데 현실적으로 가능하기 때문입니다,7.6100625,True
zk_00780,200,train,mid,3,사진과 실제 급식이 일치하는지를 학교운영위원회가 일일이 확인해야 하는데 현실적으로 불가능하기 때문입니다,현실적으로 매우 가능합니다,사진과 실제 급식이 일치하는지를 학교운영위원회가 일일이 확인해야 하는데 현실적으로 매우 가능합니다,7.6100625,True
zk_00780,200,train,high,5,사진과 실제 급식이 일치하는지를 학교운영위원회가 일일이 확인해야 하는데 현실적으로 불가능하기 때문입니다,확인할 수 있어서 매우 가능합니다,사진과 실제 급식이 일치하는지를 학교운영위원회가 일일이 확인할 수 있어서 매우 가능합니다,7.6100625,True
zk_00781,200,train,low,2,이로써 그는 살아생전 전 재산을 기부하겠다는 약속을 지켰다,약속을 어겼다,이로써 그는 살아생전 전 재산을 기부하겠다는 약속을 어겼다,5.531,True
zk_00781,200,train,mid,3,이로써 그는 살아생전 전 재산을 기부하겠다는 약속을 지켰다,기부하겠다는 약속을 어겼다,이로써 그는 살아생전 전 재산을 기부하겠다는 약속을 어겼다,5.531,True
zk_00781,200,train,high,5,이로써 그는 살아생전 전 재산을 기부하겠다는 약속을 지켰다,전 재산을 기부하겠다는 약속을 어겼다,이로써 그는 살아생전 전 재산을 기부하겠다는 약속을 어겼다,5.531,True
zk_00782,200,train,low,2,화가 임옥상씨가 십 팔 일 서울 광화문광장에서 열린 문화예술계 블랙리스트 진상규명 및 책임자 처벌과 예술검열을 반대하는 문화예술인들의 예술행동에 참여하고 있다,거부하고 있다,화가 임옥상씨가 십 팔 일 서울 광화문광장에서 열린 문화예술계 블랙리스트 진상규명 및 책임자 처벌과 예술검열을 반대하는 문화예술인들의 예술행동에 거부하고 있다,10.5374375,True
zk_00782,200,train,mid,3,화가 임옥상씨가 십 팔 일 서울 광화문광장에서 열린 문화예술계 블랙리스트 진상규명 및 책임자 처벌과 예술검열을 반대하는 문화예술인들의 예술행동에 참여하고 있다,예술행동을 거부하고 있다,화가 임옥상씨가 십 팔 일 서울 광화문광장에서 열린 문화예술계 블랙리스트 진상규명 및 책임자 처벌과 예술검열을 반대하는 문화예술인들의 예술행동을 거부하고 있다,10.5374375,True
zk_00782,200,train,high,5,화가 임옥상씨가 십 팔 일 서울 광화문광장에서 열린 문화예술계 블랙리스트 진상규명 및 책임자 처벌과 예술검열을 반대하는 문화예술인들의 예술행동에 참여하고 있다,찬성하는 문화예술인들의 예술행동에 반대하고 있다,화가 임옥상씨가 십 팔 일 서울 광화문광장에서 열린 문화예술계 블랙리스트 진상규명 및 책임자 처벌과 예술검열을 찬성하는 문화예술인들의 예술행동에 반대하고 있다,10.5374375,True
zk_00783,200,train,low,2,특히 독자적인 잠수함 설계 및 건조 능력 확보가 필요하다는 판단아래 장보고 사업이 시작됐다,사업이 중단됐다,특히 독자적인 잠수함 설계 및 건조 능력 확보가 필요하다는 판단아래 장보고 사업이 중단됐다,6.7256875,True
zk_00783,200,train,mid,3,특히 독자적인 잠수함 설계 및 건조 능력 확보가 필요하다는 판단아래 장보고 사업이 시작됐다,장보고 사업이 중단됐다,특히 독자적인 잠수함 설계 및 건조 능력 확보가 필요하다는 판단아래 장보고 사업이 중단됐다,6.7256875,True
zk_00783,200,train,high,5,특히 독자적인 잠수함 설계 및 건조 능력 확보가 필요하다는 판단아래 장보고 사업이 시작됐다,필요없다는 판단아래 장보고 사업이 중단됐다,특히 독자적인 잠수함 설계 및 건조 능력 확보가 필요없다는 판단아래 장보고 사업이 중단됐다,6.7256875,True
zk_00784,200,train,low,2,비교적 짧은 생애 동안 아그리콜라가 핀란드어로 남긴 출판물은 열 권 정도에 지나지 않는데 대략 총 이천 사백 쪽에 달합니다,못 미칩니다,비교적 짧은 생애 동안 아그리콜라가 핀란드어로 남긴 출판물은 열 권 정도에 지나지 않는데 대략 총 이천 사백 못 미칩니다,8.40775,True
zk_00784,200,train,mid,3,비교적 짧은 생애 동안 아그리콜라가 핀란드어로 남긴 출판물은 열 권 정도에 지나지 않는데 대략 총 이천 사백 쪽에 달합니다,십 쪽에 불과합니다,비교적 짧은 생애 동안 아그리콜라가 핀란드어로 남긴 출판물은 열 권 정도에 지나지 않는데 대략 총 이천 십 쪽에 불과합니다,8.40775,True
zk_00784,200,train,high,5,비교적 짧은 생애 동안 아그리콜라가 핀란드어로 남긴 출판물은 열 권 정도에 지나지 않는데 대략 총 이천 사백 쪽에 달합니다,총 오백 쪽 정도에 불과합니다,비교적 짧은 생애 동안 아그리콜라가 핀란드어로 남긴 출판물은 열 권 정도에 지나지 않는데 대략 총 오백 쪽 정도에 불과합니다,8.40775,True
zk_00785,200,train,low,2,그런데 현대축구가 포백 위주로 가면서 저도 맞춰야 했고 그럼 제약이 많이 따르죠,안 따르죠,그런데 현대축구가 포백 위주로 가면서 저도 맞춰야 했고 그럼 제약이 안 따르죠,6.014,True
zk_00785,200,train,mid,3,그런데 현대축구가 포백 위주로 가면서 저도 맞춰야 했고 그럼 제약이 많이 따르죠,자유로울 수 있죠,그런데 현대축구가 포백 위주로 가면서 저도 맞춰야 했고 그럼 자유로울 수 있죠,6.014,True
zk_00785,200,train,high,5,그런데 현대축구가 포백 위주로 가면서 저도 맞춰야 했고 그럼 제약이 많이 따르죠,했고 그럼 자유로워지는 것이죠,그런데 현대축구가 포백 위주로 가면서 저도 맞춰야 했고 그럼 자유로워지는 것이죠,6.014,False
zk_00786,200,train,low,2,최선을 다해서 열심히 해보는 경험은 인생의 기본 자세이자 자산이다,약점이자 부담이다,최선을 다해서 열심히 해보는 경험은 인생의 기본 약점이자 부담이다,5.0113125,True
zk_00786,200,train,mid,3,최선을 다해서 열심히 해보는 경험은 인생의 기본 자세이자 자산이다,피해야 할 태도다,최선을 다해서 열심히 해보는 경험은 인생의 피해야 할 태도다,5.0113125,True
zk_00786,200,train,high,5,최선을 다해서 열심히 해보는 경험은 인생의 기본 자세이자 자산이다,경험은 인생의 큰 장애물일 뿐이다,최선을 다해서 열심히 해보는 경험은 인생의 큰 장애물일 뿐이다,5.0113125,True
zk_00787,200,train,low,2,하지만 여전히 많은 사람은 이십 일 세기의 복잡한 생활에서 벗어나 편안한 기차를 타고 토론토에서 밴쿠버까지 펼쳐진 아름다운 경치를 감상하는 것을 좋아합니다,것을 싫어합니다,하지만 여전히 많은 사람은 이십 일 세기의 복잡한 생활에서 벗어나 편안한 기차를 타고 토론토에서 밴쿠버까지 펼쳐진 아름다운 경치를 감상하는 것을 싫어합니다,10.0295,True
zk_00787,200,train,mid,3,하지만 여전히 많은 사람은 이십 일 세기의 복잡한 생활에서 벗어나 편안한 기차를 타고 토론토에서 밴쿠버까지 펼쳐진 아름다운 경치를 감상하는 것을 좋아합니다,비판하는 것을 싫어합니다,하지만 여전히 많은 사람은 이십 일 세기의 복잡한 생활에서 벗어나 편안한 기차를 타고 토론토에서 밴쿠버까지 펼쳐진 아름다운 경치를 비판하는 것을 싫어합니다,10.0295,True
zk_00787,200,train,high,5,하지만 여전히 많은 사람은 이십 일 세기의 복잡한 생활에서 벗어나 편안한 기차를 타고 토론토에서 밴쿠버까지 펼쳐진 아름다운 경치를 감상하는 것을 좋아합니다,못생긴 경치를 피하려고 합니다,하지만 여전히 많은 사람은 이십 일 세기의 복잡한 생활에서 벗어나 편안한 기차를 타고 토론토에서 밴쿠버까지 펼쳐진 못생긴 경치를 피하려고 합니다,10.0295,False
zk_00788,200,train,low,2,개발사 벌키트리와 퍼블리셔 네시삼십삼분은 지난 육 일 공식 사과문을 공지했다,사과문을 거부했다,개발사 벌키트리와 퍼블리셔 네시삼십삼분은 지난 육 일 공식 사과문을 거부했다,6.809625,True
zk_00788,200,train,mid,3,개발사 벌키트리와 퍼블리셔 네시삼십삼분은 지난 육 일 공식 사과문을 공지했다,공식 사과문을 거부했다,개발사 벌키트리와 퍼블리셔 네시삼십삼분은 지난 육 일 공식 사과문을 거부했다,6.809625,True
zk_00788,200,train,high,5,개발사 벌키트리와 퍼블리셔 네시삼십삼분은 지난 육 일 공식 사과문을 공지했다,육 일 공식 사과문을 철회했다,개발사 벌키트리와 퍼블리셔 네시삼십삼분은 지난 육 일 공식 사과문을 철회했다,6.809625,True
zk_00789,200,train,low,2,이십 대 국회에서 야당이 다수를 차지한 만큼 야당과의 협력관계를 구축하지 않으면 사실상 국정 운영이 불가능하기 때문이다,가능하기 때문이다,이십 대 국회에서 야당이 다수를 차지한 만큼 야당과의 협력관계를 구축하지 않으면 사실상 국정 운영이 가능하기 때문이다,7.80925,True
zk_00789,200,train,mid,3,이십 대 국회에서 야당이 다수를 차지한 만큼 야당과의 협력관계를 구축하지 않으면 사실상 국정 운영이 불가능하기 때문이다,운영이 가능하기 때문이다,이십 대 국회에서 야당이 다수를 차지한 만큼 야당과의 협력관계를 구축하지 않으면 사실상 국정 운영이 가능하기 때문이다,7.80925,True
zk_00789,200,train,high,5,이십 대 국회에서 야당이 다수를 차지한 만큼 야당과의 협력관계를 구축하지 않으면 사실상 국정 운영이 불가능하기 때문이다,실제로 국정 운영이 가능하기 때문이다,이십 대 국회에서 야당이 다수를 차지한 만큼 야당과의 협력관계를 구축하지 않으면 실제로 국정 운영이 가능하기 때문이다,7.80925,True
zk_00790,201,train,low,2,그래서 이제 남은 과제 선체 수습 과정에서 미수습자 수습 사고원인 확인,사고원인 은폐,그래서 이제 남은 과제 선체 수습 과정에서 미수습자 수습 사고원인 은폐,7.254875,True
zk_00790,201,train,mid,3,그래서 이제 남은 과제 선체 수습 과정에서 미수습자 수습 사고원인 확인,원인 규명 불가,그래서 이제 남은 과제 선체 수습 과정에서 미수습자 원인 규명 불가,7.254875,True
zk_00790,201,train,high,5,그래서 이제 남은 과제 선체 수습 과정에서 미수습자 수습 사고원인 확인,과정에서 숙련자 지도 사고예방 실시,그래서 이제 남은 과제 선체 수습 과정에서 숙련자 지도 사고예방 실시,7.254875,True
zk_00791,201,train,low,2,특히 선거를 앞둔 정치인들의 경우 자녀가 특혜시비에 휘말리면 사실여부를 떠나 정치적 논란으로 확대되기 때문이다,축소되기 때문이다,특히 선거를 앞둔 정치인들의 경우 자녀가 특혜시비에 휘말리면 사실여부를 떠나 정치적 논란으로 축소되기 때문이다,10.3260625,True
zk_00791,201,train,mid,3,특히 선거를 앞둔 정치인들의 경우 자녀가 특혜시비에 휘말리면 사실여부를 떠나 정치적 논란으로 확대되기 때문이다,합의에 도달하기 때문이다,특히 선거를 앞둔 정치인들의 경우 자녀가 특혜시비에 휘말리면 사실여부를 떠나 정치적 합의에 도달하기 때문이다,10.3260625,True
zk_00791,201,train,high,5,특히 선거를 앞둔 정치인들의 경우 자녀가 특혜시비에 휘말리면 사실여부를 떠나 정치적 논란으로 확대되기 때문이다,떠나 정치적 합의로 수렴되기 때문이다,특히 선거를 앞둔 정치인들의 경우 자녀가 특혜시비에 휘말리면 사실여부를 떠나 정치적 합의로 수렴되기 때문이다,10.3260625,True
zk_00792,201,train,low,2,그래서 추가로 부모 욕을 견딜 수 없어서 최 씨가 잠들 때를 기다렸다 살해했다고 진술을 했습니다,거짓말 했습니다,그래서 추가로 부모 욕을 견딜 수 없어서 최 씨가 잠들 때를 기다렸다 살해했다고 거짓말 했습니다,8.34925,True
zk_00792,201,train,mid,3,그래서 추가로 부모 욕을 견딜 수 없어서 최 씨가 잠들 때를 기다렸다 살해했다고 진술을 했습니다,무고했다고 진술을 했습니다,그래서 추가로 부모 욕을 견딜 수 없어서 최 씨가 잠들 때를 기다렸다 무고했다고 진술을 했습니다,8.34925,True
zk_00792,201,train,high,5,그래서 추가로 부모 욕을 견딜 수 없어서 최 씨가 잠들 때를 기다렸다 살해했다고 진술을 했습니다,때를 놓쳤다 용서했다고 진술을 했습니다,그래서 추가로 부모 욕을 견딜 수 없어서 최 씨가 잠들 때를 놓쳤다 용서했다고 진술을 했습니다,8.34925,True
zk_00793,201,train,low,2,시간이 흐를수록 피고인 박씨에게 불리한 재판부의 판결이 이어지자 법정 안에 방청객으로 앉아 있던 피고인 박씨의 가족들 사이에서 불만의 소리가 터져 나왔다,터져 들어갔다,시간이 흐를수록 피고인 박씨에게 불리한 재판부의 판결이 이어지자 법정 안에 방청객으로 앉아 있던 피고인 박씨의 가족들 사이에서 불만의 소리가 터져 들어갔다,13.320875,True
zk_00793,201,train,mid,3,시간이 흐를수록 피고인 박씨에게 불리한 재판부의 판결이 이어지자 법정 안에 방청객으로 앉아 있던 피고인 박씨의 가족들 사이에서 불만의 소리가 터져 나왔다,소리가 멈춰 버렸다,시간이 흐를수록 피고인 박씨에게 불리한 재판부의 판결이 이어지자 법정 안에 방청객으로 앉아 있던 피고인 박씨의 가족들 사이에서 불만의 소리가 멈춰 버렸다,13.320875,True
zk_00793,201,train,high,5,시간이 흐를수록 피고인 박씨에게 불리한 재판부의 판결이 이어지자 법정 안에 방청객으로 앉아 있던 피고인 박씨의 가족들 사이에서 불만의 소리가 터져 나왔다,사이에서 찬성의 목소리가 터져 나왔다,시간이 흐를수록 피고인 박씨에게 불리한 재판부의 판결이 이어지자 법정 안에 방청객으로 앉아 있던 피고인 박씨의 가족들 사이에서 찬성의 목소리가 터져 나왔다,13.320875,True
zk_00794,201,train,low,2,기자 계곡에 쌓인 눈이 얼어붙으면서 만들어진 거대한 얼음 동굴입니다,모래 사막입니다,기자 계곡에 쌓인 눈이 얼어붙으면서 만들어진 거대한 모래 사막입니다,6.474,True
zk_00794,201,train,mid,3,기자 계곡에 쌓인 눈이 얼어붙으면서 만들어진 거대한 얼음 동굴입니다,좁은 암석 계곡입니다,기자 계곡에 쌓인 눈이 얼어붙으면서 만들어진 좁은 암석 계곡입니다,6.474,True
zk_00794,201,train,high,5,기자 계곡에 쌓인 눈이 얼어붙으면서 만들어진 거대한 얼음 동굴입니다,녹으면서 사라진 아주 작은 물웅덩이입니다,기자 계곡에 쌓인 눈이 녹으면서 사라진 아주 작은 물웅덩이입니다,6.474,True
zk_00795,201,train,low,2,멋진 동물들 중 하나 어쩌면 위풍당당한 사자나 거대한 시베리아호랑이를 안거나 쓰다듬어 보기를 바란 적이 있습니까,있을 예정입니까,멋진 동물들 중 하나 어쩌면 위풍당당한 사자나 거대한 시베리아호랑이를 안거나 쓰다듬어 보기를 바란 있을 예정입니까,10.1988125,True
zk_00795,201,train,mid,3,멋진 동물들 중 하나 어쩌면 위풍당당한 사자나 거대한 시베리아호랑이를 안거나 쓰다듬어 보기를 바란 적이 있습니까,바란 적이 없습니까,멋진 동물들 중 하나 어쩌면 위풍당당한 사자나 거대한 시베리아호랑이를 안거나 쓰다듬어 보기를 바란 적이 없습니까,10.1988125,True
zk_00795,201,train,high,5,멋진 동물들 중 하나 어쩌면 위풍당당한 사자나 거대한 시베리아호랑이를 안거나 쓰다듬어 보기를 바란 적이 있습니까,피해보기를 원하신 적이 있습니까,멋진 동물들 중 하나 어쩌면 위풍당당한 사자나 거대한 시베리아호랑이를 안거나 피해보기를 원하신 적이 있습니까,10.1988125,False
zk_00796,201,train,low,2,설사 자기가 돈을 줬더라도 뇌물공여죄로 처벌받을 수 있는데 그것을 진술하겠나,그것을 부인하겠나,설사 자기가 돈을 줬더라도 뇌물공여죄로 처벌받을 수 있는데 그것을 부인하겠나,7.6421875,True
zk_00796,201,train,mid,3,설사 자기가 돈을 줬더라도 뇌물공여죄로 처벌받을 수 있는데 그것을 진술하겠나,있는데 그것을 숨기겠나,설사 자기가 돈을 줬더라도 뇌물공여죄로 처벌받을 수 있는데 그것을 숨기겠나,7.6421875,True
zk_00796,201,train,high,5,설사 자기가 돈을 줬더라도 뇌물공여죄로 처벌받을 수 있는데 그것을 진술하겠나,처벌받을 수 있는데 그것을 부인하겠나,설사 자기가 돈을 줬더라도 뇌물공여죄로 처벌받을 수 있는데 그것을 부인하겠나,7.6421875,True
zk_00797,201,train,low,2,꽃이 다양한 방법으로 곤충들에게 그 점을 알려 줍니다,숨겨 줍니다,꽃이 다양한 방법으로 곤충들에게 그 점을 숨겨 줍니다,5.2524375,True
zk_00797,201,train,mid,3,꽃이 다양한 방법으로 곤충들에게 그 점을 알려 줍니다,점을 감춰 버립니다,꽃이 다양한 방법으로 곤충들에게 그 점을 감춰 버립니다,5.2524375,True
zk_00797,201,train,high,5,꽃이 다양한 방법으로 곤충들에게 그 점을 알려 줍니다,곤충들에게 그 점을 숨긴다,꽃이 다양한 방법으로 곤충들에게 그 점을 숨긴다,5.2524375,False
zk_00798,201,train,low,2,박 대통령의 입장 표명과 사과를 요구하는 정치권의 요구에 곧장 맞서서 대응하기도 힘든 상황이었다,좋은 상황이었다,박 대통령의 입장 표명과 사과를 요구하는 정치권의 요구에 곧장 맞서서 대응하기도 좋은 상황이었다,8.8195625,True
zk_00798,201,train,mid,3,박 대통령의 입장 표명과 사과를 요구하는 정치권의 요구에 곧장 맞서서 대응하기도 힘든 상황이었다,대응하기도 쉬운 상황이었다,박 대통령의 입장 표명과 사과를 요구하는 정치권의 요구에 곧장 맞서서 대응하기도 쉬운 상황이었다,8.8195625,True
zk_00798,201,train,high,5,박 대통령의 입장 표명과 사과를 요구하는 정치권의 요구에 곧장 맞서서 대응하기도 힘든 상황이었다,곧장 맞서서 대응할 수 있었다,박 대통령의 입장 표명과 사과를 요구하는 정치권의 요구에 곧장 맞서서 대응할 수 있었다,8.8195625,True
zk_00799,201,train,low,2,세월호가 완전히 뒤집혀져 뱃머리만 남긴 채 물속으로 가라앉은 지 두 시간 삼십 분 만이었다,분 많았다,세월호가 완전히 뒤집혀져 뱃머리만 남긴 채 물속으로 가라앉은 지 두 시간 삼십 분 많았다,8.7478125,True
zk_00799,201,train,mid,3,세월호가 완전히 뒤집혀져 뱃머리만 남긴 채 물속으로 가라앉은 지 두 시간 삼십 분 만이었다,삼 시간 걸렸다,세월호가 완전히 뒤집혀져 뱃머리만 남긴 채 물속으로 가라앉은 지 두 시간 삼 시간 걸렸다,8.7478125,True
zk_00799,201,train,high,5,세월호가 완전히 뒤집혀져 뱃머리만 남긴 채 물속으로 가라앉은 지 두 시간 삼십 분 만이었다,두 시간 삼십 분이 넘었다,세월호가 완전히 뒤집혀져 뱃머리만 남긴 채 물속으로 가라앉은 지 두 시간 삼십 분이 넘었다,8.7478125,True
zk_00800,202,train,low,2,전용 공항 시설로 자가용 비행기 업계 비상할까현재 국내 자가용 비행기 업계는 아직 날개를 펴지 못하고 있다,하고 있다,전용 공항 시설로 자가용 비행기 업계 비상할까현재 국내 자가용 비행기 업계는 아직 날개를 펴지 하고 있다,10.26875,True
zk_00800,202,train,mid,3,전용 공항 시설로 자가용 비행기 업계 비상할까현재 국내 자가용 비행기 업계는 아직 날개를 펴지 못하고 있다,펼쳐내지 못하고 있다,전용 공항 시설로 자가용 비행기 업계 비상할까현재 국내 자가용 비행기 업계는 아직 날개를 펼쳐내지 못하고 있다,10.26875,True
zk_00800,202,train,high,5,전용 공항 시설로 자가용 비행기 업계 비상할까현재 국내 자가용 비행기 업계는 아직 날개를 펴지 못하고 있다,이미 날개를 완전히 펼쳤다,전용 공항 시설로 자가용 비행기 업계 비상할까현재 국내 자가용 비행기 업계는 이미 날개를 완전히 펼쳤다,10.26875,False
zk_00801,202,train,low,2,김현정 아니 형사재판은 형사재판이고 탄핵심판은 탄핵심판인데 두 개를 헷갈리게 만드는 작전이라는 게 무슨 말씀이세요,무슨 말씀인지,김현정 아니 형사재판은 형사재판이고 탄핵심판은 탄핵심판인데 두 개를 헷갈리게 만드는 작전이라는 게 무슨 말씀인지,8.620375,True
zk_00801,202,train,mid,3,김현정 아니 형사재판은 형사재판이고 탄핵심판은 탄핵심판인데 두 개를 헷갈리게 만드는 작전이라는 게 무슨 말씀이세요,게 무슨 소리세요,김현정 아니 형사재판은 형사재판이고 탄핵심판은 탄핵심판인데 두 개를 헷갈리게 만드는 작전이라는 게 무슨 소리세요,8.620375,True
zk_00801,202,train,high,5,김현정 아니 형사재판은 형사재판이고 탄핵심판은 탄핵심판인데 두 개를 헷갈리게 만드는 작전이라는 게 무슨 말씀이세요,부수는 작전이라는 게 뭔가요,김현정 아니 형사재판은 형사재판이고 탄핵심판은 탄핵심판인데 두 개를 헷갈리게 부수는 작전이라는 게 뭔가요,8.620375,False
zk_00802,202,train,low,2,그러면 동네 아주머니가 창문 밖으로 고개를 내밀어 안드레아를 부르고는 날이 무뎌진 칼 몇 개를 들고 옵니다,두고 옵니다,그러면 동네 아주머니가 창문 밖으로 고개를 내밀어 안드레아를 부르고는 날이 무뎌진 칼 몇 개를 두고 옵니다,7.5484375,True
zk_00802,202,train,mid,3,그러면 동네 아주머니가 창문 밖으로 고개를 내밀어 안드레아를 부르고는 날이 무뎌진 칼 몇 개를 들고 옵니다,개를 두고 옵니다,그러면 동네 아주머니가 창문 밖으로 고개를 내밀어 안드레아를 부르고는 날이 무뎌진 칼 몇 개를 두고 옵니다,7.5484375,True
zk_00802,202,train,high,5,그러면 동네 아주머니가 창문 밖으로 고개를 내밀어 안드레아를 부르고는 날이 무뎌진 칼 몇 개를 들고 옵니다,칼 몇 개를 두고 갑니다,그러면 동네 아주머니가 창문 밖으로 고개를 내밀어 안드레아를 부르고는 날이 무뎌진 칼 몇 개를 두고 갑니다,7.5484375,True
zk_00803,202,train,low,2,그는 창원시에서 국회의원을 하면서 당이 다르다고 일부러 창원시와의 관계를 악화시키지는 않겠다고 다짐했다며 안 시장도 저와 같은 입장인 듯 하다고 덧붙였다,하지 말았다,그는 창원시에서 국회의원을 하면서 당이 다르다고 일부러 창원시와의 관계를 악화시키지는 않겠다고 다짐했다며 안 시장도 저와 같은 입장인 듯 하지 말았다,11.4119375,True
zk_00803,202,train,mid,3,그는 창원시에서 국회의원을 하면서 당이 다르다고 일부러 창원시와의 관계를 악화시키지는 않겠다고 다짐했다며 안 시장도 저와 같은 입장인 듯 하다고 덧붙였다,부정했다고 덧붙였다,그는 창원시에서 국회의원을 하면서 당이 다르다고 일부러 창원시와의 관계를 악화시키지는 않겠다고 다짐했다며 안 시장도 저와 같은 입장인 부정했다고 덧붙였다,11.4119375,False
zk_00803,202,train,high,5,그는 창원시에서 국회의원을 하면서 당이 다르다고 일부러 창원시와의 관계를 악화시키지는 않겠다고 다짐했다며 안 시장도 저와 같은 입장인 듯 하다고 덧붙였다,다른 입장인 듯 하다고 지적했다,그는 창원시에서 국회의원을 하면서 당이 다르다고 일부러 창원시와의 관계를 악화시키지는 않겠다고 다짐했다며 안 시장도 저와 다른 입장인 듯 하다고 지적했다,11.4119375,True
zk_00804,202,train,low,2,정훈석 한국투자증권 연구원은 라이징 스타 기업들이 속해 있는 업종지수 자체가 침체돼 있기 때문에 시장 평균 대비 주가 흐름이 약할 수밖에 없다고 말했다,있다고 말했다,정훈석 한국투자증권 연구원은 라이징 스타 기업들이 속해 있는 업종지수 자체가 침체돼 있기 때문에 시장 평균 대비 주가 흐름이 약할 수밖에 있다고 말했다,11.8750625,True
zk_00804,202,train,mid,3,정훈석 한국투자증권 연구원은 라이징 스타 기업들이 속해 있는 업종지수 자체가 침체돼 있기 때문에 시장 평균 대비 주가 흐름이 약할 수밖에 없다고 말했다,할 수 있다고 말했다,정훈석 한국투자증권 연구원은 라이징 스타 기업들이 속해 있는 업종지수 자체가 침체돼 있기 때문에 시장 평균 대비 주가 흐름이 약할 할 수 있다고 말했다,11.8750625,False
zk_00804,202,train,high,5,정훈석 한국투자증권 연구원은 라이징 스타 기업들이 속해 있는 업종지수 자체가 침체돼 있기 때문에 시장 평균 대비 주가 흐름이 약할 수밖에 없다고 말했다,흐름이 강할 수밖에 없다고 말했다,정훈석 한국투자증권 연구원은 라이징 스타 기업들이 속해 있는 업종지수 자체가 침체돼 있기 때문에 시장 평균 대비 주가 흐름이 강할 수밖에 없다고 말했다,11.8750625,True
zk_00805,202,train,low,2,리포트 아파트 사이의 농지 곳곳 노란색 깃발이 꽂혀 있습니다,빠져 있습니다,리포트 아파트 사이의 농지 곳곳 노란색 깃발이 빠져 있습니다,5.062625,True
zk_00805,202,train,mid,3,리포트 아파트 사이의 농지 곳곳 노란색 깃발이 꽂혀 있습니다,깃발이 없어졌습니다,리포트 아파트 사이의 농지 곳곳 노란색 깃발이 없어졌습니다,5.062625,False
zk_00805,202,train,high,5,리포트 아파트 사이의 농지 곳곳 노란색 깃발이 꽂혀 있습니다,곳곳에 검은색 깃발이 전혀 없습니다,리포트 아파트 사이의 농지 곳곳에 검은색 깃발이 전혀 없습니다,5.062625,True
zk_00806,202,train,low,2,서울신문 나우뉴스 지금까지 인류는우주는 끝이 있는가 라는 질문의 답을 찾기 위해 노력해왔다,외면해 왔다,서울신문 나우뉴스 지금까지 인류는우주는 끝이 있는가 라는 질문의 답을 찾기 외면해 왔다,7.07275,True
zk_00806,202,train,mid,3,서울신문 나우뉴스 지금까지 인류는우주는 끝이 있는가 라는 질문의 답을 찾기 위해 노력해왔다,피해왔을 뿐이다,서울신문 나우뉴스 지금까지 인류는우주는 끝이 있는가 라는 질문의 답을 피해왔을 뿐이다,7.07275,False
zk_00806,202,train,high,5,서울신문 나우뉴스 지금까지 인류는우주는 끝이 있는가 라는 질문의 답을 찾기 위해 노력해왔다,질문의 답을 찾기를 완전히 포기했다,서울신문 나우뉴스 지금까지 인류는우주는 끝이 있는가 라는 질문의 답을 찾기를 완전히 포기했다,7.07275,True
zk_00807,202,train,low,2,그러다 보니까 발표는 없었지만 뭔가 내밀한 합의가 있었을 것 아니냐,것 아니겠지,그러다 보니까 발표는 없었지만 뭔가 내밀한 합의가 있었을 것 아니겠지,5.495,True
zk_00807,202,train,mid,3,그러다 보니까 발표는 없었지만 뭔가 내밀한 합의가 있었을 것 아니냐,없었을 것 같다,그러다 보니까 발표는 없었지만 뭔가 내밀한 합의가 없었을 것 같다,5.495,True
zk_00807,202,train,high,5,그러다 보니까 발표는 없었지만 뭔가 내밀한 합의가 있었을 것 아니냐,공개적인 선언이 있었을 것 아니냐,그러다 보니까 발표는 없었지만 뭔가 공개적인 선언이 있었을 것 아니냐,5.495,True
zk_00808,202,train,low,2,우 전 수석은 특검 출범 이후 줄곧 사법처리 대상에 포함될지 관심을 받아왔다,관심을 받지못했다,우 전 수석은 특검 출범 이후 줄곧 사법처리 대상에 포함될지 관심을 받지못했다,6.2464375,True
zk_00808,202,train,mid,3,우 전 수석은 특검 출범 이후 줄곧 사법처리 대상에 포함될지 관심을 받아왔다,제외될지 우려받아왔다,우 전 수석은 특검 출범 이후 줄곧 사법처리 대상에 제외될지 우려받아왔다,6.2464375,False
zk_00808,202,train,high,5,우 전 수석은 특검 출범 이후 줄곧 사법처리 대상에 포함될지 관심을 받아왔다,사법처리 대상에서 완전히 제외되어 왔다,우 전 수석은 특검 출범 이후 줄곧 사법처리 대상에서 완전히 제외되어 왔다,6.2464375,True
zk_00809,202,train,low,2,하지만 낯선 환경 때문인지 아니면 죽음을 예감한 건지 역주행하는 놈에 높게 쌓아진 두둑을 뛰어 오르는 놈에 꼼짝도 하지 않고 서서 꽥꽥 소리 지르는 놈에 야단법석이다,놈에 조용하다,하지만 낯선 환경 때문인지 아니면 죽음을 예감한 건지 역주행하는 놈에 높게 쌓아진 두둑을 뛰어 오르는 놈에 꼼짝도 하지 않고 서서 꽥꽥 소리 지르는 놈에 조용하다,12.8201875,True
zk_00809,202,train,mid,3,하지만 낯선 환경 때문인지 아니면 죽음을 예감한 건지 역주행하는 놈에 높게 쌓아진 두둑을 뛰어 오르는 놈에 꼼짝도 하지 않고 서서 꽥꽥 소리 지르는 놈에 야단법석이다,지르는 놈에 조용하다,하지만 낯선 환경 때문인지 아니면 죽음을 예감한 건지 역주행하는 놈에 높게 쌓아진 두둑을 뛰어 오르는 놈에 꼼짝도 하지 않고 서서 꽥꽥 소리 지르는 놈에 조용하다,12.8201875,True
zk_00809,202,train,high,5,하지만 낯선 환경 때문인지 아니면 죽음을 예감한 건지 역주행하는 놈에 높게 쌓아진 두둑을 뛰어 오르는 놈에 꼼짝도 하지 않고 서서 꽥꽥 소리 지르는 놈에 야단법석이다,꽥꽥 소리 지르는 놈을 무시한다,하지만 낯선 환경 때문인지 아니면 죽음을 예감한 건지 역주행하는 놈에 높게 쌓아진 두둑을 뛰어 오르는 놈에 꼼짝도 하지 않고 서서 꽥꽥 소리 지르는 놈을 무시한다,12.8201875,True
zk_00810,203,train,low,2,최근 세 개월간 월 평균 매출이 오 천 칠 백만 원이 넘습니다,원이 모자랍니다,최근 세 개월간 월 평균 매출이 오 천 칠 백만 원이 모자랍니다,6.922875,True
zk_00810,203,train,mid,3,최근 세 개월간 월 평균 매출이 오 천 칠 백만 원이 넘습니다,백만 원 미만입니다,최근 세 개월간 월 평균 매출이 오 천 칠 백만 원 미만입니다,6.922875,True
zk_00810,203,train,high,5,최근 세 개월간 월 평균 매출이 오 천 칠 백만 원이 넘습니다,천 칠 백만 원 미만입니다,최근 세 개월간 월 평균 매출이 오 천 칠 백만 원 미만입니다,6.922875,True
zk_00811,203,train,low,2,양 씨의 한 유족은 졸지에 가장을 잃은 사건으로 가정이 풍비박산 났다며 용서하면 좋겠지만 아직 마음이 허락하지 않는다고 말했다,한다고 말했다,양 씨의 한 유족은 졸지에 가장을 잃은 사건으로 가정이 풍비박산 났다며 용서하면 좋겠지만 아직 마음이 허락하지 한다고 말했다,12.68275,True
zk_00811,203,train,mid,3,양 씨의 한 유족은 졸지에 가장을 잃은 사건으로 가정이 풍비박산 났다며 용서하면 좋겠지만 아직 마음이 허락하지 않는다고 말했다,허락해 주겠다고 말했다,양 씨의 한 유족은 졸지에 가장을 잃은 사건으로 가정이 풍비박산 났다며 용서하면 좋겠지만 아직 마음이 허락해 주겠다고 말했다,12.68275,True
zk_00811,203,train,high,5,양 씨의 한 유족은 졸지에 가장을 잃은 사건으로 가정이 풍비박산 났다며 용서하면 좋겠지만 아직 마음이 허락하지 않는다고 말했다,이미 마음의 결정이 났다고 말했다,양 씨의 한 유족은 졸지에 가장을 잃은 사건으로 가정이 풍비박산 났다며 용서하면 좋겠지만 이미 마음의 결정이 났다고 말했다,12.68275,True
zk_00812,203,train,low,2,특히 독자적인 잠수함 설계 및 건조 능력 확보가 필요하다는 판단아래 장보고 사업이 시작됐다,사업이 망했다,특히 독자적인 잠수함 설계 및 건조 능력 확보가 필요하다는 판단아래 장보고 사업이 망했다,8.063375,True
zk_00812,203,train,mid,3,특히 독자적인 잠수함 설계 및 건조 능력 확보가 필요하다는 판단아래 장보고 사업이 시작됐다,장보고 사업이 중단됐다,특히 독자적인 잠수함 설계 및 건조 능력 확보가 필요하다는 판단아래 장보고 사업이 중단됐다,8.063375,True
zk_00812,203,train,high,5,특히 독자적인 잠수함 설계 및 건조 능력 확보가 필요하다는 판단아래 장보고 사업이 시작됐다,불필요하다는 판단아래 장보고 사업이 중단됐다,특히 독자적인 잠수함 설계 및 건조 능력 확보가 불필요하다는 판단아래 장보고 사업이 중단됐다,8.063375,True
zk_00813,203,train,low,2,대신 준거집단 성향 고관여가전제품 여부가 향후수입 가전제품 구입 의향에 영향을 미쳤다,영향을 주지못했다,대신 준거집단 성향 고관여가전제품 여부가 향후수입 가전제품 구입 의향에 영향을 주지못했다,10.378875,True
zk_00813,203,train,mid,3,대신 준거집단 성향 고관여가전제품 여부가 향후수입 가전제품 구입 의향에 영향을 미쳤다,의향을 바꿨다,대신 준거집단 성향 고관여가전제품 여부가 향후수입 가전제품 구입 의향을 바꿨다,10.378875,False
zk_00813,203,train,high,5,대신 준거집단 성향 고관여가전제품 여부가 향후수입 가전제품 구입 의향에 영향을 미쳤다,가전제품 구입을 방해했다,대신 준거집단 성향 고관여가전제품 여부가 향후수입 가전제품 구입을 방해했다,10.378875,False
zk_00814,203,train,low,2,이를 두고 일각에서는 국회법 개정안을 둘러싼 당청 갈등이 여권 내부의 계파 분열로 옮아가는 단계라는 해석도 내놓고 있다,감추고 있다,이를 두고 일각에서는 국회법 개정안을 둘러싼 당청 갈등이 여권 내부의 계파 분열로 옮아가는 단계라는 해석도 감추고 있다,12.087625,True
zk_00814,203,train,mid,3,이를 두고 일각에서는 국회법 개정안을 둘러싼 당청 갈등이 여권 내부의 계파 분열로 옮아가는 단계라는 해석도 내놓고 있다,해석을 거부중이다,이를 두고 일각에서는 국회법 개정안을 둘러싼 당청 갈등이 여권 내부의 계파 분열로 옮아가는 단계라는 해석을 거부중이다,12.087625,False
zk_00814,203,train,high,5,이를 두고 일각에서는 국회법 개정안을 둘러싼 당청 갈등이 여권 내부의 계파 분열로 옮아가는 단계라는 해석도 내놓고 있다,옮아가는 단계가 아니라고 반박하고 있다,이를 두고 일각에서는 국회법 개정안을 둘러싼 당청 갈등이 여권 내부의 계파 분열로 옮아가는 단계가 아니라고 반박하고 있다,12.087625,True
zk_00815,203,train,low,2,사고 당시 청와대는 진도에서 여객선 조난신고가 왔냐며 배의 이름 도착 예정지 몇 톤 급인지에 정보를 요구했다,정보를 제공했다,사고 당시 청와대는 진도에서 여객선 조난신고가 왔냐며 배의 이름 도착 예정지 몇 톤 급인지에 정보를 제공했다,11.4315,True
zk_00815,203,train,mid,3,사고 당시 청와대는 진도에서 여객선 조난신고가 왔냐며 배의 이름 도착 예정지 몇 톤 급인지에 정보를 요구했다,급인지에 정보를 숨겼다,사고 당시 청와대는 진도에서 여객선 조난신고가 왔냐며 배의 이름 도착 예정지 몇 톤 급인지에 정보를 숨겼다,11.4315,True
zk_00815,203,train,high,5,사고 당시 청와대는 진도에서 여객선 조난신고가 왔냐며 배의 이름 도착 예정지 몇 톤 급인지에 정보를 요구했다,몇 톤 급인지에 정보를 제공했다,사고 당시 청와대는 진도에서 여객선 조난신고가 왔냐며 배의 이름 도착 예정지 몇 톤 급인지에 정보를 제공했다,11.4315,True
zk_00816,203,train,low,2,반면 노관규 후보는 더민주 기호 두 번을 크게 표시하고 또다시 우리 순천이 박근혜 정권과 새누리당에 속을 수는 없습니다라는 구호를 내세웠다,슬로건을 제시했다,반면 노관규 후보는 더민주 기호 두 번을 크게 표시하고 또다시 우리 순천이 박근혜 정권과 새누리당에 속을 수는 없습니다라는 슬로건을 제시했다,11.8474375,True
zk_00816,203,train,mid,3,반면 노관규 후보는 더민주 기호 두 번을 크게 표시하고 또다시 우리 순천이 박근혜 정권과 새누리당에 속을 수는 없습니다라는 구호를 내세웠다,있습니다라는 구호를 내세웠다,반면 노관규 후보는 더민주 기호 두 번을 크게 표시하고 또다시 우리 순천이 박근혜 정권과 새누리당에 속을 수는 있습니다라는 구호를 내세웠다,11.8474375,True
zk_00816,203,train,high,5,반면 노관규 후보는 더민주 기호 두 번을 크게 표시하고 또다시 우리 순천이 박근혜 정권과 새누리당에 속을 수는 없습니다라는 구호를 내세웠다,속을 수 있다는 구호를 내세웠다,반면 노관규 후보는 더민주 기호 두 번을 크게 표시하고 또다시 우리 순천이 박근혜 정권과 새누리당에 속을 수 있다는 구호를 내세웠다,11.8474375,True
zk_00817,203,train,low,2,페이지에 표출한 뒤에 오타를 발견한다거나 독자에게 피드백이 온다면 반나절 이내로 수정을 하는 일이 종종 있기 때문이다,없기 때문이다,페이지에 표출한 뒤에 오타를 발견한다거나 독자에게 피드백이 온다면 반나절 이내로 수정을 하는 일이 종종 없기 때문이다,9.088875,True
zk_00817,203,train,mid,3,페이지에 표출한 뒤에 오타를 발견한다거나 독자에게 피드백이 온다면 반나절 이내로 수정을 하는 일이 종종 있기 때문이다,드물지 않기 때문이다,페이지에 표출한 뒤에 오타를 발견한다거나 독자에게 피드백이 온다면 반나절 이내로 수정을 하는 일이 드물지 않기 때문이다,9.088875,True
zk_00817,203,train,high,5,페이지에 표출한 뒤에 오타를 발견한다거나 독자에게 피드백이 온다면 반나절 이내로 수정을 하는 일이 종종 있기 때문이다,하지 않는 일이 많기 때문이다,페이지에 표출한 뒤에 오타를 발견한다거나 독자에게 피드백이 온다면 반나절 이내로 수정을 하지 않는 일이 많기 때문이다,9.088875,True
zk_00818,203,train,low,2,정부는 비슷한 생활권인 인접 광역자치단체를 묶어 일곱 개의 광역권으로 나눠 주택수요를 산정했다,주택수요를 무시했다,정부는 비슷한 생활권인 인접 광역자치단체를 묶어 일곱 개의 광역권으로 나눠 주택수요를 무시했다,10.5585,True
zk_00818,203,train,mid,3,정부는 비슷한 생활권인 인접 광역자치단체를 묶어 일곱 개의 광역권으로 나눠 주택수요를 산정했다,나눠 주택공급을 예측했다,정부는 비슷한 생활권인 인접 광역자치단체를 묶어 일곱 개의 광역권으로 나눠 주택공급을 예측했다,10.5585,True
zk_00818,203,train,high,5,정부는 비슷한 생활권인 인접 광역자치단체를 묶어 일곱 개의 광역권으로 나눠 주택수요를 산정했다,개의 광역권으로 통합 주택공급을 계획했다,정부는 비슷한 생활권인 인접 광역자치단체를 묶어 일곱 개의 광역권으로 통합 주택공급을 계획했다,10.5585,True
zk_00819,203,train,low,2,새누리당 핵심 관계자는 구 일 현행 교과서에 문제가 많다는 것에 대해선 이견이 없다고 말했다,있다고 말했다,새누리당 핵심 관계자는 구 일 현행 교과서에 문제가 많다는 것에 대해선 이견이 있다고 말했다,8.572125,True
zk_00819,203,train,mid,3,새누리당 핵심 관계자는 구 일 현행 교과서에 문제가 많다는 것에 대해선 이견이 없다고 말했다,이견이 많다고 말했다,새누리당 핵심 관계자는 구 일 현행 교과서에 문제가 많다는 것에 대해선 이견이 많다고 말했다,8.572125,True
zk_00819,203,train,high,5,새누리당 핵심 관계자는 구 일 현행 교과서에 문제가 많다는 것에 대해선 이견이 없다고 말했다,것에 대해선 이견이 많다고 말했다,새누리당 핵심 관계자는 구 일 현행 교과서에 문제가 많다는 것에 대해선 이견이 많다고 말했다,8.572125,True
zk_00820,204,train,low,2,적은 농도로도 인체에 치명적인 영향을 주는 일산화탄소는 어떨까요,이산화탄소는 어떨까요,적은 농도로도 인체에 치명적인 영향을 주는 이산화탄소는 어떨까요,5.647375,True
zk_00820,204,train,mid,3,적은 농도로도 인체에 치명적인 영향을 주는 일산화탄소는 어떨까요,받는 이산화탄소는 어떨까요,적은 농도로도 인체에 치명적인 영향을 받는 이산화탄소는 어떨까요,5.647375,True
zk_00820,204,train,high,5,적은 농도로도 인체에 치명적인 영향을 주는 일산화탄소는 어떨까요,무해한 영향을 주는 산소는 어떨까요,적은 농도로도 인체에 무해한 영향을 주는 산소는 어떨까요,5.647375,True
zk_00821,204,train,low,2,국민이 판단할 일을 왜 정부가 판단해서 대통령 생각대로 국민들이 다 가져가야 됩니까,놔두셔야 됩니까,국민이 판단할 일을 왜 정부가 판단해서 대통령 생각대로 국민들이 다 놔두셔야 됩니까,7.96375,True
zk_00821,204,train,mid,3,국민이 판단할 일을 왜 정부가 판단해서 대통령 생각대로 국민들이 다 가져가야 됩니까,일부만 남겨야 됩니까,국민이 판단할 일을 왜 정부가 판단해서 대통령 생각대로 국민들이 일부만 남겨야 됩니까,7.96375,True
zk_00821,204,train,high,5,국민이 판단할 일을 왜 정부가 판단해서 대통령 생각대로 국민들이 다 가져가야 됩니까,생각대로 국민들이 못 가져가야 됩니다,국민이 판단할 일을 왜 정부가 판단해서 대통령 생각대로 국민들이 못 가져가야 됩니다,7.96375,True
zk_00822,204,train,low,2,여덟 시간이나 집을 비웠는데도 재우기만하면 별문제 없을 것이라고 착각했습니다,것이라고 확신했습니다,여덟 시간이나 집을 비웠는데도 재우기만하면 별문제 없을 것이라고 확신했습니다,6.2671875,True
zk_00822,204,train,mid,3,여덟 시간이나 집을 비웠는데도 재우기만하면 별문제 없을 것이라고 착각했습니다,있을 것이라고 확신했습니다,여덟 시간이나 집을 비웠는데도 재우기만하면 별문제 있을 것이라고 확신했습니다,6.2671875,True
zk_00822,204,train,high,5,여덟 시간이나 집을 비웠는데도 재우기만하면 별문제 없을 것이라고 착각했습니다,깨워야만 큰 문제가 생긴다고 걱정했습니다,여덟 시간이나 집을 비웠는데도 깨워야만 큰 문제가 생긴다고 걱정했습니다,6.2671875,True
zk_00823,204,train,low,2,김현정 그게 마지막 투어였으니까 그 길로 호텔로 가셨을 거고,오실 거고,김현정 그게 마지막 투어였으니까 그 길로 호텔로 오실 거고,6.497375,True
zk_00823,204,train,mid,3,김현정 그게 마지막 투어였으니까 그 길로 호텔로 가셨을 거고,집에 가셨을 거고,김현정 그게 마지막 투어였으니까 그 길로 집에 가셨을 거고,6.497375,True
zk_00823,204,train,high,5,김현정 그게 마지막 투어였으니까 그 길로 호텔로 가셨을 거고,그 길로 호텔을 피하셨을 거고,김현정 그게 마지막 투어였으니까 그 길로 호텔을 피하셨을 거고,6.497375,True
zk_00824,204,train,low,2,민간인 사찰의 최고 윗선이 이명박 대통령임을 입증하는 결정적인 증거를 확보한 것이다,잃어버린 것이다,민간인 사찰의 최고 윗선이 이명박 대통령임을 입증하는 결정적인 증거를 잃어버린 것이다,9.01375,True
zk_00824,204,train,mid,3,민간인 사찰의 최고 윗선이 이명박 대통령임을 입증하는 결정적인 증거를 확보한 것이다,증거를 찾지 못했다,민간인 사찰의 최고 윗선이 이명박 대통령임을 입증하는 결정적인 증거를 찾지 못했다,9.01375,True
zk_00824,204,train,high,5,민간인 사찰의 최고 윗선이 이명박 대통령임을 입증하는 결정적인 증거를 확보한 것이다,입증하는 결정적인 증거를 확보하지 못했다,민간인 사찰의 최고 윗선이 이명박 대통령임을 입증하는 결정적인 증거를 확보하지 못했다,9.01375,True
zk_00825,204,train,low,2,원래는 정유라 그러니까 승마 선수로 알고 있는 정유라를 성악가로 키우려고 했어요,포기하려고 했어요,원래는 정유라 그러니까 승마 선수로 알고 있는 정유라를 성악가로 포기하려고 했어요,6.774,True
zk_00825,204,train,mid,3,원래는 정유라 그러니까 승마 선수로 알고 있는 정유라를 성악가로 키우려고 했어요,성악가로 키우지 않았어요,원래는 정유라 그러니까 승마 선수로 알고 있는 정유라를 성악가로 키우지 않았어요,6.774,True
zk_00825,204,train,high,5,원래는 정유라 그러니까 승마 선수로 알고 있는 정유라를 성악가로 키우려고 했어요,있는 정유라를 무용수로 키우려고 했어요,원래는 정유라 그러니까 승마 선수로 알고 있는 정유라를 무용수로 키우려고 했어요,6.774,True
zk_00826,204,train,low,2,정씨는 금메달을 보여드려도 될까요라며 면접위원들에게 이 메달을 꺼내보였다고 한다,숨겨뒀다고 한다,정씨는 금메달을 보여드려도 될까요라며 면접위원들에게 이 메달을 숨겨뒀다고 한다,7.602625,True
zk_00826,204,train,mid,3,정씨는 금메달을 보여드려도 될까요라며 면접위원들에게 이 메달을 꺼내보였다고 한다,메달을 감춰뒀다고 한다,정씨는 금메달을 보여드려도 될까요라며 면접위원들에게 이 메달을 감춰뒀다고 한다,7.602625,True
zk_00826,204,train,high,5,정씨는 금메달을 보여드려도 될까요라며 면접위원들에게 이 메달을 꺼내보였다고 한다,면접위원들에게 이 메달을 숨겼다고 한다,정씨는 금메달을 보여드려도 될까요라며 면접위원들에게 이 메달을 숨겼다고 한다,7.602625,True
zk_00827,204,train,low,2,많은 전문가는 슈거 크래시를 유발하는 당분 함유 음료 대신 물을 많이 섭취할 것을 권한다,것을 피한다,많은 전문가는 슈거 크래시를 유발하는 당분 함유 음료 대신 물을 많이 섭취할 것을 피한다,7.8804375,True
zk_00827,204,train,mid,3,많은 전문가는 슈거 크래시를 유발하는 당분 함유 음료 대신 물을 많이 섭취할 것을 권한다,피할 것을 권한다,많은 전문가는 슈거 크래시를 유발하는 당분 함유 음료 대신 물을 많이 피할 것을 권한다,7.8804375,True
zk_00827,204,train,high,5,많은 전문가는 슈거 크래시를 유발하는 당분 함유 음료 대신 물을 많이 섭취할 것을 권한다,물을 적게 섭취할 것을 권한다,많은 전문가는 슈거 크래시를 유발하는 당분 함유 음료 대신 물을 적게 섭취할 것을 권한다,7.8804375,True
zk_00828,204,train,low,2,실제로 민 전 사장이 사표를 내자 후임 사장으로 청와대 등은 백 사장이 아니라 다른 후보를 원했다고 한다,거부했다고 한다,실제로 민 전 사장이 사표를 내자 후임 사장으로 청와대 등은 백 사장이 아니라 다른 후보를 거부했다고 한다,8.30725,True
zk_00828,204,train,mid,3,실제로 민 전 사장이 사표를 내자 후임 사장으로 청와대 등은 백 사장이 아니라 다른 후보를 원했다고 한다,후보를 반대했다고 한다,실제로 민 전 사장이 사표를 내자 후임 사장으로 청와대 등은 백 사장이 아니라 다른 후보를 반대했다고 한다,8.30725,True
zk_00828,204,train,high,5,실제로 민 전 사장이 사표를 내자 후임 사장으로 청와대 등은 백 사장이 아니라 다른 후보를 원했다고 한다,아니라 그 후보를 지지했다고 한다,실제로 민 전 사장이 사표를 내자 후임 사장으로 청와대 등은 백 사장이 아니라 그 후보를 지지했다고 한다,8.30725,True
zk_00829,204,train,low,2,그러자 주심인 강일원 재판관은 황 회장은 증인으로 나오면 대통령에게 불리한 진술을 할 것 같다고 했는데 입증 취지를 생각하면서 하라고 말했다,하지 말았다,그러자 주심인 강일원 재판관은 황 회장은 증인으로 나오면 대통령에게 불리한 진술을 할 것 같다고 했는데 입증 취지를 생각하면서 하지 말았다,12.9344375,True
zk_00829,204,train,mid,3,그러자 주심인 강일원 재판관은 황 회장은 증인으로 나오면 대통령에게 불리한 진술을 할 것 같다고 했는데 입증 취지를 생각하면서 하라고 말했다,생각하지 말라고 했다,그러자 주심인 강일원 재판관은 황 회장은 증인으로 나오면 대통령에게 불리한 진술을 할 것 같다고 했는데 입증 취지를 생각하지 말라고 했다,12.9344375,True
zk_00829,204,train,high,5,그러자 주심인 강일원 재판관은 황 회장은 증인으로 나오면 대통령에게 불리한 진술을 할 것 같다고 했는데 입증 취지를 생각하면서 하라고 말했다,입증 취지를 무시하라고 분명히 말했다,그러자 주심인 강일원 재판관은 황 회장은 증인으로 나오면 대통령에게 불리한 진술을 할 것 같다고 했는데 입증 취지를 무시하라고 분명히 말했다,12.9344375,True
zk_00830,205,train,low,2,계속해서 여러분의 적들을 사랑하고 여러분을 박해하는 사람들을 위하여 기도하십시오,방해하지 마십시오,계속해서 여러분의 적들을 사랑하고 여러분을 박해하는 사람들을 방해하지 마십시오,6.4191875,True
zk_00830,205,train,mid,3,계속해서 여러분의 적들을 사랑하고 여러분을 박해하는 사람들을 위하여 기도하십시오,사람들을 위하지 마십시오,계속해서 여러분의 적들을 사랑하고 여러분을 박해하는 사람들을 위하지 마십시오,6.4191875,True
zk_00830,205,train,high,5,계속해서 여러분의 적들을 사랑하고 여러분을 박해하는 사람들을 위하여 기도하십시오,박해하는 사람들을 미워하십시오,계속해서 여러분의 적들을 사랑하고 박해하는 사람들을 미워하십시오,6.4191875,False
zk_00831,205,train,low,2,우리는 위기의 진앙이 아닌 안전지대가 됐다는 말까지 나올 정도였다,나오지 않았다,우리는 위기의 진앙이 아닌 안전지대가 됐다는 말까지 나오지 않았다,5.5005,True
zk_00831,205,train,mid,3,우리는 위기의 진앙이 아닌 안전지대가 됐다는 말까지 나올 정도였다,말까지 나오지 않았다,우리는 위기의 진앙이 아닌 안전지대가 됐다는 말까지 나오지 않았다,5.5005,True
zk_00831,205,train,high,5,우리는 위기의 진앙이 아닌 안전지대가 됐다는 말까지 나올 정도였다,위험지대가 됐다는 말까지 나올 정도였다,우리는 위기의 진앙이 아닌 위험지대가 됐다는 말까지 나올 정도였다,5.5005,True
zk_00832,205,train,low,2,평택 비전동에 사는 직장인 서범석씨는 지난 월요일 학교가 휴업하자마자 초등학교 사 학년 아들과 일곱 살 딸을 처가가 있는 충북 괴산에 데려다주고 왔다,데려가고 왔다,평택 비전동에 사는 직장인 서범석씨는 지난 월요일 학교가 휴업하자마자 초등학교 사 학년 아들과 일곱 살 딸을 처가가 있는 충북 괴산에 데려가고 왔다,13.163375,True
zk_00832,205,train,mid,3,평택 비전동에 사는 직장인 서범석씨는 지난 월요일 학교가 휴업하자마자 초등학교 사 학년 아들과 일곱 살 딸을 처가가 있는 충북 괴산에 데려다주고 왔다,괴산에 버려두고 왔다,평택 비전동에 사는 직장인 서범석씨는 지난 월요일 학교가 휴업하자마자 초등학교 사 학년 아들과 일곱 살 딸을 처가가 있는 충북 괴산에 버려두고 왔다,13.163375,True
zk_00832,205,train,high,5,평택 비전동에 사는 직장인 서범석씨는 지난 월요일 학교가 휴업하자마자 초등학교 사 학년 아들과 일곱 살 딸을 처가가 있는 충북 괴산에 데려다주고 왔다,있는 충북 괴산에 두고 왔다,평택 비전동에 사는 직장인 서범석씨는 지난 월요일 학교가 휴업하자마자 초등학교 사 학년 아들과 일곱 살 딸을 처가가 있는 충북 괴산에 두고 왔다,13.163375,True
zk_00833,205,train,low,2,노예로 끌려 온 많은 사람들은 쇠사슬에 묶여 구타를 당하고 낙인이 찍혔으며 그 후 네 킬로미터에 달하는 노예의 길을 걸어가야 했습니다,멈춰야 했습니다,노예로 끌려 온 많은 사람들은 쇠사슬에 묶여 구타를 당하고 낙인이 찍혔으며 그 후 네 킬로미터에 달하는 노예의 길을 멈춰야 했습니다,10.7134375,True
zk_00833,205,train,mid,3,노예로 끌려 온 많은 사람들은 쇠사슬에 묶여 구타를 당하고 낙인이 찍혔으며 그 후 네 킬로미터에 달하는 노예의 길을 걸어가야 했습니다,길을 피해야 했습니다,노예로 끌려 온 많은 사람들은 쇠사슬에 묶여 구타를 당하고 낙인이 찍혔으며 그 후 네 킬로미터에 달하는 노예의 길을 피해야 했습니다,10.7134375,True
zk_00833,205,train,high,5,노예로 끌려 온 많은 사람들은 쇠사슬에 묶여 구타를 당하고 낙인이 찍혔으며 그 후 네 킬로미터에 달하는 노예의 길을 걸어가야 했습니다,자유의 길을 걸어가야 했습니다,노예로 끌려 온 많은 사람들은 쇠사슬에 묶여 구타를 당하고 낙인이 찍혔으며 그 후 네 킬로미터에 자유의 길을 걸어가야 했습니다,10.7134375,False
zk_00834,205,train,low,2,그러나 한 가지 제가 가져갈 수 없는 짐이 있다며 저에게 덧씌워진 호남홀대 호남차별이라는 오해는 부디 거두어 달라,펼쳐 주세요,그러나 한 가지 제가 가져갈 수 없는 짐이 있다며 저에게 덧씌워진 호남홀대 호남차별이라는 오해는 부디 펼쳐 주세요,10.6375,True
zk_00834,205,train,mid,3,그러나 한 가지 제가 가져갈 수 없는 짐이 있다며 저에게 덧씌워진 호남홀대 호남차별이라는 오해는 부디 거두어 달라,계속 펼쳐 주세요,그러나 한 가지 제가 가져갈 수 없는 짐이 있다며 저에게 덧씌워진 호남홀대 호남차별이라는 오해는 계속 펼쳐 주세요,10.6375,True
zk_00834,205,train,high,5,그러나 한 가지 제가 가져갈 수 없는 짐이 있다며 저에게 덧씌워진 호남홀대 호남차별이라는 오해는 부디 거두어 달라,호남차별이라는 현실을 계속 유지하자,그러나 한 가지 제가 가져갈 수 없는 짐이 있다며 저에게 덧씌워진 호남홀대 호남차별이라는 현실을 계속 유지하자,10.6375,False
zk_00835,205,train,low,2,그렇기 때문에 영장실질심사가 사실상 구십 칠 년 일 월부터 시행이 되고 있는데 전국적으로 죄송한 말씀인 것 같지만요,것 같습니다,그렇기 때문에 영장실질심사가 사실상 구십 칠 년 일 월부터 시행이 되고 있는데 전국적으로 죄송한 말씀인 것 같습니다,10.5304375,True
zk_00835,205,train,mid,3,그렇기 때문에 영장실질심사가 사실상 구십 칠 년 일 월부터 시행이 되고 있는데 전국적으로 죄송한 말씀인 것 같지만요,말씀이 아닌 듯해요,그렇기 때문에 영장실질심사가 사실상 구십 칠 년 일 월부터 시행이 되고 있는데 전국적으로 죄송한 말씀이 아닌 듯해요,10.5304375,True
zk_00835,205,train,high,5,그렇기 때문에 영장실질심사가 사실상 구십 칠 년 일 월부터 시행이 되고 있는데 전국적으로 죄송한 말씀인 것 같지만요,전국적으로 자랑스러운 말씀인 것 같습니다,그렇기 때문에 영장실질심사가 사실상 구십 칠 년 일 월부터 시행이 되고 있는데 전국적으로 자랑스러운 말씀인 것 같습니다,10.5304375,True
zk_00836,205,train,low,2,현대에도 황도 십이궁은 많은 사람들의 생활에서 여전히 중요한 역할을 하고 있습니다,하지 않습니다,현대에도 황도 십이궁은 많은 사람들의 생활에서 여전히 중요한 역할을 하지 않습니다,7.262875,True
zk_00836,205,train,mid,3,현대에도 황도 십이궁은 많은 사람들의 생활에서 여전히 중요한 역할을 하고 있습니다,역할을 못하고 있습니다,현대에도 황도 십이궁은 많은 사람들의 생활에서 여전히 중요한 역할을 못하고 있습니다,7.262875,True
zk_00836,205,train,high,5,현대에도 황도 십이궁은 많은 사람들의 생활에서 여전히 중요한 역할을 하고 있습니다,더 이상 중요하지 않습니다,현대에도 황도 십이궁은 많은 사람들의 생활에서 더 이상 중요하지 않습니다,7.262875,False
zk_00837,205,train,low,2,땅콩보트 운영업체와 모터보트 운전자는 운영허가와 운전면허는 갖춘 것으로 확인됐다,것으로 추정된다,땅콩보트 운영업체와 모터보트 운전자는 운영허가와 운전면허는 갖춘 것으로 추정된다,8.2950625,True
zk_00837,205,train,mid,3,땅콩보트 운영업체와 모터보트 운전자는 운영허가와 운전면허는 갖춘 것으로 확인됐다,갖추지 못했다고 확인됐다,땅콩보트 운영업체와 모터보트 운전자는 운영허가와 운전면허는 갖추지 못했다고 확인됐다,8.2950625,True
zk_00837,205,train,high,5,땅콩보트 운영업체와 모터보트 운전자는 운영허가와 운전면허는 갖춘 것으로 확인됐다,운영허가와 운전면허는 없는 것으로 확인됐다,땅콩보트 운영업체와 모터보트 운전자는 운영허가와 운전면허는 없는 것으로 확인됐다,8.2950625,True
zk_00838,205,train,low,2,이 회사는 또 차량유지비로 지난해 칠백 팔십 이 만원 이천 십 사 년 칠백 이 만원을 썼다,만원을 받았다,이 회사는 또 차량유지비로 지난해 칠백 팔십 이 만원 이천 십 사 년 칠백 이 만원을 받았다,8.9385,True
zk_00838,205,train,mid,3,이 회사는 또 차량유지비로 지난해 칠백 팔십 이 만원 이천 십 사 년 칠백 이 만원을 썼다,이 만원을 모았다,이 회사는 또 차량유지비로 지난해 칠백 팔십 이 만원 이천 십 사 년 칠백 이 만원을 모았다,8.9385,True
zk_00838,205,train,high,5,이 회사는 또 차량유지비로 지난해 칠백 팔십 이 만원 이천 십 사 년 칠백 이 만원을 썼다,년 칠백 이 남아 있다,이 회사는 또 차량유지비로 지난해 칠백 팔십 이 만원 이천 십 사 년 칠백 이 남아 있다,8.9385,True
zk_00839,205,train,low,2,그러므로 흡연 습관을 극복하기 원한다면 가족과 친구를 비롯하여 진정으로 지원을 아끼지 않고 참을성을 나타낼 사람에게 도움을 구하는 것이 현명할 것입니다,어리석을 것입니다,그러므로 흡연 습관을 극복하기 원한다면 가족과 친구를 비롯하여 진정으로 지원을 아끼지 않고 참을성을 나타낼 사람에게 도움을 구하는 것이 어리석을 것입니다,12.846625,True
zk_00839,205,train,mid,3,그러므로 흡연 습관을 극복하기 원한다면 가족과 친구를 비롯하여 진정으로 지원을 아끼지 않고 참을성을 나타낼 사람에게 도움을 구하는 것이 현명할 것입니다,것이 어리석을 것입니다,그러므로 흡연 습관을 극복하기 원한다면 가족과 친구를 비롯하여 진정으로 지원을 아끼지 않고 참을성을 나타낼 사람에게 도움을 구하는 것이 어리석을 것입니다,12.846625,True
zk_00839,205,train,high,5,그러므로 흡연 습관을 극복하기 원한다면 가족과 친구를 비롯하여 진정으로 지원을 아끼지 않고 참을성을 나타낼 사람에게 도움을 구하는 것이 현명할 것입니다,도움을 거절하는 것이 더 낫겠습니다,그러므로 흡연 습관을 극복하기 원한다면 가족과 친구를 비롯하여 진정으로 지원을 아끼지 않고 참을성을 나타낼 사람에게 도움을 거절하는 것이 더 낫겠습니다,12.846625,True
zk_00840,207,train,low,2,세력을 만들어 다같이 해야할 일이다라며 새정치연합이 근본적이 변화를 만들어내지 못할 경우 하반기부터 이같은 움직임은 가시화될 수 있다,없을 것이다,세력을 만들어 다같이 해야할 일이다라며 새정치연합이 근본적이 변화를 만들어내지 못할 경우 하반기부터 이같은 움직임은 가시화될 없을 것이다,10.8525625,True
zk_00840,207,train,mid,3,세력을 만들어 다같이 해야할 일이다라며 새정치연합이 근본적이 변화를 만들어내지 못할 경우 하반기부터 이같은 움직임은 가시화될 수 있다,은폐될 수 있다,세력을 만들어 다같이 해야할 일이다라며 새정치연합이 근본적이 변화를 만들어내지 못할 경우 하반기부터 이같은 움직임은 은폐될 수 있다,10.8525625,True
zk_00840,207,train,high,5,세력을 만들어 다같이 해야할 일이다라며 새정치연합이 근본적이 변화를 만들어내지 못할 경우 하반기부터 이같은 움직임은 가시화될 수 있다,이같은 움직임은 감춰질 수 있다,세력을 만들어 다같이 해야할 일이다라며 새정치연합이 근본적이 변화를 만들어내지 못할 경우 하반기부터 이같은 움직임은 감춰질 수 있다,10.8525625,True
zk_00841,207,train,low,2,우리 민족에게 뿌리깊은 음력 설 전통에다 양력 설은 딱 하루 음력 설은 길게 오 육 일의 연휴가 되는 상황에서 자연스러운 결과다,불가피한 결과다,우리 민족에게 뿌리깊은 음력 설 전통에다 양력 설은 딱 하루 음력 설은 길게 오 육 일의 연휴가 되는 상황에서 불가피한 결과다,10.3985,True
zk_00841,207,train,mid,3,우리 민족에게 뿌리깊은 음력 설 전통에다 양력 설은 딱 하루 음력 설은 길게 오 육 일의 연휴가 되는 상황에서 자연스러운 결과다,상황에서 의외한 결과다,우리 민족에게 뿌리깊은 음력 설 전통에다 양력 설은 딱 하루 음력 설은 길게 오 육 일의 연휴가 되는 상황에서 의외한 결과다,10.3985,True
zk_00841,207,train,high,5,우리 민족에게 뿌리깊은 음력 설 전통에다 양력 설은 딱 하루 음력 설은 길게 오 육 일의 연휴가 되는 상황에서 자연스러운 결과다,연휴가 되는 상황에서 인위적인 결과다,우리 민족에게 뿌리깊은 음력 설 전통에다 양력 설은 딱 하루 음력 설은 길게 오 육 일의 연휴가 되는 상황에서 인위적인 결과다,10.3985,True
zk_00842,207,train,low,2,래리 핑크 캘리포니아대 졸업 후 뉴욕 소재 투자은행 퍼스트 보스턴에서 채권투자 전문가로 이름을 날렸다,이름을 숨겼다,래리 핑크 캘리포니아대 졸업 후 뉴욕 소재 투자은행 퍼스트 보스턴에서 채권투자 전문가로 이름을 숨겼다,8.6158125,True
zk_00842,207,train,mid,3,래리 핑크 캘리포니아대 졸업 후 뉴욕 소재 투자은행 퍼스트 보스턴에서 채권투자 전문가로 이름을 날렸다,평론가로 욕을 먹었다,래리 핑크 캘리포니아대 졸업 후 뉴욕 소재 투자은행 퍼스트 보스턴에서 채권투자 평론가로 욕을 먹었다,8.6158125,True
zk_00842,207,train,high,5,래리 핑크 캘리포니아대 졸업 후 뉴욕 소재 투자은행 퍼스트 보스턴에서 채권투자 전문가로 이름을 날렸다,보스턴에서 채권투자로 큰 손실을 입었다,래리 핑크 캘리포니아대 졸업 후 뉴욕 소재 투자은행 퍼스트 보스턴에서 채권투자로 큰 손실을 입었다,8.6158125,True
zk_00843,207,train,low,2,수사본부 관계자는 화재 발생 후 첫 신고 전 십 분 사이에 건물 출입구로 누군가 한 명만 지나갔어도 피해를 줄일 수 있었을 것이라며 안타까워했다,것이라며 자랑했다,수사본부 관계자는 화재 발생 후 첫 신고 전 십 분 사이에 건물 출입구로 누군가 한 명만 지나갔어도 피해를 줄일 수 있었을 것이라며 자랑했다,11.8471875,True
zk_00843,207,train,mid,3,수사본부 관계자는 화재 발생 후 첫 신고 전 십 분 사이에 건물 출입구로 누군가 한 명만 지나갔어도 피해를 줄일 수 있었을 것이라며 안타까워했다,없었을 것이라며 다행이라했다,수사본부 관계자는 화재 발생 후 첫 신고 전 십 분 사이에 건물 출입구로 누군가 한 명만 지나갔어도 피해를 줄일 수 없었을 것이라며 다행이라했다,11.8471875,True
zk_00843,207,train,high,5,수사본부 관계자는 화재 발생 후 첫 신고 전 십 분 사이에 건물 출입구로 누군가 한 명만 지나갔어도 피해를 줄일 수 있었을 것이라며 안타까워했다,늘릴 수 없었을 것이라며 만족했다,수사본부 관계자는 화재 발생 후 첫 신고 전 십 분 사이에 건물 출입구로 누군가 한 명만 지나갔어도 피해를 늘릴 수 없었을 것이라며 만족했다,11.8471875,True
zk_00844,207,train,low,2,하지만 소를 잡게 되면 잡은 소의 모든 부위를 다 사용합니다,남겨 둡니다,하지만 소를 잡게 되면 잡은 소의 모든 부위를 남겨 둡니다,5.5508125,True
zk_00844,207,train,mid,3,하지만 소를 잡게 되면 잡은 소의 모든 부위를 다 사용합니다,부위를 안 씁니다,하지만 소를 잡게 되면 잡은 소의 모든 부위를 안 씁니다,5.5508125,True
zk_00844,207,train,high,5,하지만 소를 잡게 되면 잡은 소의 모든 부위를 다 사용합니다,소의 일부 부위만 사용합니다,하지만 소를 잡게 되면 잡은 소의 일부 부위만 사용합니다,5.5508125,False
zk_00845,207,train,low,2,일단 알레르기성 자반증이 의심되면 전문 의료진을 찾아 상담 받을 것을 권하고 싶다,피하고 싶다,일단 알레르기성 자반증이 의심되면 전문 의료진을 찾아 상담 받을 것을 피하고 싶다,7.17125,True
zk_00845,207,train,mid,3,일단 알레르기성 자반증이 의심되면 전문 의료진을 찾아 상담 받을 것을 권하고 싶다,것을 피해야 한다,일단 알레르기성 자반증이 의심되면 전문 의료진을 찾아 상담 받을 것을 피해야 한다,7.17125,True
zk_00845,207,train,high,5,일단 알레르기성 자반증이 의심되면 전문 의료진을 찾아 상담 받을 것을 권하고 싶다,상담 받지 말 것을 권하고 싶다,일단 알레르기성 자반증이 의심되면 전문 의료진을 찾아 상담 받지 말 것을 권하고 싶다,7.17125,False
zk_00846,207,train,low,2,미세먼지가 기승을 부리면서 신선한 산소에 좋은 향까지 담겨 있다는 산소캔을 찾는 시민들이 늘고 있습니다,줄고 있습니다,미세먼지가 기승을 부리면서 신선한 산소에 좋은 향까지 담겨 있다는 산소캔을 찾는 시민들이 줄고 있습니다,8.620625,True
zk_00846,207,train,mid,3,미세먼지가 기승을 부리면서 신선한 산소에 좋은 향까지 담겨 있다는 산소캔을 찾는 시민들이 늘고 있습니다,시민들이 줄고 있습니다,미세먼지가 기승을 부리면서 신선한 산소에 좋은 향까지 담겨 있다는 산소캔을 찾는 시민들이 줄고 있습니다,8.620625,True
zk_00846,207,train,high,5,미세먼지가 기승을 부리면서 신선한 산소에 좋은 향까지 담겨 있다는 산소캔을 찾는 시민들이 늘고 있습니다,산소캔을 피하는 시민들이 늘고 있습니다,미세먼지가 기승을 부리면서 신선한 산소에 좋은 향까지 담겨 있다는 산소캔을 피하는 시민들이 늘고 있습니다,8.620625,True
zk_00847,207,train,low,2,북한의 핵개발 속도는 빨라지고 있지만 실질적인 군사적 대응책이 부족하다는 데 따른 위기감이 반영된 것으로 보인다,것으로 보이지,북한의 핵개발 속도는 빨라지고 있지만 실질적인 군사적 대응책이 부족하다는 데 따른 위기감이 반영된 것으로 보이지,9.1690625,True
zk_00847,207,train,mid,3,북한의 핵개발 속도는 빨라지고 있지만 실질적인 군사적 대응책이 부족하다는 데 따른 위기감이 반영된 것으로 보인다,반영되지 않은 듯하다,북한의 핵개발 속도는 빨라지고 있지만 실질적인 군사적 대응책이 부족하다는 데 따른 위기감이 반영되지 않은 듯하다,9.1690625,True
zk_00847,207,train,high,5,북한의 핵개발 속도는 빨라지고 있지만 실질적인 군사적 대응책이 부족하다는 데 따른 위기감이 반영된 것으로 보인다,따른 안정감이 드러난 것으로 보인다,북한의 핵개발 속도는 빨라지고 있지만 실질적인 군사적 대응책이 부족하다는 데 따른 안정감이 드러난 것으로 보인다,9.1690625,True
zk_00848,207,train,low,2,대전의 배재대도 이천 십 사 학년부터 법학부를 공무원법학과로 개편했다,공무원법학과로 폐지되었다,대전의 배재대도 이천 십 사 학년부터 법학부를 공무원법학과로 폐지되었다,7.000125,True
zk_00848,207,train,mid,3,대전의 배재대도 이천 십 사 학년부터 법학부를 공무원법학과로 개편했다,법학부를 폐지하기로 했다,대전의 배재대도 이천 십 사 학년부터 법학부를 폐지하기로 했다,7.000125,True
zk_00848,207,train,high,5,대전의 배재대도 이천 십 사 학년부터 법학부를 공무원법학과로 개편했다,사 학년부터 법학부를 완전히 폐지했다,대전의 배재대도 이천 십 사 학년부터 법학부를 완전히 폐지했다,7.000125,True
zk_00849,207,train,low,2,현대차는 현대차 에어백은 충돌 각도를 맞춰야 작동한다는 오해에 대해 이러한 표현은 섭섭할 수도 있다면서도 더 많은 사례 연구와 기술 정교화에 매진하고 있다고 밝혔다,없다고 밝혔다,현대차는 현대차 에어백은 충돌 각도를 맞춰야 작동한다는 오해에 대해 이러한 표현은 섭섭할 수도 있다면서도 더 많은 사례 연구와 기술 정교화에 매진하고 없다고 밝혔다,12.187,True
zk_00849,207,train,mid,3,현대차는 현대차 에어백은 충돌 각도를 맞춰야 작동한다는 오해에 대해 이러한 표현은 섭섭할 수도 있다면서도 더 많은 사례 연구와 기술 정교화에 매진하고 있다고 밝혔다,포기할 예정이라고 밝혔다,현대차는 현대차 에어백은 충돌 각도를 맞춰야 작동한다는 오해에 대해 이러한 표현은 섭섭할 수도 있다면서도 더 많은 사례 연구와 기술 정교화에 포기할 예정이라고 밝혔다,12.187,True
zk_00849,207,train,high,5,현대차는 현대차 에어백은 충돌 각도를 맞춰야 작동한다는 오해에 대해 이러한 표현은 섭섭할 수도 있다면서도 더 많은 사례 연구와 기술 정교화에 매진하고 있다고 밝혔다,기술 정교화를 포기하고 있다고 밝혔다,현대차는 현대차 에어백은 충돌 각도를 맞춰야 작동한다는 오해에 대해 이러한 표현은 섭섭할 수도 있다면서도 더 많은 사례 연구와 기술 정교화를 포기하고 있다고 밝혔다,12.187,True
zk_00850,208,train,low,2,다른 지역에서는 그곳이 아무리 넓다 하더라도 푸야 라이몬디를 발견하기가 어려울 것입니다,쉬울 겁니다,다른 지역에서는 그곳이 아무리 넓다 하더라도 푸야 라이몬디를 발견하기가 쉬울 겁니다,7.537,True
zk_00850,208,train,mid,3,다른 지역에서는 그곳이 아무리 넓다 하더라도 푸야 라이몬디를 발견하기가 어려울 것입니다,찾아내기가 쉬울것입니다,다른 지역에서는 그곳이 아무리 넓다 하더라도 푸야 라이몬디를 찾아내기가 쉬울것입니다,7.537,False
zk_00850,208,train,high,5,다른 지역에서는 그곳이 아무리 넓다 하더라도 푸야 라이몬디를 발견하기가 어려울 것입니다,푸야 라이몬디를 찾기가 쉬울 것입니다,다른 지역에서는 그곳이 아무리 넓다 하더라도 푸야 라이몬디를 찾기가 쉬울 것입니다,7.537,True
zk_00851,208,train,low,2,최순실 정국 이전부터 새누리당의 고정 지지 기반은 천천히 하지만 눈에 띄게 침식되고 있었다,쌓여지고 있었다,최순실 정국 이전부터 새누리당의 고정 지지 기반은 천천히 하지만 눈에 띄게 쌓여지고 있었다,6.6495625,True
zk_00851,208,train,mid,3,최순실 정국 이전부터 새누리당의 고정 지지 기반은 천천히 하지만 눈에 띄게 침식되고 있었다,빠르게 성장하고 있었다,최순실 정국 이전부터 새누리당의 고정 지지 기반은 천천히 하지만 눈에 빠르게 성장하고 있었다,6.6495625,True
zk_00851,208,train,high,5,최순실 정국 이전부터 새누리당의 고정 지지 기반은 천천히 하지만 눈에 띄게 침식되고 있었다,하지만 눈에 띄게 복원되고 있었다,최순실 정국 이전부터 새누리당의 고정 지지 기반은 천천히 하지만 눈에 띄게 복원되고 있었다,6.6495625,True
zk_00852,208,train,low,2,이 점과 관련하여 국제 연합의 한 보고서는 공식 비공식 학습 공동체 참여 종교 활동을 통한 계속적인 발전을 권하였습니다,퇴보를 권하였습니다,이 점과 관련하여 국제 연합의 한 보고서는 공식 비공식 학습 공동체 참여 종교 활동을 통한 계속적인 퇴보를 권하였습니다,9.48475,True
zk_00852,208,train,mid,3,이 점과 관련하여 국제 연합의 한 보고서는 공식 비공식 학습 공동체 참여 종교 활동을 통한 계속적인 발전을 권하였습니다,중단을 강력히 권했습니다,이 점과 관련하여 국제 연합의 한 보고서는 공식 비공식 학습 공동체 참여 종교 활동을 통한 중단을 강력히 권했습니다,9.48475,True
zk_00852,208,train,high,5,이 점과 관련하여 국제 연합의 한 보고서는 공식 비공식 학습 공동체 참여 종교 활동을 통한 계속적인 발전을 권하였습니다,활동을 중단할 것을 강력히 권하였습니다,이 점과 관련하여 국제 연합의 한 보고서는 공식 비공식 학습 공동체 참여 종교 활동을 중단할 것을 강력히 권하였습니다,9.48475,True
zk_00853,208,train,low,2,단원고 학생들은 직업이 없기 때문에 도시 일용노임 월 백 구십 삼 만 원을 적용해 삼 억 원 정도의 배상 액수를 정했지요,액수를 못정했지요,단원고 학생들은 직업이 없기 때문에 도시 일용노임 월 백 구십 삼 만 원을 적용해 삼 억 원 정도의 배상 액수를 못정했지요,9.1623125,True
zk_00853,208,train,mid,3,단원고 학생들은 직업이 없기 때문에 도시 일용노임 월 백 구십 삼 만 원을 적용해 삼 억 원 정도의 배상 액수를 정했지요,배상 액수를 미뤘지요,단원고 학생들은 직업이 없기 때문에 도시 일용노임 월 백 구십 삼 만 원을 적용해 삼 억 원 정도의 배상 액수를 미뤘지요,9.1623125,True
zk_00853,208,train,high,5,단원고 학생들은 직업이 없기 때문에 도시 일용노임 월 백 구십 삼 만 원을 적용해 삼 억 원 정도의 배상 액수를 정했지요,원 정도의 배상을 거절하였지요,단원고 학생들은 직업이 없기 때문에 도시 일용노임 월 백 구십 삼 만 원을 적용해 삼 억 원 정도의 배상을 거절하였지요,9.1623125,False
zk_00854,208,train,low,2,영미권뿐만 아니라 중국에서도 베이징 상하이의 젊은층을 중심으로 크래프트 맥주가 선풍적인 인기를 얻고 있다고 파이낸셜타임스가 전했다,로이터 보도,영미권뿐만 아니라 중국에서도 베이징 상하이의 젊은층을 중심으로 크래프트 맥주가 선풍적인 인기를 얻고 있다고 로이터 보도,9.595625,True
zk_00854,208,train,mid,3,영미권뿐만 아니라 중국에서도 베이징 상하이의 젊은층을 중심으로 크래프트 맥주가 선풍적인 인기를 얻고 있다고 파이낸셜타임스가 전했다,없다고 파이낸셜타임스가 전했다,영미권뿐만 아니라 중국에서도 베이징 상하이의 젊은층을 중심으로 크래프트 맥주가 선풍적인 인기를 얻고 없다고 파이낸셜타임스가 전했다,9.595625,True
zk_00854,208,train,high,5,영미권뿐만 아니라 중국에서도 베이징 상하이의 젊은층을 중심으로 크래프트 맥주가 선풍적인 인기를 얻고 있다고 파이낸셜타임스가 전했다,인기를 잃고 있다고 파이낸셜타임스가 전했다,영미권뿐만 아니라 중국에서도 베이징 상하이의 젊은층을 중심으로 크래프트 맥주가 선풍적인 인기를 잃고 있다고 파이낸셜타임스가 전했다,9.595625,True
zk_00855,208,train,low,2,아울러 획정 기준은 현행 공직선거법을 근거로 게리맨더링을 방지하고 지역대표성을 확보하는 등 기본 원칙을 지킨다는 방침이다,어긴다는 방침이다,아울러 획정 기준은 현행 공직선거법을 근거로 게리맨더링을 방지하고 지역대표성을 확보하는 등 기본 원칙을 어긴다는 방침이다,9.477375,True
zk_00855,208,train,mid,3,아울러 획정 기준은 현행 공직선거법을 근거로 게리맨더링을 방지하고 지역대표성을 확보하는 등 기본 원칙을 지킨다는 방침이다,원칙을 위반한다는 방침이다,아울러 획정 기준은 현행 공직선거법을 근거로 게리맨더링을 방지하고 지역대표성을 확보하는 등 기본 원칙을 위반한다는 방침이다,9.477375,True
zk_00855,208,train,high,5,아울러 획정 기준은 현행 공직선거법을 근거로 게리맨더링을 방지하고 지역대표성을 확보하는 등 기본 원칙을 지킨다는 방침이다,등 기본 원칙을 위반한다는 방침이다,아울러 획정 기준은 현행 공직선거법을 근거로 게리맨더링을 방지하고 지역대표성을 확보하는 등 기본 원칙을 위반한다는 방침이다,9.477375,True
zk_00856,208,train,low,2,그래서 재소자들은 보통 구치소 내에 있는 미용실을 이용을 하게 되는데 이 경우에는 파마나 염색 이런 거 안 되고 커트만 가능하다 이런 것을 구체적으로 설명하고 있고요,감추고 있고요,그래서 재소자들은 보통 구치소 내에 있는 미용실을 이용을 하게 되는데 이 경우에는 파마나 염색 이런 거 안 되고 커트만 가능하다 이런 것을 구체적으로 감추고 있고요,11.859,True
zk_00856,208,train,mid,3,그래서 재소자들은 보통 구치소 내에 있는 미용실을 이용을 하게 되는데 이 경우에는 파마나 염색 이런 거 안 되고 커트만 가능하다 이런 것을 구체적으로 설명하고 있고요,모호하게 언급만 하고요,그래서 재소자들은 보통 구치소 내에 있는 미용실을 이용을 하게 되는데 이 경우에는 파마나 염색 이런 거 안 되고 커트만 가능하다 이런 것을 모호하게 언급만 하고요,11.859,True
zk_00856,208,train,high,5,그래서 재소자들은 보통 구치소 내에 있는 미용실을 이용을 하게 되는데 이 경우에는 파마나 염색 이런 거 안 되고 커트만 가능하다 이런 것을 구체적으로 설명하고 있고요,이런 것을 구체적으로 숨기고 있고요,그래서 재소자들은 보통 구치소 내에 있는 미용실을 이용을 하게 되는데 이 경우에는 파마나 염색 이런 거 안 되고 커트만 가능하다 이런 것을 구체적으로 숨기고 있고요,11.859,True
zk_00857,208,train,low,2,다수의 선정작을 가려낸 재난안전교육 및 한글 활용 등 여타 부문과 대조를 이루는 부분이다,깨뜨리는 부분이다,다수의 선정작을 가려낸 재난안전교육 및 한글 활용 등 여타 부문과 대조를 깨뜨리는 부분이다,6.9649375,True
zk_00857,208,train,mid,3,다수의 선정작을 가려낸 재난안전교육 및 한글 활용 등 여타 부문과 대조를 이루는 부분이다,일치하지 않는 부분이다,다수의 선정작을 가려낸 재난안전교육 및 한글 활용 등 여타 부문과 일치하지 않는 부분이다,6.9649375,True
zk_00857,208,train,high,5,다수의 선정작을 가려낸 재난안전교육 및 한글 활용 등 여타 부문과 대조를 이루는 부분이다,여타 부문과 일치하는 공통 부분이다,다수의 선정작을 가려낸 재난안전교육 및 한글 활용 등 여타 부문과 일치하는 공통 부분이다,6.9649375,True
zk_00858,208,train,low,2,어둠이 채 가시지 않은 이른 시각에 남루한 차림에 가방을 짊어진 삼십 에서 사십 대 남성들이 하나둘씩 모여들기 시작했다,흩어지기 시작했다,어둠이 채 가시지 않은 이른 시각에 남루한 차림에 가방을 짊어진 삼십 에서 사십 대 남성들이 하나둘씩 흩어지기 시작했다,8.88725,True
zk_00858,208,train,mid,3,어둠이 채 가시지 않은 이른 시각에 남루한 차림에 가방을 짊어진 삼십 에서 사십 대 남성들이 하나둘씩 모여들기 시작했다,하나둘씩 흩어져 나갔다,어둠이 채 가시지 않은 이른 시각에 남루한 차림에 가방을 짊어진 삼십 에서 사십 대 남성들이 하나둘씩 흩어져 나갔다,8.88725,True
zk_00858,208,train,high,5,어둠이 채 가시지 않은 이른 시각에 남루한 차림에 가방을 짊어진 삼십 에서 사십 대 남성들이 하나둘씩 모여들기 시작했다,젊은 여성들이 하나둘씩 떠나가기 시작했다,어둠이 채 가시지 않은 이른 시각에 남루한 차림에 가방을 짊어진 삼십 에서 사십 젊은 여성들이 하나둘씩 떠나가기 시작했다,8.88725,True
zk_00859,208,train,low,2,앵커 한 고등학교가 얼마 전 이 학년 학부모들에게 발송한 가정통신문입니다,미발송한 가정통신문입니다,앵커 한 고등학교가 얼마 전 이 학년 학부모들에게 미발송한 가정통신문입니다,5.5893125,True
zk_00859,208,train,mid,3,앵커 한 고등학교가 얼마 전 이 학년 학부모들에게 발송한 가정통신문입니다,학부모들에게 비공개한 공지입니다,앵커 한 고등학교가 얼마 전 이 학년 학부모들에게 비공개한 공지입니다,5.5893125,True
zk_00859,208,train,high,5,앵커 한 고등학교가 얼마 전 이 학년 학부모들에게 발송한 가정통신문입니다,다른 학년 학부모들에게 미발송한 공지입니다,앵커 한 고등학교가 얼마 전 다른 학년 학부모들에게 미발송한 공지입니다,5.5893125,True
zk_00860,209,train,low,2,이름을 짓는 것이 하느님의 특성이라는 점은 성경에서도 분명히 나타납니다,드러나지 않습니다,이름을 짓는 것이 하느님의 특성이라는 점은 성경에서도 드러나지 않습니다,5.3296875,True
zk_00860,209,train,mid,3,이름을 짓는 것이 하느님의 특성이라는 점은 성경에서도 분명히 나타납니다,성경에서 나타나지 않습니다,이름을 짓는 것이 하느님의 특성이라는 점은 성경에서 나타나지 않습니다,5.3296875,True
zk_00860,209,train,high,5,이름을 짓는 것이 하느님의 특성이라는 점은 성경에서도 분명히 나타납니다,특성이라는 점은 성경에 없습니다,이름을 짓는 것이 하느님의 특성이라는 점은 성경에 없습니다,5.3296875,False
zk_00861,209,train,low,2,그리고 이내 우리 아들 리언에게도 하느님의 말씀에 순종하는 것이 얼마나 유익한지 가르쳐 주기 시작했어요,멈춰 버렸어요,그리고 이내 우리 아들 리언에게도 하느님의 말씀에 순종하는 것이 얼마나 유익한지 가르쳐 멈춰 버렸어요,8.213,True
zk_00861,209,train,mid,3,그리고 이내 우리 아들 리언에게도 하느님의 말씀에 순종하는 것이 얼마나 유익한지 가르쳐 주기 시작했어요,가르쳐 주지 않았어요,그리고 이내 우리 아들 리언에게도 하느님의 말씀에 순종하는 것이 얼마나 유익한지 가르쳐 주지 않았어요,8.213,True
zk_00861,209,train,high,5,그리고 이내 우리 아들 리언에게도 하느님의 말씀에 순종하는 것이 얼마나 유익한지 가르쳐 주기 시작했어요,얼마나 해로운지 계속 지적하기 시작했어요,그리고 이내 우리 아들 리언에게도 하느님의 말씀에 순종하는 것이 얼마나 해로운지 계속 지적하기 시작했어요,8.213,True
zk_00862,209,train,low,2,이 심지에 불을 붙이면 화약이 폭발해 그 앞에 있는 쇠구슬 총알이 발사되는 방식이다,회수되는 방식이다,이 심지에 불을 붙이면 화약이 폭발해 그 앞에 있는 쇠구슬 총알이 회수되는 방식이다,6.454625,True
zk_00862,209,train,mid,3,이 심지에 불을 붙이면 화약이 폭발해 그 앞에 있는 쇠구슬 총알이 발사되는 방식이다,총알이 발사되지 않는다,이 심지에 불을 붙이면 화약이 폭발해 그 앞에 있는 쇠구슬 총알이 발사되지 않는다,6.454625,True
zk_00862,209,train,high,5,이 심지에 불을 붙이면 화약이 폭발해 그 앞에 있는 쇠구슬 총알이 발사되는 방식이다,없는 쇠구슬 총알이 발사되지 않는다,이 심지에 불을 붙이면 화약이 폭발해 그 앞에 없는 쇠구슬 총알이 발사되지 않는다,6.454625,True
zk_00863,209,train,low,2,지난해 이들 크루즈관광객의 평균 체류기간은 오 쩜 구 사 시간,밤 시간,지난해 이들 크루즈관광객의 평균 체류기간은 오 쩜 구 밤 시간,5.8153125,True
zk_00863,209,train,mid,3,지난해 이들 크루즈관광객의 평균 체류기간은 오 쩜 구 사 시간,밤 열두 시,지난해 이들 크루즈관광객의 평균 체류기간은 오 쩜 밤 열두 시,5.8153125,True
zk_00863,209,train,high,5,지난해 이들 크루즈관광객의 평균 체류기간은 오 쩜 구 사 시간,오 쩜 구 분 정도면,지난해 이들 크루즈관광객의 평균 체류기간은 오 쩜 구 분 정도면,5.8153125,True
zk_00864,209,train,low,2,백 열 아홉 개국 정상을 포함한 백 아흔 두 개국 대표단이 기후 변화 문제에 대처하기 위해 이천 구 년 십 이 월에 덴마크 코펜하겐에서 열린 이 모임에 참석했습니다,모임을 결석했습니다,백 열 아홉 개국 정상을 포함한 백 아흔 두 개국 대표단이 기후 변화 문제에 대처하기 위해 이천 구 년 십 이 월에 덴마크 코펜하겐에서 열린 이 모임을 결석했습니다,12.5399375,True
zk_00864,209,train,mid,3,백 열 아홉 개국 정상을 포함한 백 아흔 두 개국 대표단이 기후 변화 문제에 대처하기 위해 이천 구 년 십 이 월에 덴마크 코펜하겐에서 열린 이 모임에 참석했습니다,이 모임을 거절했습니다,백 열 아홉 개국 정상을 포함한 백 아흔 두 개국 대표단이 기후 변화 문제에 대처하기 위해 이천 구 년 십 이 월에 덴마크 코펜하겐에서 열린 이 모임을 거절했습니다,12.5399375,True
zk_00864,209,train,high,5,백 열 아홉 개국 정상을 포함한 백 아흔 두 개국 대표단이 기후 변화 문제에 대처하기 위해 이천 구 년 십 이 월에 덴마크 코펜하겐에서 열린 이 모임에 참석했습니다,코펜하겐에서 열린 이 모임을 거절했습니다,백 열 아홉 개국 정상을 포함한 백 아흔 두 개국 대표단이 기후 변화 문제에 대처하기 위해 이천 구 년 십 이 월에 덴마크 코펜하겐에서 열린 이 모임을 거절했습니다,12.5399375,True
zk_00865,209,train,low,2,정씨는 이천 십 삼 년 이 월 공공비정규직 노조 지회 설립을 주도했다,설립을 반대했다,정씨는 이천 십 삼 년 이 월 공공비정규직 노조 지회 설립을 반대했다,6.0858125,True
zk_00865,209,train,mid,3,정씨는 이천 십 삼 년 이 월 공공비정규직 노조 지회 설립을 주도했다,지회 설립을 반대했다,정씨는 이천 십 삼 년 이 월 공공비정규직 노조 지회 설립을 반대했다,6.0858125,True
zk_00865,209,train,high,5,정씨는 이천 십 삼 년 이 월 공공비정규직 노조 지회 설립을 주도했다,공공비정규직 노조 지회 설립을 반대했다,정씨는 이천 십 삼 년 이 월 공공비정규직 노조 지회 설립을 반대했다,6.0858125,True
zk_00866,209,train,low,2,옥천군은 주민들의 불안이 수그러들 때까지 노인장애인복지관과 국민체육센터 체육센터 등 다중 이용시설을 당분간 폐쇄하는 방안을 고려하고 있다,거부하고 있다,옥천군은 주민들의 불안이 수그러들 때까지 노인장애인복지관과 국민체육센터 체육센터 등 다중 이용시설을 당분간 폐쇄하는 방안을 거부하고 있다,10.62125,True
zk_00866,209,train,mid,3,옥천군은 주민들의 불안이 수그러들 때까지 노인장애인복지관과 국민체육센터 체육센터 등 다중 이용시설을 당분간 폐쇄하는 방안을 고려하고 있다,방안을 거부하고 있다,옥천군은 주민들의 불안이 수그러들 때까지 노인장애인복지관과 국민체육센터 체육센터 등 다중 이용시설을 당분간 폐쇄하는 방안을 거부하고 있다,10.62125,True
zk_00866,209,train,high,5,옥천군은 주민들의 불안이 수그러들 때까지 노인장애인복지관과 국민체육센터 체육센터 등 다중 이용시설을 당분간 폐쇄하는 방안을 고려하고 있다,지속적으로 운영하는 방안을 고려하고 있다,옥천군은 주민들의 불안이 수그러들 때까지 노인장애인복지관과 국민체육센터 체육센터 등 다중 이용시설을 지속적으로 운영하는 방안을 고려하고 있다,10.62125,True
zk_00867,209,train,low,2,중위그룹은 일 조 구천 억원 적자 하위그룹은 칠천 억원 의 적자를 기록했다,흑자를 기록했다,중위그룹은 일 조 구천 억원 적자 하위그룹은 칠천 억원 의 흑자를 기록했다,5.64375,True
zk_00867,209,train,mid,3,중위그룹은 일 조 구천 억원 적자 하위그룹은 칠천 억원 의 적자를 기록했다,의 흑자를 기록했다,중위그룹은 일 조 구천 억원 적자 하위그룹은 칠천 억원 의 흑자를 기록했다,5.64375,True
zk_00867,209,train,high,5,중위그룹은 일 조 구천 억원 적자 하위그룹은 칠천 억원 의 적자를 기록했다,칠천 억원 의 흑자를 기록했다,중위그룹은 일 조 구천 억원 적자 하위그룹은 칠천 억원 의 흑자를 기록했다,5.64375,True
zk_00868,209,train,low,2,당시 현 회장은 사행사업을 한다는 한국마사회의 이미지를 개선하고자 추진한 테마파크 사업이 공개된 자리에서 특혜 의혹을 받는 자체가 참담하다,자체가 훌륭하다,당시 현 회장은 사행사업을 한다는 한국마사회의 이미지를 개선하고자 추진한 테마파크 사업이 공개된 자리에서 특혜 의혹을 받는 자체가 훌륭하다,10.6715,True
zk_00868,209,train,mid,3,당시 현 회장은 사행사업을 한다는 한국마사회의 이미지를 개선하고자 추진한 테마파크 사업이 공개된 자리에서 특혜 의혹을 받는 자체가 참담하다,주는 자체가 자랑스럽다,당시 현 회장은 사행사업을 한다는 한국마사회의 이미지를 개선하고자 추진한 테마파크 사업이 공개된 자리에서 특혜 의혹을 주는 자체가 자랑스럽다,10.6715,True
zk_00868,209,train,high,5,당시 현 회장은 사행사업을 한다는 한국마사회의 이미지를 개선하고자 추진한 테마파크 사업이 공개된 자리에서 특혜 의혹을 받는 자체가 참담하다,특혜 의혹을 받는 것이 자랑스럽다,당시 현 회장은 사행사업을 한다는 한국마사회의 이미지를 개선하고자 추진한 테마파크 사업이 공개된 자리에서 특혜 의혹을 받는 것이 자랑스럽다,10.6715,True
zk_00869,209,train,low,2,향후 기후변화에 따라 지역별 유역별 강수량 편차가 커지고 태풍 호우 가뭄 등 자연재해가 늘어남에 따라 수자원 활용 여건은 더욱 어려워질 것으로 전망된다,부정될 것으로,향후 기후변화에 따라 지역별 유역별 강수량 편차가 커지고 태풍 호우 가뭄 등 자연재해가 늘어남에 따라 수자원 활용 여건은 더욱 어려워질 부정될 것으로,12.98125,True
zk_00869,209,train,mid,3,향후 기후변화에 따라 지역별 유역별 강수량 편차가 커지고 태풍 호우 가뭄 등 자연재해가 늘어남에 따라 수자원 활용 여건은 더욱 어려워질 것으로 전망된다,쉬워질 것으로 예상된다,향후 기후변화에 따라 지역별 유역별 강수량 편차가 커지고 태풍 호우 가뭄 등 자연재해가 늘어남에 따라 수자원 활용 여건은 더욱 쉬워질 것으로 예상된다,12.98125,True
zk_00869,209,train,high,5,향후 기후변화에 따라 지역별 유역별 강수량 편차가 커지고 태풍 호우 가뭄 등 자연재해가 늘어남에 따라 수자원 활용 여건은 더욱 어려워질 것으로 전망된다,여건은 점차 개선될 것으로 예상된다,향후 기후변화에 따라 지역별 유역별 강수량 편차가 커지고 태풍 호우 가뭄 등 자연재해가 늘어남에 따라 수자원 활용 여건은 점차 개선될 것으로 예상된다,12.98125,True
zk_00870,210,train,low,2,이날 발표는 특위 회의가 길어지면서 예정된 오후 세 시를 한참 넘겨 이뤄졌다,막혔다 중단됐다,이날 발표는 특위 회의가 길어지면서 예정된 오후 세 시를 한참 막혔다 중단됐다,5.9596875,True
zk_00870,210,train,mid,3,이날 발표는 특위 회의가 길어지면서 예정된 오후 세 시를 한참 넘겨 이뤄졌다,한참 뒤에 무산되었다,이날 발표는 특위 회의가 길어지면서 예정된 오후 세 시를 한참 뒤에 무산되었다,5.9596875,True
zk_00870,210,train,high,5,이날 발표는 특위 회의가 길어지면서 예정된 오후 세 시를 한참 넘겨 이뤄졌다,정오 훨씬 전에 이루어졌다,이날 발표는 특위 회의가 길어지면서 예정된 오후 정오 훨씬 전에 이루어졌다,5.9596875,False
zk_00871,210,train,low,2,대학원 졸업 신규직원의 경우 이 비율이 십 오 쩜 구 퍼센트까지 상승했다,퍼센트까지 하락했다,대학원 졸업 신규직원의 경우 이 비율이 십 오 쩜 구 퍼센트까지 하락했다,5.6809375,True
zk_00871,210,train,mid,3,대학원 졸업 신규직원의 경우 이 비율이 십 오 쩜 구 퍼센트까지 상승했다,구 퍼센트까지 하락했다,대학원 졸업 신규직원의 경우 이 비율이 십 오 쩜 구 퍼센트까지 하락했다,5.6809375,True
zk_00871,210,train,high,5,대학원 졸업 신규직원의 경우 이 비율이 십 오 쩜 구 퍼센트까지 상승했다,오 점 구 퍼센트까지 하락했다,대학원 졸업 신규직원의 경우 이 비율이 십 오 점 구 퍼센트까지 하락했다,5.6809375,True
zk_00872,210,train,low,2,같은 해 팔 월 육 칠 일 일부 언론의 최태원 김승연 사면대상 포함 보도와는 달리 그 이전에 이미 최 회장 단독 사면 결론이 내려진 것이다,올려진 것이다,같은 해 팔 월 육 칠 일 일부 언론의 최태원 김승연 사면대상 포함 보도와는 달리 그 이전에 이미 최 회장 단독 사면 결론이 올려진 것이다,9.969875,True
zk_00872,210,train,mid,3,같은 해 팔 월 육 칠 일 일부 언론의 최태원 김승연 사면대상 포함 보도와는 달리 그 이전에 이미 최 회장 단독 사면 결론이 내려진 것이다,결론이 내려지지 않았다,같은 해 팔 월 육 칠 일 일부 언론의 최태원 김승연 사면대상 포함 보도와는 달리 그 이전에 이미 최 회장 단독 사면 결론이 내려지지 않았다,9.969875,True
zk_00872,210,train,high,5,같은 해 팔 월 육 칠 일 일부 언론의 최태원 김승연 사면대상 포함 보도와는 달리 그 이전에 이미 최 회장 단독 사면 결론이 내려진 것이다,단독 사면이 결코 인정되지 않았다,같은 해 팔 월 육 칠 일 일부 언론의 최태원 김승연 사면대상 포함 보도와는 달리 그 이전에 이미 최 회장 단독 사면이 결코 인정되지 않았다,9.969875,True
zk_00873,210,train,low,2,조금 조이는 바지를 입어서 바지가 무릎 위까지 잘 안 올라가서 조금 젖었습니다,완전히 말랐습니다,조금 조이는 바지를 입어서 바지가 무릎 위까지 잘 안 올라가서 완전히 말랐습니다,5.7655625,True
zk_00873,210,train,mid,3,조금 조이는 바지를 입어서 바지가 무릎 위까지 잘 안 올라가서 조금 젖었습니다,내려가서 완전히 말랐습니다,조금 조이는 바지를 입어서 바지가 무릎 위까지 잘 안 내려가서 완전히 말랐습니다,5.7655625,True
zk_00873,210,train,high,5,조금 조이는 바지를 입어서 바지가 무릎 위까지 잘 안 올라가서 조금 젖었습니다,잘 올라가서 완전히 말라버렸습니다,조금 조이는 바지를 입어서 바지가 무릎 위까지 잘 올라가서 완전히 말라버렸습니다,5.7655625,False
zk_00874,210,train,low,2,효은에 따르면 대학교 동아리에서 만난 신천지 친구가 심리상담을 통해 신천지를 전도했다,신천지를 비판했다,효은에 따르면 대학교 동아리에서 만난 신천지 친구가 심리상담을 통해 신천지를 비판했다,6.6596875,True
zk_00874,210,train,mid,3,효은에 따르면 대학교 동아리에서 만난 신천지 친구가 심리상담을 통해 신천지를 전도했다,통해 신천지를 비판했다,효은에 따르면 대학교 동아리에서 만난 신천지 친구가 심리상담을 통해 신천지를 비판했다,6.6596875,True
zk_00874,210,train,high,5,효은에 따르면 대학교 동아리에서 만난 신천지 친구가 심리상담을 통해 신천지를 전도했다,친구가 심리상담을 통해 신천지를 탈출했다,효은에 따르면 대학교 동아리에서 만난 신천지 친구가 심리상담을 통해 신천지를 탈출했다,6.6596875,True
zk_00875,210,train,low,2,경찰은 처벌이 가벼운 폭력행위처벌법을 적용해 검찰에 넘겼으나 검찰은 처벌이 더 무거운 죄를 적용한 것이다,거부했던 것이다,경찰은 처벌이 가벼운 폭력행위처벌법을 적용해 검찰에 넘겼으나 검찰은 처벌이 더 무거운 죄를 거부했던 것이다,7.8374375,True
zk_00875,210,train,mid,3,경찰은 처벌이 가벼운 폭력행위처벌법을 적용해 검찰에 넘겼으나 검찰은 처벌이 더 무거운 죄를 적용한 것이다,죄를 부인한 것이다,경찰은 처벌이 가벼운 폭력행위처벌법을 적용해 검찰에 넘겼으나 검찰은 처벌이 더 무거운 죄를 부인한 것이다,7.8374375,True
zk_00875,210,train,high,5,경찰은 처벌이 가벼운 폭력행위처벌법을 적용해 검찰에 넘겼으나 검찰은 처벌이 더 무거운 죄를 적용한 것이다,더 가벼운 죄를 적용한 것이다,경찰은 처벌이 가벼운 폭력행위처벌법을 적용해 검찰에 넘겼으나 검찰은 처벌이 더 가벼운 죄를 적용한 것이다,7.8374375,True
zk_00876,210,train,low,2,십 이 일 오전 여덟 시께 대구 중구 동산의료원에서 치료받던 절도 피의자 현모씨가 이 층 여자 화장실 창문을 통해 달아났다,통해 잡혔다,십 이 일 오전 여덟 시께 대구 중구 동산의료원에서 치료받던 절도 피의자 현모씨가 이 층 여자 화장실 창문을 통해 잡혔다,9.0936875,True
zk_00876,210,train,mid,3,십 이 일 오전 여덟 시께 대구 중구 동산의료원에서 치료받던 절도 피의자 현모씨가 이 층 여자 화장실 창문을 통해 달아났다,창문을 통해 들어왔다,십 이 일 오전 여덟 시께 대구 중구 동산의료원에서 치료받던 절도 피의자 현모씨가 이 층 여자 화장실 창문을 통해 들어왔다,9.0936875,True
zk_00876,210,train,high,5,십 이 일 오전 여덟 시께 대구 중구 동산의료원에서 치료받던 절도 피의자 현모씨가 이 층 여자 화장실 창문을 통해 달아났다,여자 화장실 정문으로 당당히 들어왔다,십 이 일 오전 여덟 시께 대구 중구 동산의료원에서 치료받던 절도 피의자 현모씨가 이 층 여자 화장실 정문으로 당당히 들어왔다,9.0936875,True
zk_00877,210,train,low,2,이 회사는 또 차량유지비로 지난해 칠백 팔십 이 만원 이천 십 사 년 칠백 이 만원을 썼다,만원을 받았다,이 회사는 또 차량유지비로 지난해 칠백 팔십 이 만원 이천 십 사 년 칠백 이 만원을 받았다,6.7258125,True
zk_00877,210,train,mid,3,이 회사는 또 차량유지비로 지난해 칠백 팔십 이 만원 이천 십 사 년 칠백 이 만원을 썼다,이 만원을 남겼다,이 회사는 또 차량유지비로 지난해 칠백 팔십 이 만원 이천 십 사 년 칠백 이 만원을 남겼다,6.7258125,True
zk_00877,210,train,high,5,이 회사는 또 차량유지비로 지난해 칠백 팔십 이 만원 이천 십 사 년 칠백 이 만원을 썼다,년 칠백 이 남아 있다,이 회사는 또 차량유지비로 지난해 칠백 팔십 이 만원 이천 십 사 년 칠백 이 남아 있다,6.7258125,True
zk_00878,210,train,low,2,그러한 이유로 많은 과학자와 연구가들은 창조주의 존재를 믿습니다,존재를 의심합니다,그러한 이유로 많은 과학자와 연구가들은 창조주의 존재를 의심합니다,5.8035,True
zk_00878,210,train,mid,3,그러한 이유로 많은 과학자와 연구가들은 창조주의 존재를 믿습니다,창조주의 존재를 의심합니다,그러한 이유로 많은 과학자와 연구가들은 창조주의 존재를 의심합니다,5.8035,True
zk_00878,210,train,high,5,그러한 이유로 많은 과학자와 연구가들은 창조주의 존재를 믿습니다,과학자와 연구가들은 창조주의 존재를 의심합니다,그러한 이유로 많은 과학자와 연구가들은 창조주의 존재를 의심합니다,5.8035,True
zk_00879,210,train,low,2,그런데 여기서 이런 식으로 성매매 업주한테 빌린 돈은 안 갚아도 된다는 교육을 했습니다,교육을 거부했습니다,그런데 여기서 이런 식으로 성매매 업주한테 빌린 돈은 안 갚아도 된다는 교육을 거부했습니다,6.5046875,True
zk_00879,210,train,mid,3,그런데 여기서 이런 식으로 성매매 업주한테 빌린 돈은 안 갚아도 된다는 교육을 했습니다,안 된다고 했습니다,그런데 여기서 이런 식으로 성매매 업주한테 빌린 돈은 안 갚아도 안 된다고 했습니다,6.5046875,True
zk_00879,210,train,high,5,그런데 여기서 이런 식으로 성매매 업주한테 빌린 돈은 안 갚아도 된다는 교육을 했습니다,반드시 갚아야 한다고 교육했습니다,그런데 여기서 이런 식으로 성매매 업주한테 빌린 돈은 반드시 갚아야 한다고 교육했습니다,6.5046875,False
zk_00880,211,train,low,2,또 미국 무기들이 세계에서 가장 우수하다는 점도 영향을 미쳤다,영향을 주지못했다,또 미국 무기들이 세계에서 가장 우수하다는 점도 영향을 주지못했다,5.869625,True
zk_00880,211,train,mid,3,또 미국 무기들이 세계에서 가장 우수하다는 점도 영향을 미쳤다,점도 영향을 주지,또 미국 무기들이 세계에서 가장 우수하다는 점도 영향을 주지,5.869625,True
zk_00880,211,train,high,5,또 미국 무기들이 세계에서 가장 우수하다는 점도 영향을 미쳤다,가장 부족하다는 점도 영향을 미쳤다,또 미국 무기들이 세계에서 가장 부족하다는 점도 영향을 미쳤다,5.869625,True
zk_00881,211,train,low,2,그러고 나서 넌 성서에서 약속하는 이런 축복이 이루어질 거라고 생각하니 라고 물었습니다,라고 대답했습니다,그러고 나서 넌 성서에서 약속하는 이런 축복이 이루어질 거라고 생각하니 라고 대답했습니다,7.135875,True
zk_00881,211,train,mid,3,그러고 나서 넌 성서에서 약속하는 이런 축복이 이루어질 거라고 생각하니 라고 물었습니다,생각하니 라고 답했습니다,그러고 나서 넌 성서에서 약속하는 이런 축복이 이루어질 거라고 생각하니 라고 답했습니다,7.135875,True
zk_00881,211,train,high,5,그러고 나서 넌 성서에서 약속하는 이런 축복이 이루어질 거라고 생각하니 라고 물었습니다,이루어질 수 없다고 생각했습니다,그러고 나서 넌 성서에서 약속하는 이런 축복이 이루어질 수 없다고 생각했습니다,7.135875,False
zk_00882,211,train,low,2,비교적 짧은 생애 동안 아그리콜라가 핀란드어로 남긴 출판물은 열 권 정도에 지나지 않는데 대략 총 이천 사백 쪽에 달합니다,못 미칩니다,비교적 짧은 생애 동안 아그리콜라가 핀란드어로 남긴 출판물은 열 권 정도에 지나지 않는데 대략 총 이천 사백 못 미칩니다,10.441875,True
zk_00882,211,train,mid,3,비교적 짧은 생애 동안 아그리콜라가 핀란드어로 남긴 출판물은 열 권 정도에 지나지 않는데 대략 총 이천 사백 쪽에 달합니다,십 쪽에 불과합니다,비교적 짧은 생애 동안 아그리콜라가 핀란드어로 남긴 출판물은 열 권 정도에 지나지 않는데 대략 총 이천 십 쪽에 불과합니다,10.441875,True
zk_00882,211,train,high,5,비교적 짧은 생애 동안 아그리콜라가 핀란드어로 남긴 출판물은 열 권 정도에 지나지 않는데 대략 총 이천 사백 쪽에 달합니다,겨우 백 쪽 정도에 불과합니다,비교적 짧은 생애 동안 아그리콜라가 핀란드어로 남긴 출판물은 열 권 정도에 지나지 않는데 대략 겨우 백 쪽 정도에 불과합니다,10.441875,True
zk_00883,211,train,low,2,뉴 사이언티스트 지는 기술자들이 이 곤충의 비밀을 밝혀내기 위해 날갯짓을 하며 공중에 떠 있는 벌들을 초당 육천 프레임의 속도로 촬영했다라고 보도한다,촬영하지 않았다고,뉴 사이언티스트 지는 기술자들이 이 곤충의 비밀을 밝혀내기 위해 날갯짓을 하며 공중에 떠 있는 벌들을 초당 육천 프레임의 속도로 촬영하지 않았다고,11.853125,True
zk_00883,211,train,mid,3,뉴 사이언티스트 지는 기술자들이 이 곤충의 비밀을 밝혀내기 위해 날갯짓을 하며 공중에 떠 있는 벌들을 초당 육천 프레임의 속도로 촬영했다라고 보도한다,속도로 촬영하지 않았다,뉴 사이언티스트 지는 기술자들이 이 곤충의 비밀을 밝혀내기 위해 날갯짓을 하며 공중에 떠 있는 벌들을 초당 육천 프레임의 속도로 촬영하지 않았다,11.853125,True
zk_00883,211,train,high,5,뉴 사이언티스트 지는 기술자들이 이 곤충의 비밀을 밝혀내기 위해 날갯짓을 하며 공중에 떠 있는 벌들을 초당 육천 프레임의 속도로 촬영했다라고 보도한다,육십 프레임의 속도로 촬영했다고 보도했다,뉴 사이언티스트 지는 기술자들이 이 곤충의 비밀을 밝혀내기 위해 날갯짓을 하며 공중에 떠 있는 벌들을 초당 육십 프레임의 속도로 촬영했다고 보도했다,11.853125,True
zk_00884,211,train,low,2,또 붙을 건데 의경들 스트레스 받지 말고 그냥 두라 꽃 스티커가 평화시위의 새로운 상징으로 부각되고 있다,무시되고 있다,또 붙을 건데 의경들 스트레스 받지 말고 그냥 두라 꽃 스티커가 평화시위의 새로운 상징으로 무시되고 있다,9.07525,True
zk_00884,211,train,mid,3,또 붙을 건데 의경들 스트레스 받지 말고 그냥 두라 꽃 스티커가 평화시위의 새로운 상징으로 부각되고 있다,상징으로 축소되고 있다,또 붙을 건데 의경들 스트레스 받지 말고 그냥 두라 꽃 스티커가 평화시위의 새로운 상징으로 축소되고 있다,9.07525,True
zk_00884,211,train,high,5,또 붙을 건데 의경들 스트레스 받지 말고 그냥 두라 꽃 스티커가 평화시위의 새로운 상징으로 부각되고 있다,폭력시위의 주요 쟁점으로 지적되고 있다,또 붙을 건데 의경들 스트레스 받지 말고 그냥 두라 꽃 스티커가 폭력시위의 주요 쟁점으로 지적되고 있다,9.07525,True
zk_00885,211,train,low,2,내 말을 전혀 믿지 않던 경찰의 태도가 조금 바뀌기 시작한 건 역설적이지만 시 인권센터 결정문 덕분이다,결정문 때문이다,내 말을 전혀 믿지 않던 경찰의 태도가 조금 바뀌기 시작한 건 역설적이지만 시 인권센터 결정문 때문이다,8.76475,True
zk_00885,211,train,mid,3,내 말을 전혀 믿지 않던 경찰의 태도가 조금 바뀌기 시작한 건 역설적이지만 시 인권센터 결정문 덕분이다,인권센터 결정문 때문이다,내 말을 전혀 믿지 않던 경찰의 태도가 조금 바뀌기 시작한 건 역설적이지만 시 인권센터 결정문 때문이다,8.76475,True
zk_00885,211,train,high,5,내 말을 전혀 믿지 않던 경찰의 태도가 조금 바뀌기 시작한 건 역설적이지만 시 인권센터 결정문 덕분이다,역설적이지만 시 인권센터 거부 때문이다,내 말을 전혀 믿지 않던 경찰의 태도가 조금 바뀌기 시작한 건 역설적이지만 시 인권센터 거부 때문이다,8.76475,True
zk_00886,211,train,low,2,사람들은 호박 구슬을 실에 꿰어 목에 걸고 다니면 머리와 목과 인후의 통증이 완화되고 호박으로 만든 팔찌는 류머티즘을 앓고 있는 사람들에게 도움이 된다고 믿었습니다,안 됩니다,사람들은 호박 구슬을 실에 꿰어 목에 걸고 다니면 머리와 목과 인후의 통증이 완화되고 호박으로 만든 팔찌는 류머티즘을 앓고 있는 사람들에게 도움이 안 됩니다,12.8539375,True
zk_00886,211,train,mid,3,사람들은 호박 구슬을 실에 꿰어 목에 걸고 다니면 머리와 목과 인후의 통증이 완화되고 호박으로 만든 팔찌는 류머티즘을 앓고 있는 사람들에게 도움이 된다고 믿었습니다,방해가 된다고 생각했습니다,사람들은 호박 구슬을 실에 꿰어 목에 걸고 다니면 머리와 목과 인후의 통증이 완화되고 호박으로 만든 팔찌는 류머티즘을 앓고 있는 사람들에게 방해가 된다고 생각했습니다,12.8539375,True
zk_00886,211,train,high,5,사람들은 호박 구슬을 실에 꿰어 목에 걸고 다니면 머리와 목과 인후의 통증이 완화되고 호박으로 만든 팔찌는 류머티즘을 앓고 있는 사람들에게 도움이 된다고 믿었습니다,있는 사람들에게 해가 된다고 생각했습니다,사람들은 호박 구슬을 실에 꿰어 목에 걸고 다니면 머리와 목과 인후의 통증이 완화되고 호박으로 만든 팔찌는 류머티즘을 앓고 있는 사람들에게 해가 된다고 생각했습니다,12.8539375,True
zk_00887,211,train,low,2,사진은 김 전 원장이 지난달 정 후보 사무실을 찾아 야당 지지자들과 함께 찍은 사진,찍지 않은,사진은 김 전 원장이 지난달 정 후보 사무실을 찾아 야당 지지자들과 함께 찍지 않은,7.4751875,True
zk_00887,211,train,mid,3,사진은 김 전 원장이 지난달 정 후보 사무실을 찾아 야당 지지자들과 함께 찍은 사진,혼자 찍은 사진,사진은 김 전 원장이 지난달 정 후보 사무실을 찾아 야당 지지자들과 혼자 찍은 사진,7.4751875,True
zk_00887,211,train,high,5,사진은 김 전 원장이 지난달 정 후보 사무실을 찾아 야당 지지자들과 함께 찍은 사진,여당 지지자들과 함께 찍은 사진,사진은 김 전 원장이 지난달 정 후보 사무실을 찾아 여당 지지자들과 함께 찍은 사진,7.4751875,True
zk_00888,211,train,low,2,그럴 때 부모가 자신의 감정을 솔직하게 표현해야 아이들도 속마음을 털어 놓게 되지요,잡게 되지요,그럴 때 부모가 자신의 감정을 솔직하게 표현해야 아이들도 속마음을 털어 잡게 되지요,6.9905625,True
zk_00888,211,train,mid,3,그럴 때 부모가 자신의 감정을 솔직하게 표현해야 아이들도 속마음을 털어 놓게 되지요,숨겨 두게 되지요,그럴 때 부모가 자신의 감정을 솔직하게 표현해야 아이들도 속마음을 숨겨 두게 되지요,6.9905625,True
zk_00888,211,train,high,5,그럴 때 부모가 자신의 감정을 솔직하게 표현해야 아이들도 속마음을 털어 놓게 되지요,아이들도 속마음을 숨기게 되곤 하지요,그럴 때 부모가 자신의 감정을 솔직하게 표현해야 아이들도 속마음을 숨기게 되곤 하지요,6.9905625,True
zk_00889,211,train,low,2,전셋값이 천정부지로 오르는 상황에서 월세 전환을 유도해서라도 주거 불안을 해소해야 하기 때문이다,그렇지 않다,전셋값이 천정부지로 오르는 상황에서 월세 전환을 유도해서라도 주거 불안을 해소해야 그렇지 않다,8.3481875,True
zk_00889,211,train,mid,3,전셋값이 천정부지로 오르는 상황에서 월세 전환을 유도해서라도 주거 불안을 해소해야 하기 때문이다,심화시켜야 하기 때문이다,전셋값이 천정부지로 오르는 상황에서 월세 전환을 유도해서라도 주거 불안을 심화시켜야 하기 때문이다,8.3481875,True
zk_00889,211,train,high,5,전셋값이 천정부지로 오르는 상황에서 월세 전환을 유도해서라도 주거 불안을 해소해야 하기 때문이다,주거 불안을 방치해야 하기 때문이다,전셋값이 천정부지로 오르는 상황에서 월세 전환을 유도해서라도 주거 불안을 방치해야 하기 때문이다,8.3481875,True
zk_00890,212,train,low,2,어쨌든 지난해 오십 구 승를 거뒀던 미네소타는 벌써 지난해 승수의 약 십 퍼센트가량을 만들어냈다,퍼센트가량을 기록했다,어쨌든 지난해 오십 구 승를 거뒀던 미네소타는 벌써 지난해 승수의 약 십 퍼센트가량을 기록했다,8.520375,True
zk_00890,212,train,mid,3,어쨌든 지난해 오십 구 승를 거뒀던 미네소타는 벌써 지난해 승수의 약 십 퍼센트가량을 만들어냈다,구십 퍼센트를 잃었다,어쨌든 지난해 오십 구 승를 거뒀던 미네소타는 벌써 지난해 승수의 약 구십 퍼센트를 잃었다,8.520375,True
zk_00890,212,train,high,5,어쨌든 지난해 오십 구 승를 거뒀던 미네소타는 벌써 지난해 승수의 약 십 퍼센트가량을 만들어냈다,승수의 거의 모든 것을 차지했다,어쨌든 지난해 오십 구 승를 거뒀던 미네소타는 벌써 지난해 승수의 거의 모든 것을 차지했다,8.520375,True
zk_00891,212,train,low,2,이는 경찰 한 명이 담당하는 주민이 적을수록 시민들이 우리 지역의 치안 상태가 좋다라고 느낀다는 말이다,모른다는 말이다,이는 경찰 한 명이 담당하는 주민이 적을수록 시민들이 우리 지역의 치안 상태가 좋다라고 모른다는 말이다,7.9449375,True
zk_00891,212,train,mid,3,이는 경찰 한 명이 담당하는 주민이 적을수록 시민들이 우리 지역의 치안 상태가 좋다라고 느낀다는 말이다,나쁘다고 느낀다는 말이다,이는 경찰 한 명이 담당하는 주민이 적을수록 시민들이 우리 지역의 치안 상태가 나쁘다고 느낀다는 말이다,7.9449375,True
zk_00891,212,train,high,5,이는 경찰 한 명이 담당하는 주민이 적을수록 시민들이 우리 지역의 치안 상태가 좋다라고 느낀다는 말이다,치안 상태가 나쁘다고 느낀다는 말이다,이는 경찰 한 명이 담당하는 주민이 적을수록 시민들이 우리 지역의 치안 상태가 나쁘다고 느낀다는 말이다,7.9449375,True
zk_00892,212,train,low,2,결국 협회가 싸움을 걸었지만 소속기업들은 한걸음 뒤로 물러나 사태를 관망하고 있다,개입하고 있다,결국 협회가 싸움을 걸었지만 소속기업들은 한걸음 뒤로 물러나 사태를 개입하고 있다,6.990875,True
zk_00892,212,train,mid,3,결국 협회가 싸움을 걸었지만 소속기업들은 한걸음 뒤로 물러나 사태를 관망하고 있다,사태를 해결하고 있다,결국 협회가 싸움을 걸었지만 소속기업들은 한걸음 뒤로 물러나 사태를 해결하고 있다,6.990875,True
zk_00892,212,train,high,5,결국 협회가 싸움을 걸었지만 소속기업들은 한걸음 뒤로 물러나 사태를 관망하고 있다,앞으로 나아가 사태에 개입하고 있다,결국 협회가 싸움을 걸었지만 소속기업들은 한걸음 앞으로 나아가 사태에 개입하고 있다,6.990875,True
zk_00893,212,train,low,2,신 회장은 일본롯데 계열사들의 유 월 정기주총과 금융기관 접촉 등을 마무리한 후 칠 월 이 삼 일께 귀국 현재 한국 롯데에서 진행되고 있는 검찰 수사에 적극 협조한다는 계획이다,반대한다는 계획이다,신 회장은 일본롯데 계열사들의 유 월 정기주총과 금융기관 접촉 등을 마무리한 후 칠 월 이 삼 일께 귀국 현재 한국 롯데에서 진행되고 있는 검찰 수사에 적극 반대한다는 계획이다,12.6251875,True
zk_00893,212,train,mid,3,신 회장은 일본롯데 계열사들의 유 월 정기주총과 금융기관 접촉 등을 마무리한 후 칠 월 이 삼 일께 귀국 현재 한국 롯데에서 진행되고 있는 검찰 수사에 적극 협조한다는 계획이다,적극 반대한다는 계획이다,신 회장은 일본롯데 계열사들의 유 월 정기주총과 금융기관 접촉 등을 마무리한 후 칠 월 이 삼 일께 귀국 현재 한국 롯데에서 진행되고 있는 검찰 수사에 적극 반대한다는 계획이다,12.6251875,True
zk_00893,212,train,high,5,신 회장은 일본롯데 계열사들의 유 월 정기주총과 금융기관 접촉 등을 마무리한 후 칠 월 이 삼 일께 귀국 현재 한국 롯데에서 진행되고 있는 검찰 수사에 적극 협조한다는 계획이다,검찰 수사에 적극 거부한다는 계획이다,신 회장은 일본롯데 계열사들의 유 월 정기주총과 금융기관 접촉 등을 마무리한 후 칠 월 이 삼 일께 귀국 현재 한국 롯데에서 진행되고 있는 검찰 수사에 적극 거부한다는 계획이다,12.6251875,True
zk_00894,212,train,low,2,실제로 실손보험으로 피부관리나 미용 수술까지 받는 사례가 적발되기도 했다,적발되지 않았다,실제로 실손보험으로 피부관리나 미용 수술까지 받는 사례가 적발되지 않았다,6.5536875,True
zk_00894,212,train,mid,3,실제로 실손보험으로 피부관리나 미용 수술까지 받는 사례가 적발되기도 했다,사례가 드러나지 않았다,실제로 실손보험으로 피부관리나 미용 수술까지 받는 사례가 드러나지 않았다,6.5536875,True
zk_00894,212,train,high,5,실제로 실손보험으로 피부관리나 미용 수술까지 받는 사례가 적발되기도 했다,수술을 받지 않는 경우도 많다,실제로 실손보험으로 피부관리나 미용 수술을 받지 않는 경우도 많다,6.5536875,True
zk_00895,212,train,low,2,서부 이즈미르 지역에서 휴가 중이었던 것으로 전해진 에르도안 대통령은 한때 영국이나 독일로의 망명설도 나돌았다,망명설도 부인됐다,서부 이즈미르 지역에서 휴가 중이었던 것으로 전해진 에르도안 대통령은 한때 영국이나 독일로의 망명설도 부인됐다,8.3106875,True
zk_00895,212,train,mid,3,서부 이즈미르 지역에서 휴가 중이었던 것으로 전해진 에르도안 대통령은 한때 영국이나 독일로의 망명설도 나돌았다,독일로의 귀국설도 나돌았다,서부 이즈미르 지역에서 휴가 중이었던 것으로 전해진 에르도안 대통령은 한때 영국이나 독일로의 귀국설도 나돌았다,8.3106875,True
zk_00895,212,train,high,5,서부 이즈미르 지역에서 휴가 중이었던 것으로 전해진 에르도안 대통령은 한때 영국이나 독일로의 망명설도 나돌았다,한때 영국이나 독일로의 귀국설도 나돌았다,서부 이즈미르 지역에서 휴가 중이었던 것으로 전해진 에르도안 대통령은 한때 영국이나 독일로의 귀국설도 나돌았다,8.3106875,True
zk_00896,212,train,low,2,다른 동물의 생체 주기 즉 생체 리듬도 박테리아의 영향을 받을 수 있기 때문입니다,없기 때문입니다,다른 동물의 생체 주기 즉 생체 리듬도 박테리아의 영향을 받을 수 없기 때문입니다,6.3928125,True
zk_00896,212,train,mid,3,다른 동물의 생체 주기 즉 생체 리듬도 박테리아의 영향을 받을 수 있기 때문입니다,없을 수밖에 없습니다,다른 동물의 생체 주기 즉 생체 리듬도 박테리아의 영향을 받을 없을 수밖에 없습니다,6.3928125,True
zk_00896,212,train,high,5,다른 동물의 생체 주기 즉 생체 리듬도 박테리아의 영향을 받을 수 있기 때문입니다,영향을 미치지 않기 때문입니다,다른 동물의 생체 주기 즉 생체 리듬도 박테리아의 영향을 미치지 않기 때문입니다,6.3928125,False
zk_00897,212,train,low,2,이런 말씀을 조금 전에 하셨어요 오늘 중진회의 열어서 원칙은 지키되 추가할 게 있으면 추가하겠다,없으면 삭제하겠다,이런 말씀을 조금 전에 하셨어요 오늘 중진회의 열어서 원칙은 지키되 추가할 게 없으면 삭제하겠다,7.8126875,True
zk_00897,212,train,mid,3,이런 말씀을 조금 전에 하셨어요 오늘 중진회의 열어서 원칙은 지키되 추가할 게 있으면 추가하겠다,게 있으면 빼겠다,이런 말씀을 조금 전에 하셨어요 오늘 중진회의 열어서 원칙은 지키되 추가할 게 있으면 빼겠다,7.8126875,True
zk_00897,212,train,high,5,이런 말씀을 조금 전에 하셨어요 오늘 중진회의 열어서 원칙은 지키되 추가할 게 있으면 추가하겠다,지키지 말고 빼겠습니다,이런 말씀을 조금 전에 하셨어요 오늘 중진회의 열어서 원칙은 지키지 말고 빼겠습니다,7.8126875,False
zk_00898,212,train,low,2,정관용 이게 동행명령장이라고 하는 게 발부된다 하더라도 국회 운영위원회의 청와대 대상 국회 국정감사는 오늘로 끝나는 거 아닙니까,거 맞습니까,정관용 이게 동행명령장이라고 하는 게 발부된다 하더라도 국회 운영위원회의 청와대 대상 국회 국정감사는 오늘로 끝나는 거 맞습니까,10.2438125,True
zk_00898,212,train,mid,3,정관용 이게 동행명령장이라고 하는 게 발부된다 하더라도 국회 운영위원회의 청와대 대상 국회 국정감사는 오늘로 끝나는 거 아닙니까,계속되는 거 아닙니까,정관용 이게 동행명령장이라고 하는 게 발부된다 하더라도 국회 운영위원회의 청와대 대상 국회 국정감사는 오늘로 계속되는 거 아닙니까,10.2438125,True
zk_00898,212,train,high,5,정관용 이게 동행명령장이라고 하는 게 발부된다 하더라도 국회 운영위원회의 청와대 대상 국회 국정감사는 오늘로 끝나는 거 아닙니까,국정감사는 내일부터 계속되는 거 아닙니까,정관용 이게 동행명령장이라고 하는 게 발부된다 하더라도 국회 운영위원회의 청와대 대상 국회 국정감사는 내일부터 계속되는 거 아닙니까,10.2438125,True
zk_00899,212,train,low,2,앵커 한 고등학교가 얼마 전 이 학년 학부모들에게 발송한 가정통신문입니다,수령한 공지사항입니다,앵커 한 고등학교가 얼마 전 이 학년 학부모들에게 수령한 공지사항입니다,6.5785625,True
zk_00899,212,train,mid,3,앵커 한 고등학교가 얼마 전 이 학년 학부모들에게 발송한 가정통신문입니다,학부모들에게 미발송한 공지사항입니다,앵커 한 고등학교가 얼마 전 이 학년 학부모들에게 미발송한 공지사항입니다,6.5785625,True
zk_00899,212,train,high,5,앵커 한 고등학교가 얼마 전 이 학년 학부모들에게 발송한 가정통신문입니다,다른 학년 학부모들에게 미발송한 공지입니다,앵커 한 고등학교가 얼마 전 다른 학년 학부모들에게 미발송한 공지입니다,6.5785625,True
zk_00900,213,train,low,2,일본은 아무리 사죄해도 충분하지 않을 만큼 막대한 범죄를 한국에 저질렀습니다,한국에 기여했습니다,일본은 아무리 사죄해도 충분하지 않을 만큼 막대한 범죄를 한국에 기여했습니다,7.0409375,True
zk_00900,213,train,mid,3,일본은 아무리 사죄해도 충분하지 않을 만큼 막대한 범죄를 한국에 저질렀습니다,범죄를 한국에서 적발됐습니다,일본은 아무리 사죄해도 충분하지 않을 만큼 막대한 범죄를 한국에서 적발됐습니다,7.0409375,True
zk_00900,213,train,high,5,일본은 아무리 사죄해도 충분하지 않을 만큼 막대한 범죄를 한국에 저질렀습니다,만큼 위대한 공헌을 한국에 했습니다,일본은 아무리 사죄해도 충분하지 않을 만큼 위대한 공헌을 한국에 했습니다,7.0409375,True
zk_00901,213,train,low,2,삼백 팔십 만 마리의 닭은 살처분될 처지에 놓였고 가축보건 방역당국은 초긴장 상태에 휩싸였다,벗어 났다,삼백 팔십 만 마리의 닭은 살처분될 처지에 놓였고 가축보건 방역당국은 초긴장 벗어 났다,8.9833125,True
zk_00901,213,train,mid,3,삼백 팔십 만 마리의 닭은 살처분될 처지에 놓였고 가축보건 방역당국은 초긴장 상태에 휩싸였다,완전히 진정되었다,삼백 팔십 만 마리의 닭은 살처분될 처지에 놓였고 가축보건 방역당국은 완전히 진정되었다,8.9833125,False
zk_00901,213,train,high,5,삼백 팔십 만 마리의 닭은 살처분될 처지에 놓였고 가축보건 방역당국은 초긴장 상태에 휩싸였다,가축보건 방역당국은 전혀 긴장하지 않았다,삼백 팔십 만 마리의 닭은 살처분될 처지에 놓였고 가축보건 방역당국은 전혀 긴장하지 않았다,8.9833125,True
zk_00902,213,train,low,2,주민센터 직원이 가본 그의 숙소는 화장실도 없는 허름한 여인숙 단칸방이었다,호텔 대실이었다,주민센터 직원이 가본 그의 숙소는 화장실도 없는 허름한 호텔 대실이었다,7.49375,True
zk_00902,213,train,mid,3,주민센터 직원이 가본 그의 숙소는 화장실도 없는 허름한 여인숙 단칸방이었다,화려한 대형 호텔이었다,주민센터 직원이 가본 그의 숙소는 화장실도 없는 화려한 대형 호텔이었다,7.49375,True
zk_00902,213,train,high,5,주민센터 직원이 가본 그의 숙소는 화장실도 없는 허름한 여인숙 단칸방이었다,화장실도 있는 고급 호텔 스위트룸이었다,주민센터 직원이 가본 그의 숙소는 화장실도 있는 고급 호텔 스위트룸이었다,7.49375,True
zk_00903,213,train,low,2,국내 경기가 여전히 침체된 상태에서 금리마저 올라가면 경기 회복 국면에 찬물을 끼얹을 수도 있다는 진단이다,없다는 진단이다,국내 경기가 여전히 침체된 상태에서 금리마저 올라가면 경기 회복 국면에 찬물을 끼얹을 수도 없다는 진단이다,10.0186875,True
zk_00903,213,train,mid,3,국내 경기가 여전히 침체된 상태에서 금리마저 올라가면 경기 회복 국면에 찬물을 끼얹을 수도 있다는 진단이다,아닐 수도 있다,국내 경기가 여전히 침체된 상태에서 금리마저 올라가면 경기 회복 국면에 찬물을 끼얹을 아닐 수도 있다,10.0186875,True
zk_00903,213,train,high,5,국내 경기가 여전히 침체된 상태에서 금리마저 올라가면 경기 회복 국면에 찬물을 끼얹을 수도 있다는 진단이다,찬물을 끼얹을 수 없다는 진단이다,국내 경기가 여전히 침체된 상태에서 금리마저 올라가면 경기 회복 국면에 찬물을 끼얹을 수 없다는 진단이다,10.0186875,True
zk_00904,213,train,low,2,그는 단지 정복 경찰 두 사람의 모습이 창문에 비친 것을 보았을 뿐입니다,보지 못했습니다,그는 단지 정복 경찰 두 사람의 모습이 창문에 비친 것을 보지 못했습니다,8.3216875,True
zk_00904,213,train,mid,3,그는 단지 정복 경찰 두 사람의 모습이 창문에 비친 것을 보았을 뿐입니다,것을 보지 못했습니다,그는 단지 정복 경찰 두 사람의 모습이 창문에 비친 것을 보지 못했습니다,8.3216875,True
zk_00904,213,train,high,5,그는 단지 정복 경찰 두 사람의 모습이 창문에 비친 것을 보았을 뿐입니다,창문에 비친 것을 직접 확인했습니다,그는 단지 정복 경찰 두 사람의 모습이 창문에 비친 것을 직접 확인했습니다,8.3216875,True
zk_00905,213,train,low,2,그 친구에게 방송에서 누군가에게 잘 보이려고 애쓰지 말고 그냥 있는 그대로의 모습을 보여 주라고 말했다,하지 말았다,그 친구에게 방송에서 누군가에게 잘 보이려고 애쓰지 말고 그냥 있는 그대로의 모습을 보여 하지 말았다,8.233125,True
zk_00905,213,train,mid,3,그 친구에게 방송에서 누군가에게 잘 보이려고 애쓰지 말고 그냥 있는 그대로의 모습을 보여 주라고 말했다,숨겨 주라고 말했다,그 친구에게 방송에서 누군가에게 잘 보이려고 애쓰지 말고 그냥 있는 그대로의 모습을 숨겨 주라고 말했다,8.233125,True
zk_00905,213,train,high,5,그 친구에게 방송에서 누군가에게 잘 보이려고 애쓰지 말고 그냥 있는 그대로의 모습을 보여 주라고 말했다,거짓된 모습을 보여 주라고 말했다,그 친구에게 방송에서 누군가에게 잘 보이려고 애쓰지 말고 그냥 있는 거짓된 모습을 보여 주라고 말했다,8.233125,True
zk_00906,213,train,low,2,그래서 채무증명서 이런 거 제출해서 휴학했었습니다 일 년,몇 달,그래서 채무증명서 이런 거 제출해서 휴학했었습니다 몇 달,5.0921875,True
zk_00906,213,train,mid,3,그래서 채무증명서 이런 거 제출해서 휴학했었습니다 일 년,복학했었습니다 일 년,그래서 채무증명서 이런 거 제출해서 복학했었습니다 일 년,5.0921875,True
zk_00906,213,train,high,5,그래서 채무증명서 이런 거 제출해서 휴학했었습니다 일 년,거 제출해서 복학했었습니다 일 년,그래서 채무증명서 이런 거 제출해서 복학했었습니다 일 년,5.0921875,True
zk_00907,213,train,low,2,또한 오래 근무하지 않고 일찍 청와대를 나온 이유도 석연치 않다,명확하게 드러나다,또한 오래 근무하지 않고 일찍 청와대를 나온 이유도 명확하게 드러나다,5.623,True
zk_00907,213,train,mid,3,또한 오래 근무하지 않고 일찍 청와대를 나온 이유도 석연치 않다,이유가 매우 명확하다,또한 오래 근무하지 않고 일찍 청와대를 나온 이유가 매우 명확하다,5.623,True
zk_00907,213,train,high,5,또한 오래 근무하지 않고 일찍 청와대를 나온 이유도 석연치 않다,청와대를 나온 이유가 매우 분명하다,또한 오래 근무하지 않고 일찍 청와대를 나온 이유가 매우 분명하다,5.623,True
zk_00908,213,train,low,2,트럼프 행정부가 북한에 대한 군사적 압박을 높이는 상황에서 이뤄진 인터뷰인 만큼 한 부상의 입에 관심이 쏠렸습니다,관심이 흩어졌습니다,트럼프 행정부가 북한에 대한 군사적 압박을 높이는 상황에서 이뤄진 인터뷰인 만큼 한 부상의 입에 관심이 흩어졌습니다,10.2135625,True
zk_00908,213,train,mid,3,트럼프 행정부가 북한에 대한 군사적 압박을 높이는 상황에서 이뤄진 인터뷰인 만큼 한 부상의 입에 관심이 쏠렸습니다,입에 관심이 없었습니다,트럼프 행정부가 북한에 대한 군사적 압박을 높이는 상황에서 이뤄진 인터뷰인 만큼 한 부상의 입에 관심이 없었습니다,10.2135625,True
zk_00908,213,train,high,5,트럼프 행정부가 북한에 대한 군사적 압박을 높이는 상황에서 이뤄진 인터뷰인 만큼 한 부상의 입에 관심이 쏠렸습니다,한 부상의 입에 관심이 없었습니다,트럼프 행정부가 북한에 대한 군사적 압박을 높이는 상황에서 이뤄진 인터뷰인 만큼 한 부상의 입에 관심이 없었습니다,10.2135625,True
zk_00909,213,train,low,2,그러나 박근혜 대통령이 지난해 산지관광 활성화를 위해 규제 완화를 지시한 이래 진척 속도가 빨라졌다,속도가 느려졌다,그러나 박근혜 대통령이 지난해 산지관광 활성화를 위해 규제 완화를 지시한 이래 진척 속도가 느려졌다,9.18325,True
zk_00909,213,train,mid,3,그러나 박근혜 대통령이 지난해 산지관광 활성화를 위해 규제 완화를 지시한 이래 진척 속도가 빨라졌다,진척 속도가 느려졌다,그러나 박근혜 대통령이 지난해 산지관광 활성화를 위해 규제 완화를 지시한 이래 진척 속도가 느려졌다,9.18325,True
zk_00909,213,train,high,5,그러나 박근혜 대통령이 지난해 산지관광 활성화를 위해 규제 완화를 지시한 이래 진척 속도가 빨라졌다,지시한 이래 진척 속도가 느려졌다,그러나 박근혜 대통령이 지난해 산지관광 활성화를 위해 규제 완화를 지시한 이래 진척 속도가 느려졌다,9.18325,True
zk_00910,214,train,low,2,우선 이름 주소 전화번호 전자 우편 주소를 기재하십시오,주소를 삭제하십시오,우선 이름 주소 전화번호 전자 우편 주소를 삭제하십시오,6.326,True
zk_00910,214,train,mid,3,우선 이름 주소 전화번호 전자 우편 주소를 기재하십시오,우편 주소를 삭제하십시오,우선 이름 주소 전화번호 전자 우편 주소를 삭제하십시오,6.326,True
zk_00910,214,train,high,5,우선 이름 주소 전화번호 전자 우편 주소를 기재하십시오,전화번호 전자 우편 주소를 삭제하십시오,우선 이름 주소 전화번호 전자 우편 주소를 삭제하십시오,6.326,True
zk_00911,214,train,low,2,하지만 그렇게 하기 위해서는 먼저 남자와 여자가 대화하는 방식에 차이가 있다는 것을 알아야 합니다,모르셔도 됩니다,하지만 그렇게 하기 위해서는 먼저 남자와 여자가 대화하는 방식에 차이가 있다는 것을 모르셔도 됩니다,9.3856875,True
zk_00911,214,train,mid,3,하지만 그렇게 하기 위해서는 먼저 남자와 여자가 대화하는 방식에 차이가 있다는 것을 알아야 합니다,것을 무시해도 됩니다,하지만 그렇게 하기 위해서는 먼저 남자와 여자가 대화하는 방식에 차이가 있다는 것을 무시해도 됩니다,9.3856875,True
zk_00911,214,train,high,5,하지만 그렇게 하기 위해서는 먼저 남자와 여자가 대화하는 방식에 차이가 있다는 것을 알아야 합니다,차이가 없다는 것을 알아야 합니다,하지만 그렇게 하기 위해서는 먼저 남자와 여자가 대화하는 방식에 차이가 없다는 것을 알아야 합니다,9.3856875,True
zk_00912,214,train,low,2,그래서 그는 구할 수 있는 데까지 틴들의 번역판을 모두 구해서 불태워 버렸습니다,살려 두었습니다,그래서 그는 구할 수 있는 데까지 틴들의 번역판을 모두 구해서 살려 두었습니다,7.5223125,True
zk_00912,214,train,mid,3,그래서 그는 구할 수 있는 데까지 틴들의 번역판을 모두 구해서 불태워 버렸습니다,구해서 소중히 간직했습니다,그래서 그는 구할 수 있는 데까지 틴들의 번역판을 모두 구해서 소중히 간직했습니다,7.5223125,True
zk_00912,214,train,high,5,그래서 그는 구할 수 있는 데까지 틴들의 번역판을 모두 구해서 불태워 버렸습니다,번역판을 모두 모아서 잘 보관했습니다,그래서 그는 구할 수 있는 데까지 틴들의 번역판을 모두 모아서 잘 보관했습니다,7.5223125,True
zk_00913,214,train,low,2,때때로 예상치 못한 일이 일어날 것을 대비해서 시간을 여유 있게 계획하는 것이 도움이 됩니다,방해가 됩니다,때때로 예상치 못한 일이 일어날 것을 대비해서 시간을 여유 있게 계획하는 것이 방해가 됩니다,8.4379375,True
zk_00913,214,train,mid,3,때때로 예상치 못한 일이 일어날 것을 대비해서 시간을 여유 있게 계획하는 것이 도움이 됩니다,것이 오히려 해롭습니다,때때로 예상치 못한 일이 일어날 것을 대비해서 시간을 여유 있게 계획하는 것이 오히려 해롭습니다,8.4379375,True
zk_00913,214,train,high,5,때때로 예상치 못한 일이 일어날 것을 대비해서 시간을 여유 있게 계획하는 것이 도움이 됩니다,있게 계획하는 것이 해롭습니다,때때로 예상치 못한 일이 일어날 것을 대비해서 시간을 여유 있게 계획하는 것이 해롭습니다,8.4379375,False
zk_00914,214,train,low,2,천 구백 이십 오 년에 미국 매사추세츠의 클래런스 버드사이가 생선 급속 냉동 기술을 개발한 후로 대구의 수요는 빠른 속도로 증가했습니다,속도로 감소했습니다,천 구백 이십 오 년에 미국 매사추세츠의 클래런스 버드사이가 생선 급속 냉동 기술을 개발한 후로 대구의 수요는 빠른 속도로 감소했습니다,13.206125,True
zk_00914,214,train,mid,3,천 구백 이십 오 년에 미국 매사추세츠의 클래런스 버드사이가 생선 급속 냉동 기술을 개발한 후로 대구의 수요는 빠른 속도로 증가했습니다,천천히 감소해 왔습니다,천 구백 이십 오 년에 미국 매사추세츠의 클래런스 버드사이가 생선 급속 냉동 기술을 개발한 후로 대구의 수요는 천천히 감소해 왔습니다,13.206125,True
zk_00914,214,train,high,5,천 구백 이십 오 년에 미국 매사추세츠의 클래런스 버드사이가 생선 급속 냉동 기술을 개발한 후로 대구의 수요는 빠른 속도로 증가했습니다,대구의 수요는 느린 속도로 감소했습니다,천 구백 이십 오 년에 미국 매사추세츠의 클래런스 버드사이가 생선 급속 냉동 기술을 개발한 후로 대구의 수요는 느린 속도로 감소했습니다,13.206125,True
zk_00915,214,train,low,2,마음만 먹으면 어떤 사람보다도 정신과 의사는 범행하기가 쉽고 편안한 위치에 있습니다,변경되지 않았습니다,마음만 먹으면 어떤 사람보다도 정신과 의사는 범행하기가 쉽고 편안한 변경되지 않았습니다,8.143625,True
zk_00915,214,train,mid,3,마음만 먹으면 어떤 사람보다도 정신과 의사는 범행하기가 쉽고 편안한 위치에 있습니다,불편한 위치에 있습니다,마음만 먹으면 어떤 사람보다도 정신과 의사는 범행하기가 쉽고 불편한 위치에 있습니다,8.143625,True
zk_00915,214,train,high,5,마음만 먹으면 어떤 사람보다도 정신과 의사는 범행하기가 쉽고 편안한 위치에 있습니다,범행하기가 어렵고 위험한 위치에 있습니다,마음만 먹으면 어떤 사람보다도 정신과 의사는 범행하기가 어렵고 위험한 위치에 있습니다,8.143625,True
zk_00916,214,train,low,2,교육부 관계자는 이영 차관이 해임을 포함해 조치를 논의하겠다고 밝혔고 그 후 진전된 내용은 없다고 했다,있다고 했다,교육부 관계자는 이영 차관이 해임을 포함해 조치를 논의하겠다고 밝혔고 그 후 진전된 내용은 있다고 했다,10.8508125,True
zk_00916,214,train,mid,3,교육부 관계자는 이영 차관이 해임을 포함해 조치를 논의하겠다고 밝혔고 그 후 진전된 내용은 없다고 했다,내용이 있다고 했다,교육부 관계자는 이영 차관이 해임을 포함해 조치를 논의하겠다고 밝혔고 그 후 진전된 내용이 있다고 했다,10.8508125,True
zk_00916,214,train,high,5,교육부 관계자는 이영 차관이 해임을 포함해 조치를 논의하겠다고 밝혔고 그 후 진전된 내용은 없다고 했다,후 진전된 내용이 많다고 했다,교육부 관계자는 이영 차관이 해임을 포함해 조치를 논의하겠다고 밝혔고 그 후 진전된 내용이 많다고 했다,10.8508125,True
zk_00917,214,train,low,2,미국은 시급히 북한 핵과 미사일 개발을 제한하고 비핵화와 평화협정으로 나아가도록 협상 방식을 재구축해야 한다,유지해야 한다,미국은 시급히 북한 핵과 미사일 개발을 제한하고 비핵화와 평화협정으로 나아가도록 협상 방식을 유지해야 한다,11.1031875,True
zk_00917,214,train,mid,3,미국은 시급히 북한 핵과 미사일 개발을 제한하고 비핵화와 평화협정으로 나아가도록 협상 방식을 재구축해야 한다,방식을 유지해야 한다,미국은 시급히 북한 핵과 미사일 개발을 제한하고 비핵화와 평화협정으로 나아가도록 협상 방식을 유지해야 한다,11.1031875,True
zk_00917,214,train,high,5,미국은 시급히 북한 핵과 미사일 개발을 제한하고 비핵화와 평화협정으로 나아가도록 협상 방식을 재구축해야 한다,뒷걸음질치도록 협상 방식을 유지해야 한다,미국은 시급히 북한 핵과 미사일 개발을 제한하고 비핵화와 평화협정으로 뒷걸음질치도록 협상 방식을 유지해야 한다,11.1031875,True
zk_00918,214,train,low,2,또한 운전자 열 명 중 여섯 명은 사람들이 난폭하거나 무모하게 운전하는 것을 정기적으로 본다고 말했다,본다고 생각했다,또한 운전자 열 명 중 여섯 명은 사람들이 난폭하거나 무모하게 운전하는 것을 정기적으로 본다고 생각했다,10.0105,True
zk_00918,214,train,mid,3,또한 운전자 열 명 중 여섯 명은 사람들이 난폭하거나 무모하게 운전하는 것을 정기적으로 본다고 말했다,가끔 본다고 말했다,또한 운전자 열 명 중 여섯 명은 사람들이 난폭하거나 무모하게 운전하는 것을 가끔 본다고 말했다,10.0105,True
zk_00918,214,train,high,5,또한 운전자 열 명 중 여섯 명은 사람들이 난폭하거나 무모하게 운전하는 것을 정기적으로 본다고 말했다,운전하는 것을 본 적 없다고 했다,또한 운전자 열 명 중 여섯 명은 사람들이 난폭하거나 무모하게 운전하는 것을 본 적 없다고 했다,10.0105,False
zk_00919,214,train,low,2,오 전 시장이 아니라 박근혜 대통령과 붙으라고 해도 하겠다며 중요한 것은 제가 당선되고 말고가 아니지 않느냐고 말했다,하느냐고 말했다,오 전 시장이 아니라 박근혜 대통령과 붙으라고 해도 하겠다며 중요한 것은 제가 당선되고 말고가 아니지 하느냐고 말했다,10.8085625,True
zk_00919,214,train,mid,3,오 전 시장이 아니라 박근혜 대통령과 붙으라고 해도 하겠다며 중요한 것은 제가 당선되고 말고가 아니지 않느냐고 말했다,맞다고 주장했다,오 전 시장이 아니라 박근혜 대통령과 붙으라고 해도 하겠다며 중요한 것은 제가 당선되고 말고가 맞다고 주장했다,10.8085625,False
zk_00919,214,train,high,5,오 전 시장이 아니라 박근혜 대통령과 붙으라고 해도 하겠다며 중요한 것은 제가 당선되고 말고가 아니지 않느냐고 말했다,당선되지 않을 것이라고 말했다,오 전 시장이 아니라 박근혜 대통령과 붙으라고 해도 하겠다며 중요한 것은 제가 당선되지 않을 것이라고 말했다,10.8085625,False
zk_00920,215,train,low,2,경찰청장 바로 아래 계급인 치안정감 자리에는 호남과 충청 등 지역 안배를 고려해 각각 박경민 전남청장과 김양제 경찰중앙학교장이 발탁된 것으로 전해졌다,것으로 부인되었다,경찰청장 바로 아래 계급인 치안정감 자리에는 호남과 충청 등 지역 안배를 고려해 각각 박경민 전남청장과 김양제 경찰중앙학교장이 발탁된 것으로 부인되었다,11.889,True
zk_00920,215,train,mid,3,경찰청장 바로 아래 계급인 치안정감 자리에는 호남과 충청 등 지역 안배를 고려해 각각 박경민 전남청장과 김양제 경찰중앙학교장이 발탁된 것으로 전해졌다,낙선된 것으로 전해졌다,경찰청장 바로 아래 계급인 치안정감 자리에는 호남과 충청 등 지역 안배를 고려해 각각 박경민 전남청장과 김양제 경찰중앙학교장이 낙선된 것으로 전해졌다,11.889,True
zk_00920,215,train,high,5,경찰청장 바로 아래 계급인 치안정감 자리에는 호남과 충청 등 지역 안배를 고려해 각각 박경민 전남청장과 김양제 경찰중앙학교장이 발탁된 것으로 전해졌다,김양제 경찰중앙학교장이 제외된 것으로 전해졌다,경찰청장 바로 아래 계급인 치안정감 자리에는 호남과 충청 등 지역 안배를 고려해 각각 박경민 전남청장과 김양제 경찰중앙학교장이 제외된 것으로 전해졌다,11.889,True
zk_00921,215,train,low,2,개인적으로 이봉련 씨 팬인데 같이 연기할 수 있어서 너무 신기했어요,너무 지루했어요,개인적으로 이봉련 씨 팬인데 같이 연기할 수 있어서 너무 지루했어요,6.0588125,True
zk_00921,215,train,mid,3,개인적으로 이봉련 씨 팬인데 같이 연기할 수 있어서 너무 신기했어요,있어서 너무 답답했어요,개인적으로 이봉련 씨 팬인데 같이 연기할 수 있어서 너무 답답했어요,6.0588125,True
zk_00921,215,train,high,5,개인적으로 이봉련 씨 팬인데 같이 연기할 수 있어서 너무 신기했어요,연기할 수 없어서 너무 아쉬웠어요,개인적으로 이봉련 씨 팬인데 같이 연기할 수 없어서 너무 아쉬웠어요,6.0588125,True
zk_00922,215,train,low,2,응시자가 자소서에서 본인의 역경 극복 과정을 설명하면서 사업을 하시던 아버지가 부도를 당해 할아버지부터 어업에 종사하여 회사에 다니던 아버지가 실직하고 식이다,취업했고 만족이다,응시자가 자소서에서 본인의 역경 극복 과정을 설명하면서 사업을 하시던 아버지가 부도를 당해 할아버지부터 어업에 종사하여 회사에 다니던 아버지가 취업했고 만족이다,11.603125,True
zk_00922,215,train,mid,3,응시자가 자소서에서 본인의 역경 극복 과정을 설명하면서 사업을 하시던 아버지가 부도를 당해 할아버지부터 어업에 종사하여 회사에 다니던 아버지가 실직하고 식이다,아버지가 승진하셨다고 했다,응시자가 자소서에서 본인의 역경 극복 과정을 설명하면서 사업을 하시던 아버지가 부도를 당해 할아버지부터 어업에 종사하여 회사에 다니던 아버지가 승진하셨다고 했다,11.603125,True
zk_00922,215,train,high,5,응시자가 자소서에서 본인의 역경 극복 과정을 설명하면서 사업을 하시던 아버지가 부도를 당해 할아버지부터 어업에 종사하여 회사에 다니던 아버지가 실직하고 식이다,회사에 다니던 아버지가 승진하셨다,응시자가 자소서에서 본인의 역경 극복 과정을 설명하면서 사업을 하시던 아버지가 부도를 당해 할아버지부터 어업에 종사하여 회사에 다니던 아버지가 승진하셨다,11.603125,False
zk_00923,215,train,low,2,김현정 그게 마지막 투어였으니까 그 길로 호텔로 가셨을 거고,오시지 않았을,김현정 그게 마지막 투어였으니까 그 길로 호텔로 오시지 않았을,5.6320625,True
zk_00923,215,train,mid,3,김현정 그게 마지막 투어였으니까 그 길로 호텔로 가셨을 거고,집으로 가셨을 거고,김현정 그게 마지막 투어였으니까 그 길로 집으로 가셨을 거고,5.6320625,True
zk_00923,215,train,high,5,김현정 그게 마지막 투어였으니까 그 길로 호텔로 가셨을 거고,그 길로 호텔을 피하셨을 거고,김현정 그게 마지막 투어였으니까 그 길로 호텔을 피하셨을 거고,5.6320625,True
zk_00924,215,train,low,2,영국 돈인 파운드화 가치도 브렉시트 쪽으로 결론이 나지 않는 것이라는 기대 속에 계속 올랐어,계속 내렸어,영국 돈인 파운드화 가치도 브렉시트 쪽으로 결론이 나지 않는 것이라는 기대 속에 계속 내렸어,7.4054375,True
zk_00924,215,train,mid,3,영국 돈인 파운드화 가치도 브렉시트 쪽으로 결론이 나지 않는 것이라는 기대 속에 계속 올랐어,속에 계속 내렸어,영국 돈인 파운드화 가치도 브렉시트 쪽으로 결론이 나지 않는 것이라는 기대 속에 계속 내렸어,7.4054375,True
zk_00924,215,train,high,5,영국 돈인 파운드화 가치도 브렉시트 쪽으로 결론이 나지 않는 것이라는 기대 속에 계속 올랐어,것이라는 우려 속에 계속 내렸어,영국 돈인 파운드화 가치도 브렉시트 쪽으로 결론이 나지 않는 것이라는 우려 속에 계속 내렸어,7.4054375,True
zk_00925,215,train,low,2,그러면 적어도 변호인 접견이 끝난 다음에 만나고 가야 하는데 변호인 접견이 계속 길어지니까 그날은 시간적으로 안 될 것 같아서 그냥 갈 가능성이 크다고 보고요,작다고 보고요,그러면 적어도 변호인 접견이 끝난 다음에 만나고 가야 하는데 변호인 접견이 계속 길어지니까 그날은 시간적으로 안 될 것 같아서 그냥 갈 가능성이 작다고 보고요,11.3144375,True
zk_00925,215,train,mid,3,그러면 적어도 변호인 접견이 끝난 다음에 만나고 가야 하는데 변호인 접견이 계속 길어지니까 그날은 시간적으로 안 될 것 같아서 그냥 갈 가능성이 크다고 보고요,가능성이 낮다고 봅니다,그러면 적어도 변호인 접견이 끝난 다음에 만나고 가야 하는데 변호인 접견이 계속 길어지니까 그날은 시간적으로 안 될 것 같아서 그냥 갈 가능성이 낮다고 봅니다,11.3144375,True
zk_00925,215,train,high,5,그러면 적어도 변호인 접견이 끝난 다음에 만나고 가야 하는데 변호인 접견이 계속 길어지니까 그날은 시간적으로 안 될 것 같아서 그냥 갈 가능성이 크다고 보고요,그냥 안 갈 것 같습니다,그러면 적어도 변호인 접견이 끝난 다음에 만나고 가야 하는데 변호인 접견이 계속 길어지니까 그날은 시간적으로 안 될 것 같아서 그냥 안 갈 것 같습니다,11.3144375,True
zk_00926,215,train,low,2,삼성 내 나머지 계열사들뿐만 아니라 다른 대기업으로도 감원바람이 불고 있습니다,꺼지고 있습니다,삼성 내 나머지 계열사들뿐만 아니라 다른 대기업으로도 감원바람이 꺼지고 있습니다,7.281875,True
zk_00926,215,train,mid,3,삼성 내 나머지 계열사들뿐만 아니라 다른 대기업으로도 감원바람이 불고 있습니다,채용바람이 불고 있습니다,삼성 내 나머지 계열사들뿐만 아니라 다른 대기업으로도 채용바람이 불고 있습니다,7.281875,True
zk_00926,215,train,high,5,삼성 내 나머지 계열사들뿐만 아니라 다른 대기업으로도 감원바람이 불고 있습니다,다른 대기업으로도 채용바람이 불고 있습니다,삼성 내 나머지 계열사들뿐만 아니라 다른 대기업으로도 채용바람이 불고 있습니다,7.281875,True
zk_00927,215,train,low,2,인생에 대한 앞날을 어른들이 길을 내주고 터주는 그런 자기 인생의 이야기들을 담아서 해주기 때문에 아이들이 감동하고 듣는 분들도 감동하죠,분들도 실망하죠,인생에 대한 앞날을 어른들이 길을 내주고 터주는 그런 자기 인생의 이야기들을 담아서 해주기 때문에 아이들이 감동하고 듣는 분들도 실망하죠,10.088375,True
zk_00927,215,train,mid,3,인생에 대한 앞날을 어른들이 길을 내주고 터주는 그런 자기 인생의 이야기들을 담아서 해주기 때문에 아이들이 감동하고 듣는 분들도 감동하죠,듣는 분들도 실망하죠,인생에 대한 앞날을 어른들이 길을 내주고 터주는 그런 자기 인생의 이야기들을 담아서 해주기 때문에 아이들이 감동하고 듣는 분들도 실망하죠,10.088375,True
zk_00927,215,train,high,5,인생에 대한 앞날을 어른들이 길을 내주고 터주는 그런 자기 인생의 이야기들을 담아서 해주기 때문에 아이들이 감동하고 듣는 분들도 감동하죠,아이들이 지루해하고 듣는 분들도 별로죠,인생에 대한 앞날을 어른들이 길을 내주고 터주는 그런 자기 인생의 이야기들을 담아서 해주기 때문에 아이들이 지루해하고 듣는 분들도 별로죠,10.088375,True
zk_00928,215,train,low,2,반면 노관규 후보는 더민주 기호 두 번을 크게 표시하고 또다시 우리 순천이 박근혜 정권과 새누리당에 속을 수는 없습니다라는 구호를 내세웠다,구호를 숨겼다,반면 노관규 후보는 더민주 기호 두 번을 크게 표시하고 또다시 우리 순천이 박근혜 정권과 새누리당에 속을 수는 없습니다라는 구호를 숨겼다,10.0365,True
zk_00928,215,train,mid,3,반면 노관규 후보는 더민주 기호 두 번을 크게 표시하고 또다시 우리 순천이 박근혜 정권과 새누리당에 속을 수는 없습니다라는 구호를 내세웠다,있습니다라는 구호를 내세웠다,반면 노관규 후보는 더민주 기호 두 번을 크게 표시하고 또다시 우리 순천이 박근혜 정권과 새누리당에 속을 수는 있습니다라는 구호를 내세웠다,10.0365,True
zk_00928,215,train,high,5,반면 노관규 후보는 더민주 기호 두 번을 크게 표시하고 또다시 우리 순천이 박근혜 정권과 새누리당에 속을 수는 없습니다라는 구호를 내세웠다,속을 수 있다는 주장을 펼쳤다,반면 노관규 후보는 더민주 기호 두 번을 크게 표시하고 또다시 우리 순천이 박근혜 정권과 새누리당에 속을 수 있다는 주장을 펼쳤다,10.0365,True
zk_00929,215,train,low,2,노무현 전 대통령을 비하하는 내용의 호두과자 포장재를 사용한 식품업체가 이를 비난한 네티즌을 무더기로 고소했지만 대부분 불기소 처분을 받은 것으로 알려졌다,것으로 부인됐다,노무현 전 대통령을 비하하는 내용의 호두과자 포장재를 사용한 식품업체가 이를 비난한 네티즌을 무더기로 고소했지만 대부분 불기소 처분을 받은 것으로 부인됐다,11.0408125,True
zk_00929,215,train,mid,3,노무현 전 대통령을 비하하는 내용의 호두과자 포장재를 사용한 식품업체가 이를 비난한 네티즌을 무더기로 고소했지만 대부분 불기소 처분을 받은 것으로 알려졌다,주지 않은 것으로,노무현 전 대통령을 비하하는 내용의 호두과자 포장재를 사용한 식품업체가 이를 비난한 네티즌을 무더기로 고소했지만 대부분 불기소 처분을 주지 않은 것으로,11.0408125,True
zk_00929,215,train,high,5,노무현 전 대통령을 비하하는 내용의 호두과자 포장재를 사용한 식품업체가 이를 비난한 네티즌을 무더기로 고소했지만 대부분 불기소 처분을 받은 것으로 알려졌다,기소 처분을 받은 것으로 알려졌다,노무현 전 대통령을 비하하는 내용의 호두과자 포장재를 사용한 식품업체가 이를 비난한 네티즌을 무더기로 고소했지만 대부분 기소 처분을 받은 것으로 알려졌다,11.0408125,True
zk_00930,216,train,low,2,저희들이 생각하는 가장 유력한 증거는 현재 화물차에 접수돼 있던 차량에 보면 블랙박스가 있지 않습니까,없지 않습니까,저희들이 생각하는 가장 유력한 증거는 현재 화물차에 접수돼 있던 차량에 보면 블랙박스가 없지 않습니까,7.6618125,True
zk_00930,216,train,mid,3,저희들이 생각하는 가장 유력한 증거는 현재 화물차에 접수돼 있던 차량에 보면 블랙박스가 있지 않습니까,블랙박스가 전혀 없네요,저희들이 생각하는 가장 유력한 증거는 현재 화물차에 접수돼 있던 차량에 보면 블랙박스가 전혀 없네요,7.6618125,True
zk_00930,216,train,high,5,저희들이 생각하는 가장 유력한 증거는 현재 화물차에 접수돼 있던 차량에 보면 블랙박스가 있지 않습니까,차량에 보면 블랙박스가 없지 않습니까,저희들이 생각하는 가장 유력한 증거는 현재 화물차에 접수돼 있던 차량에 보면 블랙박스가 없지 않습니까,7.6618125,True
zk_00931,216,train,low,2,조리사 영양사 학교 경비원 등의 경우 학교와 직접 계약한 경우에만 적용을 받는다,제외되지 않는다,조리사 영양사 학교 경비원 등의 경우 학교와 직접 계약한 경우에만 제외되지 않는다,7.107125,True
zk_00931,216,train,mid,3,조리사 영양사 학교 경비원 등의 경우 학교와 직접 계약한 경우에만 적용을 받는다,경우에는 적용 제외된다,조리사 영양사 학교 경비원 등의 경우 학교와 직접 계약한 경우에는 적용 제외된다,7.107125,True
zk_00931,216,train,high,5,조리사 영양사 학교 경비원 등의 경우 학교와 직접 계약한 경우에만 적용을 받는다,간접 계약한 경우에도 적용을 받는다,조리사 영양사 학교 경비원 등의 경우 학교와 간접 계약한 경우에도 적용을 받는다,7.107125,True
zk_00932,216,train,low,2,사도들이 도움을 청하자 예수께서는 일어나 바람을 꾸짖으시며 바다더러 잠잠하여라,바다더러 소란피워라,사도들이 도움을 청하자 예수께서는 일어나 바람을 꾸짖으시며 바다더러 소란피워라,6.6621875,True
zk_00932,216,train,mid,3,사도들이 도움을 청하자 예수께서는 일어나 바람을 꾸짖으시며 바다더러 잠잠하여라,꾸짖으시며 바다더러 소란피워라,사도들이 도움을 청하자 예수께서는 일어나 바람을 꾸짖으시며 바다더러 소란피워라,6.6621875,True
zk_00932,216,train,high,5,사도들이 도움을 청하자 예수께서는 일어나 바람을 꾸짖으시며 바다더러 잠잠하여라,누워 바람을 부추기며 바다더러 소란피우거라,사도들이 도움을 청하자 예수께서는 누워 바람을 부추기며 바다더러 소란피우거라,6.6621875,True
zk_00933,216,train,low,2,누군가 그의 방문에서 딱지를 떼어내고 근조를 써 붙였다,떼어 내었다,누군가 그의 방문에서 딱지를 떼어내고 근조를 떼어 내었다,5.298625,True
zk_00933,216,train,mid,3,누군가 그의 방문에서 딱지를 떼어내고 근조를 써 붙였다,축하를 크게 붙였다,누군가 그의 방문에서 딱지를 떼어내고 축하를 크게 붙였다,5.298625,True
zk_00933,216,train,high,5,누군가 그의 방문에서 딱지를 떼어내고 근조를 써 붙였다,딱지를 붙이고 근조를 모두 떼어냈다,누군가 그의 방문에서 딱지를 붙이고 근조를 모두 떼어냈다,5.298625,True
zk_00934,216,train,low,2,간통 남녀가 짜고 법정에서 배우자를 상대로 오리발을 내밀기도 하고 피해 배우자는 더 많은 위자료를 얻기 위해 불법 도청을 서슴지 않는 경우도 많아지고 있다,줄어들고 있다,간통 남녀가 짜고 법정에서 배우자를 상대로 오리발을 내밀기도 하고 피해 배우자는 더 많은 위자료를 얻기 위해 불법 도청을 서슴지 않는 경우도 줄어들고 있다,11.1718125,True
zk_00934,216,train,mid,3,간통 남녀가 짜고 법정에서 배우자를 상대로 오리발을 내밀기도 하고 피해 배우자는 더 많은 위자료를 얻기 위해 불법 도청을 서슴지 않는 경우도 많아지고 있다,경우도 줄어들고 있다,간통 남녀가 짜고 법정에서 배우자를 상대로 오리발을 내밀기도 하고 피해 배우자는 더 많은 위자료를 얻기 위해 불법 도청을 서슴지 않는 경우도 줄어들고 있다,11.1718125,True
zk_00934,216,train,high,5,간통 남녀가 짜고 법정에서 배우자를 상대로 오리발을 내밀기도 하고 피해 배우자는 더 많은 위자료를 얻기 위해 불법 도청을 서슴지 않는 경우도 많아지고 있다,꺼려하는 경우도 많이 늘어나고 있다,간통 남녀가 짜고 법정에서 배우자를 상대로 오리발을 내밀기도 하고 피해 배우자는 더 많은 위자료를 얻기 위해 불법 도청을 꺼려하는 경우도 많이 늘어나고 있다,11.1718125,True
zk_00935,216,train,low,2,그룹별 임원 보수가 가장 많은 곳은 삼성그룹으로 십 사 억 칠 천 사백 만원에 달했다,만원 미만이었다,그룹별 임원 보수가 가장 많은 곳은 삼성그룹으로 십 사 억 칠 천 사백 만원 미만이었다,7.571625,True
zk_00935,216,train,mid,3,그룹별 임원 보수가 가장 많은 곳은 삼성그룹으로 십 사 억 칠 천 사백 만원에 달했다,백만원에 못 미쳤다,그룹별 임원 보수가 가장 많은 곳은 삼성그룹으로 십 사 억 칠 천 백만원에 못 미쳤다,7.571625,True
zk_00935,216,train,high,5,그룹별 임원 보수가 가장 많은 곳은 삼성그룹으로 십 사 억 칠 천 사백 만원에 달했다,칠 천 사백 만원에 미치지 못했다,그룹별 임원 보수가 가장 많은 곳은 삼성그룹으로 십 사 억 칠 천 사백 만원에 미치지 못했다,7.571625,False
zk_00936,216,train,low,2,푸이와 그의 형제자매 사진출처 봉황망 다섯째 공주 윈신윈신은 천 구백 십 칠 년에 태어났다,년에 졸업했다,푸이와 그의 형제자매 사진출처 봉황망 다섯째 공주 윈신윈신은 천 구백 십 칠 년에 졸업했다,7.969,True
zk_00936,216,train,mid,3,푸이와 그의 형제자매 사진출처 봉황망 다섯째 공주 윈신윈신은 천 구백 십 칠 년에 태어났다,칠 년에 죽었다,푸이와 그의 형제자매 사진출처 봉황망 다섯째 공주 윈신윈신은 천 구백 십 칠 년에 죽었다,7.969,True
zk_00936,216,train,high,5,푸이와 그의 형제자매 사진출처 봉황망 다섯째 공주 윈신윈신은 천 구백 십 칠 년에 태어났다,구백 십 칠 년에 죽었다,푸이와 그의 형제자매 사진출처 봉황망 다섯째 공주 윈신윈신은 천 구백 십 칠 년에 죽었다,7.969,True
zk_00937,216,train,low,2,같은 제품이라 해도 아시아에서 사면 유럽보다 최대 육십 퍼센트 가까이 비싸게 줘야 한다,받으면 된다,같은 제품이라 해도 아시아에서 사면 유럽보다 최대 육십 퍼센트 가까이 비싸게 받으면 된다,8.159625,True
zk_00937,216,train,mid,3,같은 제품이라 해도 아시아에서 사면 유럽보다 최대 육십 퍼센트 가까이 비싸게 줘야 한다,싸게 줘야 한다,같은 제품이라 해도 아시아에서 사면 유럽보다 최대 육십 퍼센트 가까이 싸게 줘야 한다,8.159625,True
zk_00937,216,train,high,5,같은 제품이라 해도 아시아에서 사면 유럽보다 최대 육십 퍼센트 가까이 비싸게 줘야 한다,퍼센트 정도 싸게 줄 수 있다,같은 제품이라 해도 아시아에서 사면 유럽보다 최대 육십 퍼센트 정도 싸게 줄 수 있다,8.159625,False
zk_00938,216,train,low,2,그와 동시에 그러한 남자는 스스로 여호와 하느님을 불쾌하시게 하는 것입니다,피하는 것입니다,그와 동시에 그러한 남자는 스스로 여호와 하느님을 불쾌하시게 피하는 것입니다,6.2965625,True
zk_00938,216,train,mid,3,그와 동시에 그러한 남자는 스스로 여호와 하느님을 불쾌하시게 하는 것입니다,기쁘게 하는 것입니다,그와 동시에 그러한 남자는 스스로 여호와 하느님을 기쁘게 하는 것입니다,6.2965625,True
zk_00938,216,train,high,5,그와 동시에 그러한 남자는 스스로 여호와 하느님을 불쾌하시게 하는 것입니다,여호와 하느님을 기쁘시게 하는 것입니다,그와 동시에 그러한 남자는 스스로 여호와 하느님을 기쁘시게 하는 것입니다,6.2965625,True
zk_00939,216,train,low,2,하느님께서 그를 용서하기는 하셨지만 그 사건을 그냥 눈감아 주셨습니까,눈 떴습니까,하느님께서 그를 용서하기는 하셨지만 그 사건을 그냥 눈 떴습니까,6.058625,True
zk_00939,216,train,mid,3,하느님께서 그를 용서하기는 하셨지만 그 사건을 그냥 눈감아 주셨습니까,엄격하게 지적하셨습니까,하느님께서 그를 용서하기는 하셨지만 그 사건을 엄격하게 지적하셨습니까,6.058625,False
zk_00939,216,train,high,5,하느님께서 그를 용서하기는 하셨지만 그 사건을 그냥 눈감아 주셨습니까,그 사건을 엄격하게 처벌하셨습니까,하느님께서 그를 용서하기는 하셨지만 그 사건을 엄격하게 처벌하셨습니까,6.058625,False
zk_00940,217,train,low,2,이전까지 언론 인터뷰에서 헌재 자문위원을 자신의 주요 이력 중 하나로 소개해왔던 최 전 총장은 총장 사퇴 후에도 한달 넘게 헌재 자문위원직을 유지해왔다,자문위원직을 포기했다,이전까지 언론 인터뷰에서 헌재 자문위원을 자신의 주요 이력 중 하나로 소개해왔던 최 전 총장은 총장 사퇴 후에도 한달 넘게 헌재 자문위원직을 포기했다,12.765875,True
zk_00940,217,train,mid,3,이전까지 언론 인터뷰에서 헌재 자문위원을 자신의 주요 이력 중 하나로 소개해왔던 최 전 총장은 총장 사퇴 후에도 한달 넘게 헌재 자문위원직을 유지해왔다,헌재 자문위원직을 포기했다,이전까지 언론 인터뷰에서 헌재 자문위원을 자신의 주요 이력 중 하나로 소개해왔던 최 전 총장은 총장 사퇴 후에도 한달 넘게 헌재 자문위원직을 포기했다,12.765875,True
zk_00940,217,train,high,5,이전까지 언론 인터뷰에서 헌재 자문위원을 자신의 주요 이력 중 하나로 소개해왔던 최 전 총장은 총장 사퇴 후에도 한달 넘게 헌재 자문위원직을 유지해왔다,한달 만에 헌재 자문위원직을 사퇴했다,이전까지 언론 인터뷰에서 헌재 자문위원을 자신의 주요 이력 중 하나로 소개해왔던 최 전 총장은 총장 사퇴 후에도 한달 만에 헌재 자문위원직을 사퇴했다,12.765875,True
zk_00941,217,train,low,2,또 외교적 논란이 큰 사안을 공론화를 외면하고 밀실에서 덜컥 결정한 것에 대한 절차적 문제를 제기하는 목소리도 있다,목소리도 없다,또 외교적 논란이 큰 사안을 공론화를 외면하고 밀실에서 덜컥 결정한 것에 대한 절차적 문제를 제기하는 목소리도 없다,9.0814375,True
zk_00941,217,train,mid,3,또 외교적 논란이 큰 사안을 공론화를 외면하고 밀실에서 덜컥 결정한 것에 대한 절차적 문제를 제기하는 목소리도 있다,제기하는 목소리도 없다,또 외교적 논란이 큰 사안을 공론화를 외면하고 밀실에서 덜컥 결정한 것에 대한 절차적 문제를 제기하는 목소리도 없다,9.0814375,True
zk_00941,217,train,high,5,또 외교적 논란이 큰 사안을 공론화를 외면하고 밀실에서 덜컥 결정한 것에 대한 절차적 문제를 제기하는 목소리도 있다,절차적 문제를 부정하는 목소리도 있다,또 외교적 논란이 큰 사안을 공론화를 외면하고 밀실에서 덜컥 결정한 것에 대한 절차적 문제를 부정하는 목소리도 있다,9.0814375,True
zk_00942,217,train,low,2,이게 뭐냐하면 데이비드 윤이 누구누구 맞습니까 하니까 이렇게 하니까 그걸 실명을 여기서 공개하면이라고 하거든요,숨기라고 하거든요,이게 뭐냐하면 데이비드 윤이 누구누구 맞습니까 하니까 이렇게 하니까 그걸 실명을 여기서 숨기라고 하거든요,8.395125,True
zk_00942,217,train,mid,3,이게 뭐냐하면 데이비드 윤이 누구누구 맞습니까 하니까 이렇게 하니까 그걸 실명을 여기서 공개하면이라고 하거든요,여기서 숨기라고 하거든요,이게 뭐냐하면 데이비드 윤이 누구누구 맞습니까 하니까 이렇게 하니까 그걸 실명을 여기서 숨기라고 하거든요,8.395125,True
zk_00942,217,train,high,5,이게 뭐냐하면 데이비드 윤이 누구누구 맞습니까 하니까 이렇게 하니까 그걸 실명을 여기서 공개하면이라고 하거든요,그걸 익명으로 여기서 숨기면이라고 하거든요,이게 뭐냐하면 데이비드 윤이 누구누구 맞습니까 하니까 이렇게 하니까 그걸 익명으로 여기서 숨기면이라고 하거든요,8.395125,True
zk_00943,217,train,low,2,심지어 운전 여건이 좋을 때에도 차량 한 대만 관련된 대형 단독 충돌 사고의 십 퍼센트는 피로와 관련이 있었다,관련이 없었다,심지어 운전 여건이 좋을 때에도 차량 한 대만 관련된 대형 단독 충돌 사고의 십 퍼센트는 피로와 관련이 없었다,9.393,True
zk_00943,217,train,mid,3,심지어 운전 여건이 좋을 때에도 차량 한 대만 관련된 대형 단독 충돌 사고의 십 퍼센트는 피로와 관련이 있었다,피로와 무관했던 것,심지어 운전 여건이 좋을 때에도 차량 한 대만 관련된 대형 단독 충돌 사고의 십 퍼센트는 피로와 무관했던 것,9.393,True
zk_00943,217,train,high,5,심지어 운전 여건이 좋을 때에도 차량 한 대만 관련된 대형 단독 충돌 사고의 십 퍼센트는 피로와 관련이 있었다,구십 퍼센트는 스트레스와 무관했던 것이다,심지어 운전 여건이 좋을 때에도 차량 한 대만 관련된 대형 단독 충돌 사고의 구십 퍼센트는 스트레스와 무관했던 것이다,9.393,True
zk_00944,217,train,low,2,최저임금 영향률이 높아졌다는 것은 그만큼 최저임금의 영향을 받는 노동자가 많아지고 있다는 뜻이다,없다는 뜻이다,최저임금 영향률이 높아졌다는 것은 그만큼 최저임금의 영향을 받는 노동자가 많아지고 없다는 뜻이다,7.687,True
zk_00944,217,train,mid,3,최저임금 영향률이 높아졌다는 것은 그만큼 최저임금의 영향을 받는 노동자가 많아지고 있다는 뜻이다,줄어들고 있다는 뜻이다,최저임금 영향률이 높아졌다는 것은 그만큼 최저임금의 영향을 받는 노동자가 줄어들고 있다는 뜻이다,7.687,True
zk_00944,217,train,high,5,최저임금 영향률이 높아졌다는 것은 그만큼 최저임금의 영향을 받는 노동자가 많아지고 있다는 뜻이다,받는 노동자가 줄어들고 있다는 뜻이다,최저임금 영향률이 높아졌다는 것은 그만큼 최저임금의 영향을 받는 노동자가 줄어들고 있다는 뜻이다,7.687,True
zk_00945,217,train,low,2,재정 열악한 지자체에 골프장은 달콤한 유혹지방자치단체가 골프장 유치 등에 열을 올린 건 지방세 때문이다,국세 때문이다,재정 열악한 지자체에 골프장은 달콤한 유혹지방자치단체가 골프장 유치 등에 열을 올린 건 국세 때문이다,10.9039375,True
zk_00945,217,train,mid,3,재정 열악한 지자체에 골프장은 달콤한 유혹지방자치단체가 골프장 유치 등에 열을 올린 건 지방세 때문이다,건 국가세 때문이다,재정 열악한 지자체에 골프장은 달콤한 유혹지방자치단체가 골프장 유치 등에 열을 올린 건 국가세 때문이다,10.9039375,True
zk_00945,217,train,high,5,재정 열악한 지자체에 골프장은 달콤한 유혹지방자치단체가 골프장 유치 등에 열을 올린 건 지방세 때문이다,열을 낸 건 중앙정부 때문이다,재정 열악한 지자체에 골프장은 달콤한 유혹지방자치단체가 골프장 유치 등에 열을 낸 건 중앙정부 때문이다,10.9039375,True
zk_00946,217,train,low,2,하지만 이같은 노동절 휴일수당은 여전히 많은 노동자에게 그림의 떡인 상황이다,아닌 상황이다,하지만 이같은 노동절 휴일수당은 여전히 많은 노동자에게 그림의 아닌 상황이다,6.061375,True
zk_00946,217,train,mid,3,하지만 이같은 노동절 휴일수당은 여전히 많은 노동자에게 그림의 떡인 상황이다,손에 잡힐 상황이다,하지만 이같은 노동절 휴일수당은 여전히 많은 노동자에게 손에 잡힐 상황이다,6.061375,True
zk_00946,217,train,high,5,하지만 이같은 노동절 휴일수당은 여전히 많은 노동자에게 그림의 떡인 상황이다,많은 노동자에게 실질적인 이득이 되는 상황이다,하지만 이같은 노동절 휴일수당은 여전히 많은 노동자에게 실질적인 이득이 되는 상황이다,6.061375,False
zk_00947,217,train,low,2,정부가 설 연휴가 끝난 직후인 다음 달 이십 오 일부터 금연치료에 대해 건강보험을 지원한다,건강보험을 삭감한다,정부가 설 연휴가 끝난 직후인 다음 달 이십 오 일부터 금연치료에 대해 건강보험을 삭감한다,9.48325,True
zk_00947,217,train,mid,3,정부가 설 연휴가 끝난 직후인 다음 달 이십 오 일부터 금연치료에 대해 건강보험을 지원한다,대해 건강보험을 제외한다,정부가 설 연휴가 끝난 직후인 다음 달 이십 오 일부터 금연치료에 대해 건강보험을 제외한다,9.48325,True
zk_00947,217,train,high,5,정부가 설 연휴가 끝난 직후인 다음 달 이십 오 일부터 금연치료에 대해 건강보험을 지원한다,부터 금연치료에 건강보험을 미지원한다,정부가 설 연휴가 끝난 직후인 다음 달 이십 오 부터 금연치료에 건강보험을 미지원한다,9.48325,False
zk_00948,217,train,low,2,이번에도 전국적으로 돌풍 천둥 번개가 동반되겠고 곳에 따라 여든 밀리미터 가량 내려 비의 양도 많겠습니다,양도 적겠습니다,이번에도 전국적으로 돌풍 천둥 번개가 동반되겠고 곳에 따라 여든 밀리미터 가량 내려 비의 양도 적겠습니다,9.3789375,True
zk_00948,217,train,mid,3,이번에도 전국적으로 돌풍 천둥 번개가 동반되겠고 곳에 따라 여든 밀리미터 가량 내려 비의 양도 많겠습니다,비의 양도 적겠습니다,이번에도 전국적으로 돌풍 천둥 번개가 동반되겠고 곳에 따라 여든 밀리미터 가량 내려 비의 양도 적겠습니다,9.3789375,True
zk_00948,217,train,high,5,이번에도 전국적으로 돌풍 천둥 번개가 동반되겠고 곳에 따라 여든 밀리미터 가량 내려 비의 양도 많겠습니다,올라 맑은 날씨가 계속 유지되겠습니다,이번에도 전국적으로 돌풍 천둥 번개가 동반되겠고 곳에 따라 여든 밀리미터 올라 맑은 날씨가 계속 유지되겠습니다,9.3789375,True
zk_00949,217,train,low,2,교수들도 최소 총추위 구성 단계부터 강도 높은 개혁이 필요하다는 입장을 보이고 있다,보이지 않는다,교수들도 최소 총추위 구성 단계부터 강도 높은 개혁이 필요하다는 입장을 보이지 않는다,6.326125,True
zk_00949,217,train,mid,3,교수들도 최소 총추위 구성 단계부터 강도 높은 개혁이 필요하다는 입장을 보이고 있다,반대 입장을 취하고,교수들도 최소 총추위 구성 단계부터 강도 높은 개혁이 필요하다는 반대 입장을 취하고,6.326125,True
zk_00949,217,train,high,5,교수들도 최소 총추위 구성 단계부터 강도 높은 개혁이 필요하다는 입장을 보이고 있다,개혁이 불필요하다는 입장을 보이고 있다,교수들도 최소 총추위 구성 단계부터 강도 높은 개혁이 불필요하다는 입장을 보이고 있다,6.326125,True
zk_00950,218,train,low,2,불법 벌목업자들은 귀중한 나무들 심지어 국립공원에 있는 나무들까지 몰래 베어 가고 있습니다,돌아오고 있습니다,불법 벌목업자들은 귀중한 나무들 심지어 국립공원에 있는 나무들까지 몰래 베어 돌아오고 있습니다,9.69725,True
zk_00950,218,train,mid,3,불법 벌목업자들은 귀중한 나무들 심지어 국립공원에 있는 나무들까지 몰래 베어 가고 있습니다,돌아가고 있습니다,불법 벌목업자들은 귀중한 나무들 심지어 국립공원에 있는 나무들까지 몰래 돌아가고 있습니다,9.69725,False
zk_00950,218,train,high,5,불법 벌목업자들은 귀중한 나무들 심지어 국립공원에 있는 나무들까지 몰래 베어 가고 있습니다,나무들까지 소중히 보존해 가고 있습니다,불법 벌목업자들은 귀중한 나무들 심지어 국립공원에 있는 나무들까지 소중히 보존해 가고 있습니다,9.69725,True
zk_00951,218,train,low,2,사이언스지는 한국판 메르스 소식을 실시간으로 전하면서 한국에서 메르스가 급속히 확산되고 있는데도 불구하고 정부는 제대로 된 정보를 공개하지 않고 있다고 지적했다,없다고 지적했다,사이언스지는 한국판 메르스 소식을 실시간으로 전하면서 한국에서 메르스가 급속히 확산되고 있는데도 불구하고 정부는 제대로 된 정보를 공개하지 않고 없다고 지적했다,13.2039375,True
zk_00951,218,train,mid,3,사이언스지는 한국판 메르스 소식을 실시간으로 전하면서 한국에서 메르스가 급속히 확산되고 있는데도 불구하고 정부는 제대로 된 정보를 공개하지 않고 있다고 지적했다,하고 있다고 지적했다,사이언스지는 한국판 메르스 소식을 실시간으로 전하면서 한국에서 메르스가 급속히 확산되고 있는데도 불구하고 정부는 제대로 된 정보를 공개하지 하고 있다고 지적했다,13.2039375,True
zk_00951,218,train,high,5,사이언스지는 한국판 메르스 소식을 실시간으로 전하면서 한국에서 메르스가 급속히 확산되고 있는데도 불구하고 정부는 제대로 된 정보를 공개하지 않고 있다고 지적했다,정보를 적극적으로 공개하고 있다고 지적했다,사이언스지는 한국판 메르스 소식을 실시간으로 전하면서 한국에서 메르스가 급속히 확산되고 있는데도 불구하고 정부는 제대로 된 정보를 적극적으로 공개하고 있다고 지적했다,13.2039375,True
zk_00952,218,train,low,2,잘 훈련되고 무장한 이십 오 만 명가량이 이라크 전역으로 흩어졌다,한곳에 모였다,잘 훈련되고 무장한 이십 오 만 명가량이 이라크 한곳에 모였다,5.2199375,True
zk_00952,218,train,mid,3,잘 훈련되고 무장한 이십 오 만 명가량이 이라크 전역으로 흩어졌다,이라크로 몰려들었다,잘 훈련되고 무장한 이십 오 만 명가량이 이라크로 몰려들었다,5.2199375,False
zk_00952,218,train,high,5,잘 훈련되고 무장한 이십 오 만 명가량이 이라크 전역으로 흩어졌다,만 명가량이 이라크 전역에 집중되었다,잘 훈련되고 무장한 이십 오 만 명가량이 이라크 전역에 집중되었다,5.2199375,True
zk_00953,218,train,low,2,이렇게 하는 것으로 잘 알려진 한 가지 예로 꿀벌이 있습니다,나비가 없습니다,이렇게 하는 것으로 잘 알려진 한 가지 예로 나비가 없습니다,5.106875,True
zk_00953,218,train,mid,3,이렇게 하는 것으로 잘 알려진 한 가지 예로 꿀벌이 있습니다,반례로 모기가 있습니다,이렇게 하는 것으로 잘 알려진 한 가지 반례로 모기가 있습니다,5.106875,True
zk_00953,218,train,high,5,이렇게 하는 것으로 잘 알려진 한 가지 예로 꿀벌이 있습니다,한 가지 예로 모기가 있습니다,이렇게 하는 것으로 잘 알려진 한 가지 예로 모기가 있습니다,5.106875,True
zk_00954,218,train,low,2,혈관 건강은 생명을 좌지우지하는 중대한 질환과 관련이 많다,관련이 적다,혈관 건강은 생명을 좌지우지하는 중대한 질환과 관련이 적다,5.7303125,True
zk_00954,218,train,mid,3,혈관 건강은 생명을 좌지우지하는 중대한 질환과 관련이 많다,질환과 관련이 없다,혈관 건강은 생명을 좌지우지하는 중대한 질환과 관련이 없다,5.7303125,True
zk_00954,218,train,high,5,혈관 건강은 생명을 좌지우지하는 중대한 질환과 관련이 많다,좌지우지하지 않는 경미한 질환과 무관하다,혈관 건강은 생명을 좌지우지하지 않는 경미한 질환과 무관하다,5.7303125,True
zk_00955,218,train,low,2,뉴 사이언티스트 지는 기술자들이 이 곤충의 비밀을 밝혀내기 위해 날갯짓을 하며 공중에 떠 있는 벌들을 초당 육천 프레임의 속도로 촬영했다라고 보도한다,촬영 못했다고,뉴 사이언티스트 지는 기술자들이 이 곤충의 비밀을 밝혀내기 위해 날갯짓을 하며 공중에 떠 있는 벌들을 초당 육천 프레임의 속도로 촬영 못했다고,10.9043125,True
zk_00955,218,train,mid,3,뉴 사이언티스트 지는 기술자들이 이 곤충의 비밀을 밝혀내기 위해 날갯짓을 하며 공중에 떠 있는 벌들을 초당 육천 프레임의 속도로 촬영했다라고 보도한다,속도로 촬영하지 않았다고,뉴 사이언티스트 지는 기술자들이 이 곤충의 비밀을 밝혀내기 위해 날갯짓을 하며 공중에 떠 있는 벌들을 초당 육천 프레임의 속도로 촬영하지 않았다고,10.9043125,True
zk_00955,218,train,high,5,뉴 사이언티스트 지는 기술자들이 이 곤충의 비밀을 밝혀내기 위해 날갯짓을 하며 공중에 떠 있는 벌들을 초당 육천 프레임의 속도로 촬영했다라고 보도한다,육천 프레임으로 촬영하지 않았다고 보도한다,뉴 사이언티스트 지는 기술자들이 이 곤충의 비밀을 밝혀내기 위해 날갯짓을 하며 공중에 떠 있는 벌들을 초당 육천 프레임으로 촬영하지 않았다고 보도한다,10.9043125,True
zk_00956,218,train,low,2,정부가 이천 십 삼 년 소득공제를 세액공제로 바꾸고 올해 들어 연말정산 파동이 커지자 저소득층 및 중산층 세금을 깎으면서다,세금을 걷으면서다,정부가 이천 십 삼 년 소득공제를 세액공제로 바꾸고 올해 들어 연말정산 파동이 커지자 저소득층 및 중산층 세금을 걷으면서다,10.873625,True
zk_00956,218,train,mid,3,정부가 이천 십 삼 년 소득공제를 세액공제로 바꾸고 올해 들어 연말정산 파동이 커지자 저소득층 및 중산층 세금을 깎으면서다,중산층 세금을 올리면서다,정부가 이천 십 삼 년 소득공제를 세액공제로 바꾸고 올해 들어 연말정산 파동이 커지자 저소득층 및 중산층 세금을 올리면서다,10.873625,True
zk_00956,218,train,high,5,정부가 이천 십 삼 년 소득공제를 세액공제로 바꾸고 올해 들어 연말정산 파동이 커지자 저소득층 및 중산층 세금을 깎으면서다,저소득층 및 중산층 세금을 올리면서다,정부가 이천 십 삼 년 소득공제를 세액공제로 바꾸고 올해 들어 연말정산 파동이 커지자 저소득층 및 중산층 세금을 올리면서다,10.873625,True
zk_00957,218,train,low,2,노효동 특파원 미국 최대의 방산업체인 록히드마틴이 지난 이십 구 일 한 미 양국이 사드 문제를 논의 중이라고 했던 주장을 하루 만에 뒤집었다,만에 세웠다,노효동 특파원 미국 최대의 방산업체인 록히드마틴이 지난 이십 구 일 한 미 양국이 사드 문제를 논의 중이라고 했던 주장을 하루 만에 세웠다,10.0355625,True
zk_00957,218,train,mid,3,노효동 특파원 미국 최대의 방산업체인 록히드마틴이 지난 이십 구 일 한 미 양국이 사드 문제를 논의 중이라고 했던 주장을 하루 만에 뒤집었다,며칠을 더 끌었다,노효동 특파원 미국 최대의 방산업체인 록히드마틴이 지난 이십 구 일 한 미 양국이 사드 문제를 논의 중이라고 했던 주장을 며칠을 더 끌었다,10.0355625,True
zk_00957,218,train,high,5,노효동 특파원 미국 최대의 방산업체인 록히드마틴이 지난 이십 구 일 한 미 양국이 사드 문제를 논의 중이라고 했던 주장을 하루 만에 뒤집었다,했던 주장을 끝까지 지켜 나갔다,노효동 특파원 미국 최대의 방산업체인 록히드마틴이 지난 이십 구 일 한 미 양국이 사드 문제를 논의 중이라고 했던 주장을 끝까지 지켜 나갔다,10.0355625,True
zk_00958,218,train,low,2,스노윙 치킨은 눈가루 같은 치즈 가루를 뿌린 메뉴를 뜻한다,메뉴를 부정한다,스노윙 치킨은 눈가루 같은 치즈 가루를 뿌린 메뉴를 부정한다,6.72,True
zk_00958,218,train,mid,3,스노윙 치킨은 눈가루 같은 치즈 가루를 뿌린 메뉴를 뜻한다,숨긴 메뉴를 뜻한다,스노윙 치킨은 눈가루 같은 치즈 가루를 숨긴 메뉴를 뜻한다,6.72,True
zk_00958,218,train,high,5,스노윙 치킨은 눈가루 같은 치즈 가루를 뿌린 메뉴를 뜻한다,치즈 가루를 빼운 메뉴를 뜻한다,스노윙 치킨은 눈가루 같은 치즈 가루를 빼운 메뉴를 뜻한다,6.72,True
zk_00959,218,train,low,2,윤 검사는 자신이 사건에 관여는 안하지만 검사들이 공소유지 할 때까지는 자리를 지키는 게 도리라는 생각을 내비친 것으로 전해졌다,것으로 부인했다,윤 검사는 자신이 사건에 관여는 안하지만 검사들이 공소유지 할 때까지는 자리를 지키는 게 도리라는 생각을 내비친 것으로 부인했다,10.49425,True
zk_00959,218,train,mid,3,윤 검사는 자신이 사건에 관여는 안하지만 검사들이 공소유지 할 때까지는 자리를 지키는 게 도리라는 생각을 내비친 것으로 전해졌다,숨겨진 것으로 알려졌다,윤 검사는 자신이 사건에 관여는 안하지만 검사들이 공소유지 할 때까지는 자리를 지키는 게 도리라는 생각을 숨겨진 것으로 알려졌다,10.49425,True
zk_00959,218,train,high,5,윤 검사는 자신이 사건에 관여는 안하지만 검사들이 공소유지 할 때까지는 자리를 지키는 게 도리라는 생각을 내비친 것으로 전해졌다,도리라는 생각을 부정한 것으로 전해졌다,윤 검사는 자신이 사건에 관여는 안하지만 검사들이 공소유지 할 때까지는 자리를 지키는 게 도리라는 생각을 부정한 것으로 전해졌다,10.49425,True
zk_00960,108,val,low,2,그러나 다른 이유는 없었는지 다른 물증 확보에도 주력하고 있습니다,외면하고 있습니다,그러나 다른 이유는 없었는지 다른 물증 확보에도 외면하고 있습니다,6.787375,True
zk_00960,108,val,mid,3,그러나 다른 이유는 없었는지 다른 물증 확보에도 주력하고 있습니다,확보를 외면하고 있습니다,그러나 다른 이유는 없었는지 다른 물증 확보를 외면하고 있습니다,6.787375,True
zk_00960,108,val,high,5,그러나 다른 이유는 없었는지 다른 물증 확보에도 주력하고 있습니다,다른 물증 확보를 중단하기로 했습니다,그러나 다른 이유는 없었는지 다른 물증 확보를 중단하기로 했습니다,6.787375,True
zk_00961,108,val,low,2,학습 장애의 증상 가운데는 말을 배우는 것이 늦거나 습관적으로 잘못 발음하거나 어린애 같은 말투를 계속 쓰는 것이 있습니다,없지 않습니다,학습 장애의 증상 가운데는 말을 배우는 것이 늦거나 습관적으로 잘못 발음하거나 어린애 같은 말투를 계속 쓰는 없지 않습니다,11.012125,True
zk_00961,108,val,mid,3,학습 장애의 증상 가운데는 말을 배우는 것이 늦거나 습관적으로 잘못 발음하거나 어린애 같은 말투를 계속 쓰는 것이 있습니다,쓰지 않는 것입니다,학습 장애의 증상 가운데는 말을 배우는 것이 늦거나 습관적으로 잘못 발음하거나 어린애 같은 말투를 계속 쓰지 않는 것입니다,11.012125,True
zk_00961,108,val,high,5,학습 장애의 증상 가운데는 말을 배우는 것이 늦거나 습관적으로 잘못 발음하거나 어린애 같은 말투를 계속 쓰는 것이 있습니다,말투를 절대 쓰지 않는 것이,학습 장애의 증상 가운데는 말을 배우는 것이 늦거나 습관적으로 잘못 발음하거나 어린애 같은 말투를 절대 쓰지 않는 것이,11.012125,True
zk_00962,108,val,low,2,영미권뿐만 아니라 중국에서도 베이징 상하이의 젊은층을 중심으로 크래프트 맥주가 선풍적인 인기를 얻고 있다고 파이낸셜타임스가 전했다,로이터 보도,영미권뿐만 아니라 중국에서도 베이징 상하이의 젊은층을 중심으로 크래프트 맥주가 선풍적인 인기를 얻고 있다고 로이터 보도,12.49275,True
zk_00962,108,val,mid,3,영미권뿐만 아니라 중국에서도 베이징 상하이의 젊은층을 중심으로 크래프트 맥주가 선풍적인 인기를 얻고 있다고 파이낸셜타임스가 전했다,없다고 파이낸셜타임스가 전했다,영미권뿐만 아니라 중국에서도 베이징 상하이의 젊은층을 중심으로 크래프트 맥주가 선풍적인 인기를 얻고 없다고 파이낸셜타임스가 전했다,12.49275,True
zk_00962,108,val,high,5,영미권뿐만 아니라 중국에서도 베이징 상하이의 젊은층을 중심으로 크래프트 맥주가 선풍적인 인기를 얻고 있다고 파이낸셜타임스가 전했다,인기를 잃고 있다고 파이낸셜타임스가 전했다,영미권뿐만 아니라 중국에서도 베이징 상하이의 젊은층을 중심으로 크래프트 맥주가 선풍적인 인기를 잃고 있다고 파이낸셜타임스가 전했다,12.49275,True
zk_00963,108,val,low,2,따라서 남편이 아내를 신체적으로 자주 학대한다면 피해자는 별거할 수 있다,수 없다,따라서 남편이 아내를 신체적으로 자주 학대한다면 피해자는 별거할 수 없다,10.2815625,True
zk_00963,108,val,mid,3,따라서 남편이 아내를 신체적으로 자주 학대한다면 피해자는 별거할 수 있다,함께할 수 없다,따라서 남편이 아내를 신체적으로 자주 학대한다면 피해자는 함께할 수 없다,10.2815625,True
zk_00963,108,val,high,5,따라서 남편이 아내를 신체적으로 자주 학대한다면 피해자는 별거할 수 있다,학대한다면 피해자는 동거할 수 있다,따라서 남편이 아내를 신체적으로 자주 학대한다면 피해자는 동거할 수 있다,10.2815625,True
zk_00964,108,val,low,2,그는 호남지역의 원심력 강화와 관련 호남은 언제나 시대의 깃발이었다,시대의 낙후였다,그는 호남지역의 원심력 강화와 관련 호남은 언제나 시대의 낙후였다,7.63725,True
zk_00964,108,val,mid,3,그는 호남지역의 원심력 강화와 관련 호남은 언제나 시대의 깃발이었다,언제나 시대의 짐이었다,그는 호남지역의 원심력 강화와 관련 호남은 언제나 시대의 짐이었다,7.63725,True
zk_00964,108,val,high,5,그는 호남지역의 원심력 강화와 관련 호남은 언제나 시대의 깃발이었다,호남은 항상 시대에 뒤쳐져 있었다,그는 호남지역의 원심력 강화와 호남은 항상 시대에 뒤쳐져 있었다,7.63725,True
zk_00965,108,val,low,2,아그레망은 신임 대사를 파견할 때 상대국에 관례적으로 사전 동의를 받는 것을 말합니다,것을 숨깁니다,아그레망은 신임 대사를 파견할 때 상대국에 관례적으로 사전 동의를 받는 것을 숨깁니다,8.753625,True
zk_00965,108,val,mid,3,아그레망은 신임 대사를 파견할 때 상대국에 관례적으로 사전 동의를 받는 것을 말합니다,주는 것을 말합니다,아그레망은 신임 대사를 파견할 때 상대국에 관례적으로 사전 동의를 주는 것을 말합니다,8.753625,True
zk_00965,108,val,high,5,아그레망은 신임 대사를 파견할 때 상대국에 관례적으로 사전 동의를 받는 것을 말합니다,사전 동의 없이 진행하는 것을 말합니다,아그레망은 신임 대사를 파견할 때 상대국에 관례적으로 사전 동의 없이 진행하는 것을 말합니다,8.753625,False
zk_00966,108,val,low,2,도발에는 강력히 응징하고 대화의 문은 열어 놓을 것이라고 단호한 입장을 나타냈다,반대 했다,도발에는 강력히 응징하고 대화의 문은 열어 놓을 것이라고 단호한 반대 했다,7.5818125,True
zk_00966,108,val,mid,3,도발에는 강력히 응징하고 대화의 문은 열어 놓을 것이라고 단호한 입장을 나타냈다,애매한 입장을 보였다,도발에는 강력히 응징하고 대화의 문은 열어 놓을 것이라고 애매한 입장을 보였다,7.5818125,True
zk_00966,108,val,high,5,도발에는 강력히 응징하고 대화의 문은 열어 놓을 것이라고 단호한 입장을 나타냈다,집어넣을 것이라고 단호한 입장을 나타냈다,도발에는 강력히 응징하고 대화의 문은 열어 집어넣을 것이라고 단호한 입장을 나타냈다,7.5818125,True
zk_00967,108,val,low,2,헌법재판소의 양심적 병역거부에 대한 위헌 법률심판은 올가을께 내려질 것으로 보인다,틀린 것으로 보인다,헌법재판소의 양심적 병역거부에 대한 위헌 법률심판은 올가을께 내려질 틀린 것으로 보인다,8.7713125,False
zk_00967,108,val,mid,3,헌법재판소의 양심적 병역거부에 대한 위헌 법률심판은 올가을께 내려질 것으로 보인다,올라질 것으로 보인다,헌법재판소의 양심적 병역거부에 대한 위헌 법률심판은 올가을께 올라질 것으로 보인다,8.7713125,True
zk_00967,108,val,high,5,헌법재판소의 양심적 병역거부에 대한 위헌 법률심판은 올가을께 내려질 것으로 보인다,법률심판은 내년봄께 내려질 것으로 보인다,헌법재판소의 양심적 병역거부에 대한 위헌 법률심판은 내년봄께 내려질 것으로 보인다,8.7713125,True
zk_00968,108,val,low,2,쏘나타의 지난달 판매량은 전월 대비 일 쩜 구 퍼센트 감소해 두 달 연속 하락세를 기록했다,상승세를 기록했다,쏘나타의 지난달 판매량은 전월 대비 일 쩜 구 퍼센트 감소해 두 달 연속 상승세를 기록했다,8.847375,True
zk_00968,108,val,mid,3,쏘나타의 지난달 판매량은 전월 대비 일 쩜 구 퍼센트 감소해 두 달 연속 하락세를 기록했다,연속 상승세를 기록했다,쏘나타의 지난달 판매량은 전월 대비 일 쩜 구 퍼센트 감소해 두 달 연속 상승세를 기록했다,8.847375,True
zk_00968,108,val,high,5,쏘나타의 지난달 판매량은 전월 대비 일 쩜 구 퍼센트 감소해 두 달 연속 하락세를 기록했다,두 달 연속 상승세를 기록했다,쏘나타의 지난달 판매량은 전월 대비 일 쩜 구 퍼센트 감소해 두 달 연속 상승세를 기록했다,8.847375,True
zk_00969,108,val,low,2,예를 들어 타협이 필요하겠지만 만약 국회선진화법이 개정된 이후에 과반수 표결만으로 그 법안이 폐지될 수 있다면,없을 것이라면,예를 들어 타협이 필요하겠지만 만약 국회선진화법이 개정된 이후에 과반수 표결만으로 그 법안이 폐지될 없을 것이라면,10.485875,True
zk_00969,108,val,mid,3,예를 들어 타협이 필요하겠지만 만약 국회선진화법이 개정된 이후에 과반수 표결만으로 그 법안이 폐지될 수 있다면,계속 유지되어야 한다면,예를 들어 타협이 필요하겠지만 만약 국회선진화법이 개정된 이후에 과반수 표결만으로 그 법안이 계속 유지되어야 한다면,10.485875,True
zk_00969,108,val,high,5,예를 들어 타협이 필요하겠지만 만약 국회선진화법이 개정된 이후에 과반수 표결만으로 그 법안이 폐지될 수 있다면,그 법안이 계속 유지될 수 있다면,예를 들어 타협이 필요하겠지만 만약 국회선진화법이 개정된 이후에 과반수 표결만으로 그 법안이 계속 유지될 수 있다면,10.485875,False
zk_00970,110,val,low,2,각 가게는 주방장 개성을 담은 라멘을 경쟁적으로 내놓고 방송도 이를 조명한다,이를 은폐한다,각 가게는 주방장 개성을 담은 라멘을 경쟁적으로 내놓고 방송도 이를 은폐한다,8.363875,True
zk_00970,110,val,mid,3,각 가게는 주방장 개성을 담은 라멘을 경쟁적으로 내놓고 방송도 이를 조명한다,방송도 이를 외면한다,각 가게는 주방장 개성을 담은 라멘을 경쟁적으로 내놓고 방송도 이를 외면한다,8.363875,True
zk_00970,110,val,high,5,각 가게는 주방장 개성을 담은 라멘을 경쟁적으로 내놓고 방송도 이를 조명한다,소극적으로 숨기고 방송도 이를 외면한다,각 가게는 주방장 개성을 담은 라멘을 소극적으로 숨기고 방송도 이를 외면한다,8.363875,True
zk_00971,110,val,low,2,입소문이 나자 낙동강유역환경청은 지난해 삼 월 뉴트리아 퇴치전담반을 꾸리고 전씨를 퇴치반장으로 스카우트했다,해직 시켰다,입소문이 나자 낙동강유역환경청은 지난해 삼 월 뉴트리아 퇴치전담반을 꾸리고 전씨를 해직 시켰다,10.7054375,True
zk_00971,110,val,mid,3,입소문이 나자 낙동강유역환경청은 지난해 삼 월 뉴트리아 퇴치전담반을 꾸리고 전씨를 퇴치반장으로 스카우트했다,전씨를 퇴치반장으로 제외했다,입소문이 나자 낙동강유역환경청은 지난해 삼 월 뉴트리아 퇴치전담반을 꾸리고 전씨를 퇴치반장으로 제외했다,10.7054375,True
zk_00971,110,val,high,5,입소문이 나자 낙동강유역환경청은 지난해 삼 월 뉴트리아 퇴치전담반을 꾸리고 전씨를 퇴치반장으로 스카우트했다,퇴치전담반을 해산하고 전씨를 제외시켜 버렸다,입소문이 나자 낙동강유역환경청은 지난해 삼 월 뉴트리아 퇴치전담반을 해산하고 전씨를 제외시켜 버렸다,10.7054375,True
zk_00972,110,val,low,2,모든 게 불편하고 지루하고 무의미하게 느껴져 고민만 더 깊어지는 이들을 적잖이 봤거든요,못 봤거든요,모든 게 불편하고 지루하고 무의미하게 느껴져 고민만 더 깊어지는 이들을 못 봤거든요,8.907,True
zk_00972,110,val,mid,3,모든 게 불편하고 지루하고 무의미하게 느껴져 고민만 더 깊어지는 이들을 적잖이 봤거든요,이들을 못 봤거든요,모든 게 불편하고 지루하고 무의미하게 느껴져 고민만 더 깊어지는 이들을 못 봤거든요,8.907,True
zk_00972,110,val,high,5,모든 게 불편하고 지루하고 무의미하게 느껴져 고민만 더 깊어지는 이들을 적잖이 봤거든요,더 얕아지는 이들을 못 봤거든요,모든 게 불편하고 지루하고 무의미하게 느껴져 고민만 더 얕아지는 이들을 못 봤거든요,8.907,True
zk_00973,110,val,low,2,박 대표는 동물보호법에는 야생생물법과 달리 고통이라는 단어가 없다,단어가 많다,박 대표는 동물보호법에는 야생생물법과 달리 고통이라는 단어가 많다,8.66375,True
zk_00973,110,val,mid,3,박 대표는 동물보호법에는 야생생물법과 달리 고통이라는 단어가 없다,고통이라는 단어가 있다,박 대표는 동물보호법에는 야생생물법과 달리 고통이라는 단어가 있다,8.66375,True
zk_00973,110,val,high,5,박 대표는 동물보호법에는 야생생물법과 달리 고통이라는 단어가 없다,야생생물법과 같이 고통이라는 단어가 있다,박 대표는 동물보호법에는 야생생물법과 같이 고통이라는 단어가 있다,8.66375,True
zk_00974,110,val,low,2,우리는 그루지야 정부가 이러한 사건들을 수사하고 만인이 지닌 종교적 권리에 대한 존중심을 보장하기 위해 경계 태세를 늦추지 말 것을 촉구하는 바이다,반대하는 바이다,우리는 그루지야 정부가 이러한 사건들을 수사하고 만인이 지닌 종교적 권리에 대한 존중심을 보장하기 위해 경계 태세를 늦추지 말 것을 반대하는 바이다,12.5464375,True
zk_00974,110,val,mid,3,우리는 그루지야 정부가 이러한 사건들을 수사하고 만인이 지닌 종교적 권리에 대한 존중심을 보장하기 위해 경계 태세를 늦추지 말 것을 촉구하는 바이다,것을 반대하는 바이다,우리는 그루지야 정부가 이러한 사건들을 수사하고 만인이 지닌 종교적 권리에 대한 존중심을 보장하기 위해 경계 태세를 늦추지 말 것을 반대하는 바이다,12.5464375,True
zk_00974,110,val,high,5,우리는 그루지야 정부가 이러한 사건들을 수사하고 만인이 지닌 종교적 권리에 대한 존중심을 보장하기 위해 경계 태세를 늦추지 말 것을 촉구하는 바이다,늦춤을 적극으로 권장하는 바이다,우리는 그루지야 정부가 이러한 사건들을 수사하고 만인이 지닌 종교적 권리에 대한 존중심을 보장하기 위해 경계 태세를 늦춤을 적극으로 권장하는 바이다,12.5464375,False
zk_00975,110,val,low,2,뇌 조직 일 그램에 수백만 개가 쌓여 있기도 했습니다,없기도 했습니다,뇌 조직 일 그램에 수백만 개가 쌓여 없기도 했습니다,7.021125,True
zk_00975,110,val,mid,3,뇌 조직 일 그램에 수백만 개가 쌓여 있기도 했습니다,흩어져 있기도 했습니다,뇌 조직 일 그램에 수백만 개가 흩어져 있기도 했습니다,7.021125,True
zk_00975,110,val,high,5,뇌 조직 일 그램에 수백만 개가 쌓여 있기도 했습니다,단 하나도 남아있지 않았던 것입니다,뇌 조직 일 그램에 단 하나도 남아있지 않았던 것입니다,7.021125,True
zk_00976,110,val,low,2,북한의 핵개발 속도는 빨라지고 있지만 실질적인 군사적 대응책이 부족하다는 데 따른 위기감이 반영된 것으로 보인다,것으로 판단된다,북한의 핵개발 속도는 빨라지고 있지만 실질적인 군사적 대응책이 부족하다는 데 따른 위기감이 반영된 것으로 판단된다,10.262375,True
zk_00976,110,val,mid,3,북한의 핵개발 속도는 빨라지고 있지만 실질적인 군사적 대응책이 부족하다는 데 따른 위기감이 반영된 것으로 보인다,반영되지 않았다,북한의 핵개발 속도는 빨라지고 있지만 실질적인 군사적 대응책이 부족하다는 데 따른 위기감이 반영되지 않았다,10.262375,False
zk_00976,110,val,high,5,북한의 핵개발 속도는 빨라지고 있지만 실질적인 군사적 대응책이 부족하다는 데 따른 위기감이 반영된 것으로 보인다,따른 낙관적 전망이 드러나고 있다,북한의 핵개발 속도는 빨라지고 있지만 실질적인 군사적 대응책이 부족하다는 데 따른 낙관적 전망이 드러나고 있다,10.262375,True
zk_00977,110,val,low,2,다음 질문들에 답한 다음 성구에 있는 빈칸을 채워 넣으십시오,비워 두십시오,다음 질문들에 답한 다음 성구에 있는 빈칸을 비워 두십시오,7.469125,True
zk_00977,110,val,mid,3,다음 질문들에 답한 다음 성구에 있는 빈칸을 채워 넣으십시오,빈칸을 남겨 두세요,다음 질문들에 답한 다음 성구에 있는 빈칸을 남겨 두세요,7.469125,True
zk_00977,110,val,high,5,다음 질문들에 답한 다음 성구에 있는 빈칸을 채워 넣으십시오,성구에 있는 빈칸을 비워 두십시오,다음 질문들에 답한 다음 성구에 있는 빈칸을 비워 두십시오,7.469125,True
zk_00978,110,val,low,2,그녀가 사실을 이야기 할 수 있도록 설득하는 것이 중요하다,것이 문제다,그녀가 사실을 이야기 할 수 있도록 설득하는 것이 문제다,7.405125,True
zk_00978,110,val,mid,3,그녀가 사실을 이야기 할 수 있도록 설득하는 것이 중요하다,피하는 것이 중요하다,그녀가 사실을 이야기 할 수 있도록 피하는 것이 중요하다,7.405125,True
zk_00978,110,val,high,5,그녀가 사실을 이야기 할 수 있도록 설득하는 것이 중요하다,수 없도록 제지하는 것이 중요하다,그녀가 사실을 이야기 할 수 없도록 제지하는 것이 중요하다,7.405125,True
zk_00979,110,val,low,2,대선이 언제가 될지는 모르겠습니다만 사 월이라면 유 월쯤 대선이 이뤄진다는 것인데요,막힌다는 것인데요,대선이 언제가 될지는 모르겠습니다만 사 월이라면 유 월쯤 대선이 막힌다는 것인데요,9.2184375,True
zk_00979,110,val,mid,3,대선이 언제가 될지는 모르겠습니다만 사 월이라면 유 월쯤 대선이 이뤄진다는 것인데요,대선이 무산된다는데요,대선이 언제가 될지는 모르겠습니다만 사 월이라면 유 월쯤 대선이 무산된다는데요,9.2184375,False
zk_00979,110,val,high,5,대선이 언제가 될지는 모르겠습니다만 사 월이라면 유 월쯤 대선이 이뤄진다는 것인데요,유월쯤 대선이 이뤄지지 않는다고 해요,대선이 언제가 될지는 모르겠습니다만 사 월이라면 유월쯤 대선이 이뤄지지 않는다고 해요,9.2184375,True
zk_00980,112,val,low,2,대한주택보증 입장에서는 손실 가능성을 최소화하기 위해 수수료를 높게 요구할 수밖에 없는 구조다,있는 구조다,대한주택보증 입장에서는 손실 가능성을 최소화하기 위해 수수료를 높게 요구할 수밖에 있는 구조다,10.6579375,True
zk_00980,112,val,mid,3,대한주택보증 입장에서는 손실 가능성을 최소화하기 위해 수수료를 높게 요구할 수밖에 없는 구조다,선택할 수 있다,대한주택보증 입장에서는 손실 가능성을 최소화하기 위해 수수료를 높게 요구할 선택할 수 있다,10.6579375,True
zk_00980,112,val,high,5,대한주택보증 입장에서는 손실 가능성을 최소화하기 위해 수수료를 높게 요구할 수밖에 없는 구조다,낮게 요구할 수 있는 구조다,대한주택보증 입장에서는 손실 가능성을 최소화하기 위해 수수료를 낮게 요구할 수 있는 구조다,10.6579375,True
zk_00981,112,val,low,2,공식 순방기간은 육 일부터 구 일까지였지만 이 후보자 부부는 이보다 앞선 사 일 함께 출국해 부인은 칠 일 이 후보자는 구 일 각각 귀국했다,각각 출국했다,공식 순방기간은 육 일부터 구 일까지였지만 이 후보자 부부는 이보다 앞선 사 일 함께 출국해 부인은 칠 일 이 후보자는 구 일 각각 출국했다,12.9460625,True
zk_00981,112,val,mid,3,공식 순방기간은 육 일부터 구 일까지였지만 이 후보자 부부는 이보다 앞선 사 일 함께 출국해 부인은 칠 일 이 후보자는 구 일 각각 귀국했다,일 각각 출국했다,공식 순방기간은 육 일부터 구 일까지였지만 이 후보자 부부는 이보다 앞선 사 일 함께 출국해 부인은 칠 일 이 후보자는 구 일 각각 출국했다,12.9460625,True
zk_00981,112,val,high,5,공식 순방기간은 육 일부터 구 일까지였지만 이 후보자 부부는 이보다 앞선 사 일 함께 출국해 부인은 칠 일 이 후보자는 구 일 각각 귀국했다,후보자는 구 일 함께 출국했다,공식 순방기간은 육 일부터 구 일까지였지만 이 후보자 부부는 이보다 앞선 사 일 함께 출국해 부인은 칠 일 이 후보자는 구 일 함께 출국했다,12.9460625,True
zk_00982,112,val,low,2,새로 길들이기 시작한 유익한 습관이 정착되기까지는 보통 시간이 걸리는데 수주에서 수개월이 걸리기도 합니다,피하기도 합니다,새로 길들이기 시작한 유익한 습관이 정착되기까지는 보통 시간이 걸리는데 수주에서 수개월이 피하기도 합니다,11.0526875,True
zk_00982,112,val,mid,3,새로 길들이기 시작한 유익한 습관이 정착되기까지는 보통 시간이 걸리는데 수주에서 수개월이 걸리기도 합니다,며칠만에 끝납니다,새로 길들이기 시작한 유익한 습관이 정착되기까지는 보통 시간이 걸리는데 수주에서 며칠만에 끝납니다,11.0526875,False
zk_00982,112,val,high,5,새로 길들이기 시작한 유익한 습관이 정착되기까지는 보통 시간이 걸리는데 수주에서 수개월이 걸리기도 합니다,며칠 안에 금방 끝나기도 합니다,새로 길들이기 시작한 유익한 습관이 정착되기까지는 보통 시간이 며칠 안에 금방 끝나기도 합니다,11.0526875,True
zk_00983,112,val,low,2,친노계파가 인사권 전횡을 할 수 없는 그런 보직을 줘서는 안 되구요,돼요 구요,친노계파가 인사권 전횡을 할 수 없는 그런 보직을 줘서는 돼요 구요,7.639375,True
zk_00983,112,val,mid,3,친노계파가 인사권 전횡을 할 수 없는 그런 보직을 줘서는 안 되구요,줄 수 있어요,친노계파가 인사권 전횡을 할 수 없는 그런 보직을 줄 수 있어요,7.639375,True
zk_00983,112,val,high,5,친노계파가 인사권 전횡을 할 수 없는 그런 보직을 줘서는 안 되구요,그런 보직을 꼭 줘야 합니다,친노계파가 인사권 전횡을 할 수 없는 그런 보직을 꼭 줘야 합니다,7.639375,True
zk_00984,112,val,low,2,정씨는 금메달을 보여드려도 될까요라며 면접위원들에게 이 메달을 꺼내보였다고 한다,숨겨뒀다고 한다,정씨는 금메달을 보여드려도 될까요라며 면접위원들에게 이 메달을 숨겨뒀다고 한다,10.1158125,True
zk_00984,112,val,mid,3,정씨는 금메달을 보여드려도 될까요라며 면접위원들에게 이 메달을 꺼내보였다고 한다,메달을 숨겼다고 한다,정씨는 금메달을 보여드려도 될까요라며 면접위원들에게 이 메달을 숨겼다고 한다,10.1158125,True
zk_00984,112,val,high,5,정씨는 금메달을 보여드려도 될까요라며 면접위원들에게 이 메달을 꺼내보였다고 한다,면접위원들에게 이 메달을 숨겼다고 한다,정씨는 금메달을 보여드려도 될까요라며 면접위원들에게 이 메달을 숨겼다고 한다,10.1158125,True
zk_00985,112,val,low,2,이제 목표한 오백 만원을 채워 은행에 가져가려는데 천장 안에 넣은 손을 아무리 휘저어도 닿는 것이 없었다,있었던 것,이제 목표한 오백 만원을 채워 은행에 가져가려는데 천장 안에 넣은 손을 아무리 휘저어도 닿는 있었던 것,9.543375,True
zk_00985,112,val,mid,3,이제 목표한 오백 만원을 채워 은행에 가져가려는데 천장 안에 넣은 손을 아무리 휘저어도 닿는 것이 없었다,닿는 것이 많았다,이제 목표한 오백 만원을 채워 은행에 가져가려는데 천장 안에 넣은 손을 아무리 휘저어도 닿는 것이 많았다,9.543375,True
zk_00985,112,val,high,5,이제 목표한 오백 만원을 채워 은행에 가져가려는데 천장 안에 넣은 손을 아무리 휘저어도 닿는 것이 없었다,조금만 움직여도 닿는 것이 많았다,이제 목표한 오백 만원을 채워 은행에 가져가려는데 천장 안에 넣은 손을 조금만 움직여도 닿는 것이 많았다,9.543375,True
zk_00986,112,val,low,2,에어컨이 가동되는 안락한 열차 안에서 갠 열차의 승객들은 최고의 서비스를 받습니다,서비스를 거절합니다,에어컨이 가동되는 안락한 열차 안에서 갠 열차의 승객들은 최고의 서비스를 거절합니다,8.2430625,True
zk_00986,112,val,mid,3,에어컨이 가동되는 안락한 열차 안에서 갠 열차의 승객들은 최고의 서비스를 받습니다,최악의 서비스를 받습니다,에어컨이 가동되는 안락한 열차 안에서 갠 열차의 승객들은 최악의 서비스를 받습니다,8.2430625,True
zk_00986,112,val,high,5,에어컨이 가동되는 안락한 열차 안에서 갠 열차의 승객들은 최고의 서비스를 받습니다,열차의 승객들은 최악의 서비스를 받습니다,에어컨이 가동되는 안락한 열차 안에서 갠 열차의 승객들은 최악의 서비스를 받습니다,8.2430625,True
zk_00987,112,val,low,2,그러니까 우리가 상상해 보시면 아시겠지만 우리가 해외 나가면 기껏 갖고 나가면 일 만 불이에요,만 원이에요,그러니까 우리가 상상해 보시면 아시겠지만 우리가 해외 나가면 기껏 갖고 나가면 일 만 원이에요,8.8468125,True
zk_00987,112,val,mid,3,그러니까 우리가 상상해 보시면 아시겠지만 우리가 해외 나가면 기껏 갖고 나가면 일 만 불이에요,일 만 원이에요,그러니까 우리가 상상해 보시면 아시겠지만 우리가 해외 나가면 기껏 갖고 나가면 일 만 원이에요,8.8468125,True
zk_00987,112,val,high,5,그러니까 우리가 상상해 보시면 아시겠지만 우리가 해외 나가면 기껏 갖고 나가면 일 만 불이에요,놔두면 일 만 불이 아니에요,그러니까 우리가 상상해 보시면 아시겠지만 우리가 해외 나가면 기껏 놔두면 일 만 불이 아니에요,8.8468125,True
zk_00988,112,val,low,2,학교는 시설 관리에 따르는 잡다한 업무가 없어지고 사업자는 일정 기간 수익을 보장 받을 수 있었다,수 없었다,학교는 시설 관리에 따르는 잡다한 업무가 없어지고 사업자는 일정 기간 수익을 보장 받을 수 없었다,8.800375,True
zk_00988,112,val,mid,3,학교는 시설 관리에 따르는 잡다한 업무가 없어지고 사업자는 일정 기간 수익을 보장 받을 수 있었다,받을 수 없었다,학교는 시설 관리에 따르는 잡다한 업무가 없어지고 사업자는 일정 기간 수익을 보장 받을 수 없었다,8.800375,True
zk_00988,112,val,high,5,학교는 시설 관리에 따르는 잡다한 업무가 없어지고 사업자는 일정 기간 수익을 보장 받을 수 있었다,손실을 감수할 수밖에 없었다,학교는 시설 관리에 따르는 잡다한 업무가 없어지고 사업자는 일정 기간 손실을 감수할 수밖에 없었다,8.800375,False
zk_00989,112,val,low,2,지구상에서 우크라이나와 우간다만큼이나 서로 다른 곳은 아마 거의 없을 것입니다,있을 것입니다,지구상에서 우크라이나와 우간다만큼이나 서로 다른 곳은 아마 거의 있을 것입니다,8.4320625,True
zk_00989,112,val,mid,3,지구상에서 우크라이나와 우간다만큼이나 서로 다른 곳은 아마 거의 없을 것입니다,매우 많을 것입니다,지구상에서 우크라이나와 우간다만큼이나 서로 다른 곳은 아마 매우 많을 것입니다,8.4320625,True
zk_00989,112,val,high,5,지구상에서 우크라이나와 우간다만큼이나 서로 다른 곳은 아마 거의 없을 것입니다,곳은 아마 매우 많을 것입니다,지구상에서 우크라이나와 우간다만큼이나 서로 다른 곳은 아마 매우 많을 것입니다,8.4320625,True
zk_00990,114,val,low,2,이들의 탈당이 현실화 될 경우 그 파장은 일파만파로 번져 결국 새정치민주연합은 분당에 직면할 것으로 예상된다,것으로 보인다,이들의 탈당이 현실화 될 경우 그 파장은 일파만파로 번져 결국 새정치민주연합은 분당에 직면할 것으로 보인다,10.7505,True
zk_00990,114,val,mid,3,이들의 탈당이 현실화 될 경우 그 파장은 일파만파로 번져 결국 새정치민주연합은 분당에 직면할 것으로 예상된다,극복할 것으로 예상된다,이들의 탈당이 현실화 될 경우 그 파장은 일파만파로 번져 결국 새정치민주연합은 분당에 극복할 것으로 예상된다,10.7505,True
zk_00990,114,val,high,5,이들의 탈당이 현실화 될 경우 그 파장은 일파만파로 번져 결국 새정치민주연합은 분당에 직면할 것으로 예상된다,새정치민주연합은 단결을 이루게 될 것이다,이들의 탈당이 현실화 될 경우 그 파장은 일파만파로 번져 결국 새정치민주연합은 단결을 이루게 될 것이다,10.7505,True
zk_00991,114,val,low,2,대통령 측은 녹취 파일의 내용에 따라 박 대통령의 탄핵사유를 부정할 증거로 활용해 심판 흐름을 바꾸는 전략을 펼칠 전망이다,접힐 우려다,대통령 측은 녹취 파일의 내용에 따라 박 대통령의 탄핵사유를 부정할 증거로 활용해 심판 흐름을 바꾸는 전략을 접힐 우려다,10.570125,True
zk_00991,114,val,mid,3,대통령 측은 녹취 파일의 내용에 따라 박 대통령의 탄핵사유를 부정할 증거로 활용해 심판 흐름을 바꾸는 전략을 펼칠 전망이다,전략을 포기할 것이다,대통령 측은 녹취 파일의 내용에 따라 박 대통령의 탄핵사유를 부정할 증거로 활용해 심판 흐름을 바꾸는 전략을 포기할 것이다,10.570125,True
zk_00991,114,val,high,5,대통령 측은 녹취 파일의 내용에 따라 박 대통령의 탄핵사유를 부정할 증거로 활용해 심판 흐름을 바꾸는 전략을 펼칠 전망이다,흐름을 유지하는 방침을 취할 것이다,대통령 측은 녹취 파일의 내용에 따라 박 대통령의 탄핵사유를 부정할 증거로 활용해 심판 흐름을 유지하는 방침을 취할 것이다,10.570125,True
zk_00992,114,val,low,2,그래서 제가 당신들 북으로 간첩 보내는 길이 있을 거 아니냐,거 맞지,그래서 제가 당신들 북으로 간첩 보내는 길이 있을 거 맞지,5.8898125,True
zk_00992,114,val,mid,3,그래서 제가 당신들 북으로 간첩 보내는 길이 있을 거 아니냐,없을 거 아니냐,그래서 제가 당신들 북으로 간첩 보내는 길이 없을 거 아니냐,5.8898125,True
zk_00992,114,val,high,5,그래서 제가 당신들 북으로 간첩 보내는 길이 있을 거 아니냐,보내는 길이 없을 거 아니냐,그래서 제가 당신들 북으로 간첩 보내는 길이 없을 거 아니냐,5.8898125,True
zk_00993,114,val,low,2,경찰에서 수사받고 있다는데 대체 무슨 일이냐고 따졌다,일이냐고 물었다,경찰에서 수사받고 있다는데 대체 무슨 일이냐고 물었다,5.427375,True
zk_00993,114,val,mid,3,경찰에서 수사받고 있다는데 대체 무슨 일이냐고 따졌다,무슨 일인지 물었다,경찰에서 수사받고 있다는데 대체 무슨 일인지 물었다,5.427375,True
zk_00993,114,val,high,5,경찰에서 수사받고 있다는데 대체 무슨 일이냐고 따졌다,있다는데 대체 무슨 일이냐고 물었다,경찰에서 수사받고 있다는데 대체 무슨 일이냐고 물었다,5.427375,True
zk_00994,114,val,low,2,올보르 구치소 관계자는 정 씨의 아기가 정 씨를 보러 면회를 올 수는 있어도 정 씨가 아기를 보러 나갈 수는 없다고 부인했다,있다고 인정했다,올보르 구치소 관계자는 정 씨의 아기가 정 씨를 보러 면회를 올 수는 있어도 정 씨가 아기를 보러 나갈 수는 있다고 인정했다,9.7328125,True
zk_00994,114,val,mid,3,올보르 구치소 관계자는 정 씨의 아기가 정 씨를 보러 면회를 올 수는 있어도 정 씨가 아기를 보러 나갈 수는 없다고 부인했다,수는 있다고 인정했다,올보르 구치소 관계자는 정 씨의 아기가 정 씨를 보러 면회를 올 수는 있어도 정 씨가 아기를 보러 나갈 수는 있다고 인정했다,9.7328125,True
zk_00994,114,val,high,5,올보르 구치소 관계자는 정 씨의 아기가 정 씨를 보러 면회를 올 수는 있어도 정 씨가 아기를 보러 나갈 수는 없다고 부인했다,보러 나갈 수 있다고 인정했다,올보르 구치소 관계자는 정 씨의 아기가 정 씨를 보러 면회를 올 수는 있어도 정 씨가 아기를 보러 나갈 수 있다고 인정했다,9.7328125,True
zk_00995,114,val,low,2,소비자들 한국 경제 앞으로도 안 좋다그러면 앞으로는 어떨까요,지금까지는 어땠나요,소비자들 한국 경제 앞으로도 안 좋다그러면 지금까지는 어땠나요,6.444875,True
zk_00995,114,val,mid,3,소비자들 한국 경제 앞으로도 안 좋다그러면 앞으로는 어떨까요,안 좋으면 어떨까요,소비자들 한국 경제 앞으로도 안 안 좋으면 어떨까요,6.444875,True
zk_00995,114,val,high,5,소비자들 한국 경제 앞으로도 안 좋다그러면 앞으로는 어떨까요,앞으로도 좋다면 계속해야 할 것 같습니다,소비자들 한국 경제 앞으로도 좋다면 계속해야 할 것 같습니다,6.444875,False
zk_00996,114,val,low,2,검찰은 석유공사가 캐나다 하베스트사의 정유공장을 인수하는 과정도 눈여겨보고 있다,무시하고 있다,검찰은 석유공사가 캐나다 하베스트사의 정유공장을 인수하는 과정도 무시하고 있다,7.9695625,True
zk_00996,114,val,mid,3,검찰은 석유공사가 캐나다 하베스트사의 정유공장을 인수하는 과정도 눈여겨보고 있다,과정을 무시하고 있다,검찰은 석유공사가 캐나다 하베스트사의 정유공장을 인수하는 과정을 무시하고 있다,7.9695625,True
zk_00996,114,val,high,5,검찰은 석유공사가 캐나다 하베스트사의 정유공장을 인수하는 과정도 눈여겨보고 있다,정유공장을 인수하는 과정을 무시하고 있다,검찰은 석유공사가 캐나다 하베스트사의 정유공장을 인수하는 과정을 무시하고 있다,7.9695625,True
zk_00997,114,val,low,2,이를 바탕으로 계산했을 때 이천 오백 원짜리 국산맥주의 평균 주세는 한 캔 당 약 삼백 구십 오 원 수입맥주는 삼백 이십 원이된다,삼십 원이된다,이를 바탕으로 계산했을 때 이천 오백 원짜리 국산맥주의 평균 주세는 한 캔 당 약 삼백 구십 오 원 수입맥주는 삼백 삼십 원이된다,10.9618125,True
zk_00997,114,val,mid,3,이를 바탕으로 계산했을 때 이천 오백 원짜리 국산맥주의 평균 주세는 한 캔 당 약 삼백 구십 오 원 수입맥주는 삼백 이십 원이된다,오백 오십 원이된다,이를 바탕으로 계산했을 때 이천 오백 원짜리 국산맥주의 평균 주세는 한 캔 당 약 삼백 구십 오 원 수입맥주는 오백 오십 원이된다,10.9618125,True
zk_00997,114,val,high,5,이를 바탕으로 계산했을 때 이천 오백 원짜리 국산맥주의 평균 주세는 한 캔 당 약 삼백 구십 오 원 수입맥주는 삼백 이십 원이된다,원 수입맥주는 오십 원도 안 된다,이를 바탕으로 계산했을 때 이천 오백 원짜리 국산맥주의 평균 주세는 한 캔 당 약 삼백 구십 오 원 수입맥주는 오십 원도 안 된다,10.9618125,False
zk_00998,114,val,low,2,그러면 코르크와 함께 침전물을 쉽게 빼낼 수 있으며 그런 다음에 최종적으로 병에 코르크 마개를 할 수 있어요,못 해요,그러면 코르크와 함께 침전물을 쉽게 빼낼 수 있으며 그런 다음에 최종적으로 병에 코르크 마개를 할 못 해요,8.314375,True
zk_00998,114,val,mid,3,그러면 코르크와 함께 침전물을 쉽게 빼낼 수 있으며 그런 다음에 최종적으로 병에 코르크 마개를 할 수 있어요,할 수 없어요,그러면 코르크와 함께 침전물을 쉽게 빼낼 수 있으며 그런 다음에 최종적으로 병에 코르크 마개를 할 수 없어요,8.314375,True
zk_00998,114,val,high,5,그러면 코르크와 함께 침전물을 쉽게 빼낼 수 있으며 그런 다음에 최종적으로 병에 코르크 마개를 할 수 있어요,코르크 마개를 할 수 없어요,그러면 코르크와 함께 침전물을 쉽게 빼낼 수 있으며 그런 다음에 최종적으로 병에 코르크 마개를 할 수 없어요,8.314375,True
zk_00999,114,val,low,2,이러한 결과에 대해 거센 비난 여론이 쏟아지자 그리스 정부는 조세 포탈을 해온 예순 여덟 명의 의사를 고발했다,의사를 칭찬했다,이러한 결과에 대해 거센 비난 여론이 쏟아지자 그리스 정부는 조세 포탈을 해온 예순 여덟 명의 의사를 칭찬했다,9.5751875,True
zk_00999,114,val,mid,3,이러한 결과에 대해 거센 비난 여론이 쏟아지자 그리스 정부는 조세 포탈을 해온 예순 여덟 명의 의사를 고발했다,명의 의사를 칭찬했다,이러한 결과에 대해 거센 비난 여론이 쏟아지자 그리스 정부는 조세 포탈을 해온 예순 여덟 명의 의사를 칭찬했다,9.5751875,True
zk_00999,114,val,high,5,이러한 결과에 대해 거센 비난 여론이 쏟아지자 그리스 정부는 조세 포탈을 해온 예순 여덟 명의 의사를 고발했다,예순 여덟 명의 의사를 칭찬했다,이러한 결과에 대해 거센 비난 여론이 쏟아지자 그리스 정부는 조세 포탈을 해온 예순 여덟 명의 의사를 칭찬했다,9.5751875,True
zk_01000,115,val,low,2,그분은 그 일을 거듭 행하는 사람들에게 동의하는 사람들도 승인하지 않으십니다,승인하십니다,그분은 그 일을 거듭 행하는 사람들에게 동의하는 사람들도 승인하십니다,6.5724375,False
zk_01000,115,val,mid,3,그분은 그 일을 거듭 행하는 사람들에게 동의하는 사람들도 승인하지 않으십니다,사람들이 적극 지지합니다,그분은 그 일을 거듭 행하는 사람들에게 동의하는 사람들이 적극 지지합니다,6.5724375,True
zk_01000,115,val,high,5,그분은 그 일을 거듭 행하는 사람들에게 동의하는 사람들도 승인하지 않으십니다,사람들에게 반대하는 사람들도 비난합니다,그분은 그 일을 거듭 행하는 사람들에게 반대하는 사람들도 비난합니다,6.5724375,False
zk_01001,115,val,low,2,자기 세를 오히려 결집시키는 효과를 나타낼 수도 있는 것이죠,없는 것이죠,자기 세를 오히려 결집시키는 효과를 나타낼 수도 없는 것이죠,6.0754375,True
zk_01001,115,val,mid,3,자기 세를 오히려 결집시키는 효과를 나타낼 수도 있는 것이죠,없을 수도 있죠,자기 세를 오히려 결집시키는 효과를 나타낼 없을 수도 있죠,6.0754375,True
zk_01001,115,val,high,5,자기 세를 오히려 결집시키는 효과를 나타낼 수도 있는 것이죠,효과를 나타낼 수 없는 것이죠,자기 세를 오히려 결집시키는 효과를 나타낼 수 없는 것이죠,6.0754375,True
zk_01002,115,val,low,2,평균기온은 세 시간 단위로 하루 팔 차례 기온을 잰 뒤 이를 더해 평균 낸 것이다,받은 것이다,평균기온은 세 시간 단위로 하루 팔 차례 기온을 잰 뒤 이를 더해 평균 받은 것이다,7.25725,True
zk_01002,115,val,mid,3,평균기온은 세 시간 단위로 하루 팔 차례 기온을 잰 뒤 이를 더해 평균 낸 것이다,편차를 낸 것이다,평균기온은 세 시간 단위로 하루 팔 차례 기온을 잰 뒤 이를 더해 편차를 낸 것이다,7.25725,True
zk_01002,115,val,high,5,평균기온은 세 시간 단위로 하루 팔 차례 기온을 잰 뒤 이를 더해 평균 낸 것이다,이를 빼서 평균 낸 것이다,평균기온은 세 시간 단위로 하루 팔 차례 기온을 잰 뒤 이를 빼서 평균 낸 것이다,7.25725,True
zk_01003,115,val,low,2,이런 문제는 최근 흔히들 말하는 작은 결혼식에 대한 이해의 문제에서부터 시작한다,문제에서부터 끝난다,이런 문제는 최근 흔히들 말하는 작은 결혼식에 대한 이해의 문제에서부터 끝난다,6.637,True
zk_01003,115,val,mid,3,이런 문제는 최근 흔히들 말하는 작은 결혼식에 대한 이해의 문제에서부터 시작한다,오해의 문제에서부터 시작한다,이런 문제는 최근 흔히들 말하는 작은 결혼식에 대한 오해의 문제에서부터 시작한다,6.637,True
zk_01003,115,val,high,5,이런 문제는 최근 흔히들 말하는 작은 결혼식에 대한 이해의 문제에서부터 시작한다,결혼식에 대한 오해로 끝나버린다,이런 문제는 최근 흔히들 말하는 작은 결혼식에 대한 오해로 끝나버린다,6.637,False
zk_01004,115,val,low,2,이 돈은 자살로 처리된 군인에게만 지급하는 항목이기 때문에 무조건 지급할 수 없다는 말입니다,있다는 말입니다,이 돈은 자살로 처리된 군인에게만 지급하는 항목이기 때문에 무조건 지급할 수 있다는 말입니다,7.857625,True
zk_01004,115,val,mid,3,이 돈은 자살로 처리된 군인에게만 지급하는 항목이기 때문에 무조건 지급할 수 없다는 말입니다,할 수 있습니다,이 돈은 자살로 처리된 군인에게만 지급하는 항목이기 때문에 무조건 지급할 할 수 있습니다,7.857625,True
zk_01004,115,val,high,5,이 돈은 자살로 처리된 군인에게만 지급하는 항목이기 때문에 무조건 지급할 수 없다는 말입니다,반드시 지급해야 한다는 의미입니다,이 돈은 자살로 처리된 군인에게만 지급하는 항목이기 때문에 반드시 지급해야 한다는 의미입니다,7.857625,False
zk_01005,115,val,low,2,목적은 다르지만 결국 모두 명품이 주는 보상심리에서 비롯됐다는 게 전문가들 분석이다,전문가들 반박이다,목적은 다르지만 결국 모두 명품이 주는 보상심리에서 비롯됐다는 게 전문가들 반박이다,7.8325625,True
zk_01005,115,val,mid,3,목적은 다르지만 결국 모두 명품이 주는 보상심리에서 비롯됐다는 게 전문가들 분석이다,게 전문가들 우려다,목적은 다르지만 결국 모두 명품이 주는 보상심리에서 비롯됐다는 게 전문가들 우려다,7.8325625,True
zk_01005,115,val,high,5,목적은 다르지만 결국 모두 명품이 주는 보상심리에서 비롯됐다는 게 전문가들 분석이다,합리적 판단이라는 게 전문가들 분석이다,목적은 다르지만 결국 모두 명품이 주는 합리적 판단이라는 게 전문가들 분석이다,7.8325625,True
zk_01006,115,val,low,2,그리고는 데스크 밑에서 잭을 불법 단말기에 꽂고 정상적인 것처럼 위에 올려놓죠,내려 놓죠,그리고는 데스크 밑에서 잭을 불법 단말기에 꽂고 정상적인 것처럼 내려 놓죠,7.79825,True
zk_01006,115,val,mid,3,그리고는 데스크 밑에서 잭을 불법 단말기에 꽂고 정상적인 것처럼 위에 올려놓죠,것처럼 아래에 내려놓죠,그리고는 데스크 밑에서 잭을 불법 단말기에 꽂고 정상적인 것처럼 아래에 내려놓죠,7.79825,True
zk_01006,115,val,high,5,그리고는 데스크 밑에서 잭을 불법 단말기에 꽂고 정상적인 것처럼 위에 올려놓죠,빼고 이상한 것처럼 아래에 숨겨놓죠,그리고는 데스크 밑에서 잭을 불법 단말기에 빼고 이상한 것처럼 아래에 숨겨놓죠,7.79825,True
zk_01007,115,val,low,2,그리하여 증인들은 수많은 사람들의 마음속에서 하느님의 말씀에 대한 사랑이 다시 불타오르도록 도와 왔습니다,방해하고 갔습니다,그리하여 증인들은 수많은 사람들의 마음속에서 하느님의 말씀에 대한 사랑이 다시 불타오르도록 방해하고 갔습니다,9.1591875,True
zk_01007,115,val,mid,3,그리하여 증인들은 수많은 사람들의 마음속에서 하느님의 말씀에 대한 사랑이 다시 불타오르도록 도와 왔습니다,꺼지도록 도와 왔습니다,그리하여 증인들은 수많은 사람들의 마음속에서 하느님의 말씀에 대한 사랑이 다시 꺼지도록 도와 왔습니다,9.1591875,True
zk_01007,115,val,high,5,그리하여 증인들은 수많은 사람들의 마음속에서 하느님의 말씀에 대한 사랑이 다시 불타오르도록 도와 왔습니다,사랑이 완전히 식어버리도록 내버려뒀습니다,그리하여 증인들은 수많은 사람들의 마음속에서 하느님의 말씀에 대한 사랑이 완전히 식어버리도록 내버려뒀습니다,9.1591875,False
zk_01008,115,val,low,2,호텔 더 플라자는 한 끼 식사 가격이 오십 만원에 달하는 상품을 내놓고 일흔 명분 예약을 받았는데 출시 이틀 만에 완판됐다,만에 재고됐다,호텔 더 플라자는 한 끼 식사 가격이 오십 만원에 달하는 상품을 내놓고 일흔 명분 예약을 받았는데 출시 이틀 만에 재고됐다,10.4280625,True
zk_01008,115,val,mid,3,호텔 더 플라자는 한 끼 식사 가격이 오십 만원에 달하는 상품을 내놓고 일흔 명분 예약을 받았는데 출시 이틀 만에 완판됐다,몇 달이 남았다,호텔 더 플라자는 한 끼 식사 가격이 오십 만원에 달하는 상품을 내놓고 일흔 명분 예약을 받았는데 출시 몇 달이 남았다,10.4280625,True
zk_01008,115,val,high,5,호텔 더 플라자는 한 끼 식사 가격이 오십 만원에 달하는 상품을 내놓고 일흔 명분 예약을 받았는데 출시 이틀 만에 완판됐다,받았는데 출시 이틀 만에 품절됐다,호텔 더 플라자는 한 끼 식사 가격이 오십 만원에 달하는 상품을 내놓고 일흔 명분 예약을 받았는데 출시 이틀 만에 품절됐다,10.4280625,True
zk_01009,115,val,low,2,이후 김씨 일당은 이천 팔 년부터 필리핀에 관광온 여행객들을 대상으로 십 여 차례 납치 강도 살인 행각을 벌여 오 억원을 빼앗았다,억원을 돌려줬다,이후 김씨 일당은 이천 팔 년부터 필리핀에 관광온 여행객들을 대상으로 십 여 차례 납치 강도 살인 행각을 벌여 오 억원을 돌려줬다,11.4338125,True
zk_01009,115,val,mid,3,이후 김씨 일당은 이천 팔 년부터 필리핀에 관광온 여행객들을 대상으로 십 여 차례 납치 강도 살인 행각을 벌여 오 억원을 빼앗았다,오 억원을 돌려주었다,이후 김씨 일당은 이천 팔 년부터 필리핀에 관광온 여행객들을 대상으로 십 여 차례 납치 강도 살인 행각을 벌여 오 억원을 돌려주었다,11.4338125,True
zk_01009,115,val,high,5,이후 김씨 일당은 이천 팔 년부터 필리핀에 관광온 여행객들을 대상으로 십 여 차례 납치 강도 살인 행각을 벌여 오 억원을 빼앗았다,행각을 벌여 오 억원을 돌려주었다,이후 김씨 일당은 이천 팔 년부터 필리핀에 관광온 여행객들을 대상으로 십 여 차례 납치 강도 살인 행각을 벌여 오 억원을 돌려주었다,11.4338125,True
zk_01010,130,val,low,2,이것은 제 이 형 당뇨병의 전조가 될 뿐 아니라 최근에 알려진 바에 따르면 치매의 위험을 상승시킬 수도 있다고 합니다,없다고 합니다,이것은 제 이 형 당뇨병의 전조가 될 뿐 아니라 최근에 알려진 바에 따르면 치매의 위험을 상승시킬 수도 없다고 합니다,8.9283125,True
zk_01010,130,val,mid,3,이것은 제 이 형 당뇨병의 전조가 될 뿐 아니라 최근에 알려진 바에 따르면 치매의 위험을 상승시킬 수도 있다고 합니다,없을 수도 있습니다,이것은 제 이 형 당뇨병의 전조가 될 뿐 아니라 최근에 알려진 바에 따르면 치매의 위험을 상승시킬 없을 수도 있습니다,8.9283125,True
zk_01010,130,val,high,5,이것은 제 이 형 당뇨병의 전조가 될 뿐 아니라 최근에 알려진 바에 따르면 치매의 위험을 상승시킬 수도 있다고 합니다,위험을 감소시킬 수도 있다고 합니다,이것은 제 이 형 당뇨병의 전조가 될 뿐 아니라 최근에 알려진 바에 따르면 치매의 위험을 감소시킬 수도 있다고 합니다,8.9283125,True
zk_01011,130,val,low,2,성과상여금 부당수령자의 수령액을 환수 조치하고 다음해 성과상여금을 지급하지 않는 한편 징계 조치하기로 했다,미루기로 했다,성과상여금 부당수령자의 수령액을 환수 조치하고 다음해 성과상여금을 지급하지 않는 한편 징계 미루기로 했다,9.645625,True
zk_01011,130,val,mid,3,성과상여금 부당수령자의 수령액을 환수 조치하고 다음해 성과상여금을 지급하지 않는 한편 징계 조치하기로 했다,징계 조치 철회했다,성과상여금 부당수령자의 수령액을 환수 조치하고 다음해 성과상여금을 지급하지 않는 한편 징계 조치 철회했다,9.645625,True
zk_01011,130,val,high,5,성과상여금 부당수령자의 수령액을 환수 조치하고 다음해 성과상여금을 지급하지 않는 한편 징계 조치하기로 했다,하는 한편 포상 조치하기로 했다,성과상여금 부당수령자의 수령액을 환수 조치하고 다음해 성과상여금을 지급하지 하는 한편 포상 조치하기로 했다,9.645625,True
zk_01012,130,val,low,2,극도의 감정적인 괴로움이나 우울증을 겪는 경우라면 의학적인 치료가 필요할 수도 있다,수도 없다,극도의 감정적인 괴로움이나 우울증을 겪는 경우라면 의학적인 치료가 필요할 수도 없다,6.6634375,True
zk_01012,130,val,mid,3,극도의 감정적인 괴로움이나 우울증을 겪는 경우라면 의학적인 치료가 필요할 수도 있다,필요하지 않을 수도,극도의 감정적인 괴로움이나 우울증을 겪는 경우라면 의학적인 치료가 필요하지 않을 수도,6.6634375,True
zk_01012,130,val,high,5,극도의 감정적인 괴로움이나 우울증을 겪는 경우라면 의학적인 치료가 필요할 수도 있다,의학적인 치료는 전혀 필요하지 않다,극도의 감정적인 괴로움이나 우울증을 겪는 경우라면 의학적인 치료는 전혀 필요하지 않다,6.6634375,True
zk_01013,130,val,low,2,여덟 명만 불러서 조사하고 말아서는 안되는 것 아닌가라고 말했다,맞다고 말했다,여덟 명만 불러서 조사하고 말아서는 안되는 것 맞다고 말했다,5.4438125,True
zk_01013,130,val,mid,3,여덟 명만 불러서 조사하고 말아서는 안되는 것 아닌가라고 말했다,것 같다고 했다,여덟 명만 불러서 조사하고 말아서는 안되는 것 같다고 했다,5.4438125,True
zk_01013,130,val,high,5,여덟 명만 불러서 조사하고 말아서는 안되는 것 아닌가라고 말했다,해야만 하는 것이 아니라고 말했다,여덟 명만 불러서 조사하고 해야만 하는 것이 아니라고 말했다,5.4438125,True
zk_01014,130,val,low,2,이 단지는 지하철 분당선 서울숲역이 가까워 역세권 입지를 갖춘 데다 중랑천과 서울숲이 가까이에 있어 자연경관이 좋고 한강도 조망할 수 있다,수 없다,이 단지는 지하철 분당선 서울숲역이 가까워 역세권 입지를 갖춘 데다 중랑천과 서울숲이 가까이에 있어 자연경관이 좋고 한강도 조망할 수 없다,11.943125,True
zk_01014,130,val,mid,3,이 단지는 지하철 분당선 서울숲역이 가까워 역세권 입지를 갖춘 데다 중랑천과 서울숲이 가까이에 있어 자연경관이 좋고 한강도 조망할 수 있다,무시할 수 있다,이 단지는 지하철 분당선 서울숲역이 가까워 역세권 입지를 갖춘 데다 중랑천과 서울숲이 가까이에 있어 자연경관이 좋고 한강도 무시할 수 있다,11.943125,True
zk_01014,130,val,high,5,이 단지는 지하철 분당선 서울숲역이 가까워 역세권 입지를 갖춘 데다 중랑천과 서울숲이 가까이에 있어 자연경관이 좋고 한강도 조망할 수 있다,안 좋고 한강도 못 본다,이 단지는 지하철 분당선 서울숲역이 가까워 역세권 입지를 갖춘 데다 중랑천과 서울숲이 가까이에 있어 자연경관이 안 좋고 한강도 못 본다,11.943125,True
zk_01015,130,val,low,2,흑인인 플래내건은 나를 이 끝까지 오게 한 것은 교회 총격사건이라면서 내 총알에 희생자 이름 이니셜이 새겨져 있다고 말했다,없다고 말했다,흑인인 플래내건은 나를 이 끝까지 오게 한 것은 교회 총격사건이라면서 내 총알에 희생자 이름 이니셜이 새겨져 없다고 말했다,9.450625,True
zk_01015,130,val,mid,3,흑인인 플래내건은 나를 이 끝까지 오게 한 것은 교회 총격사건이라면서 내 총알에 희생자 이름 이니셜이 새겨져 있다고 말했다,지워져 있다고 말했다,흑인인 플래내건은 나를 이 끝까지 오게 한 것은 교회 총격사건이라면서 내 총알에 희생자 이름 이니셜이 지워져 있다고 말했다,9.450625,True
zk_01015,130,val,high,5,흑인인 플래내건은 나를 이 끝까지 오게 한 것은 교회 총격사건이라면서 내 총알에 희생자 이름 이니셜이 새겨져 있다고 말했다,이름 이니셜이 없다고 분명히 말했다,흑인인 플래내건은 나를 이 끝까지 오게 한 것은 교회 총격사건이라면서 내 총알에 희생자 이름 이니셜이 없다고 분명히 말했다,9.450625,True
zk_01016,130,val,low,2,국회 추천이라고 했으니까 새누리당은 사사건건 딴지를 걸면서 시간을 끌 것이다,밀 것이다,국회 추천이라고 했으니까 새누리당은 사사건건 딴지를 걸면서 시간을 밀 것이다,6.8726875,True
zk_01016,130,val,mid,3,국회 추천이라고 했으니까 새누리당은 사사건건 딴지를 걸면서 시간을 끌 것이다,빠르게 끝낼 것이다,국회 추천이라고 했으니까 새누리당은 사사건건 딴지를 걸면서 빠르게 끝낼 것이다,6.8726875,True
zk_01016,130,val,high,5,국회 추천이라고 했으니까 새누리당은 사사건건 딴지를 걸면서 시간을 끌 것이다,곧바로 합의를 이루어낼 것이다,국회 추천이라고 했으니까 새누리당은 사사건건 곧바로 합의를 이루어낼 것이다,6.8726875,False
zk_01017,130,val,low,2,찢긴 플래카드들과 나무에 매단 리본들도 바람 따라 세차게 펄럭였다,천천히 흔들렸다,찢긴 플래카드들과 나무에 매단 리본들도 바람 따라 천천히 흔들렸다,6.1788125,True
zk_01017,130,val,mid,3,찢긴 플래카드들과 나무에 매단 리본들도 바람 따라 세차게 펄럭였다,따라 천천히 늘어졌다,찢긴 플래카드들과 나무에 매단 리본들도 바람 따라 천천히 늘어졌다,6.1788125,True
zk_01017,130,val,high,5,찢긴 플래카드들과 나무에 매단 리본들도 바람 따라 세차게 펄럭였다,리본들도 바람 따라 천천히 흔들렸다,찢긴 플래카드들과 나무에 매단 리본들도 바람 따라 천천히 흔들렸다,6.1788125,True
zk_01018,130,val,low,2,지난 이십 팔 일 한 온라인 커뮤니티에는 투고백의 진실을 아시나요,거짓을 모르나요,지난 이십 팔 일 한 온라인 커뮤니티에는 투고백의 거짓을 모르나요,5.6561875,True
zk_01018,130,val,mid,3,지난 이십 팔 일 한 온라인 커뮤니티에는 투고백의 진실을 아시나요,투고백의 거짓을 모르나요,지난 이십 팔 일 한 온라인 커뮤니티에는 투고백의 거짓을 모르나요,5.6561875,True
zk_01018,130,val,high,5,지난 이십 팔 일 한 온라인 커뮤니티에는 투고백의 진실을 아시나요,온라인 커뮤니티의 거짓을 아직도 모르나요,지난 이십 팔 일 한 온라인 커뮤니티의 거짓을 아직도 모르나요,5.6561875,True
zk_01019,130,val,low,2,그곳에서 여호와의 천사가 불타는 덤불 가운데서 모세에게 나타났습니다,모세에게 숨겼습니다,그곳에서 여호와의 천사가 불타는 덤불 가운데서 모세에게 숨겼습니다,5.63625,True
zk_01019,130,val,mid,3,그곳에서 여호와의 천사가 불타는 덤불 가운데서 모세에게 나타났습니다,가운데서 모세를 피했습니다,그곳에서 여호와의 천사가 불타는 덤불 가운데서 모세를 피했습니다,5.63625,True
zk_01019,130,val,high,5,그곳에서 여호와의 천사가 불타는 덤불 가운데서 모세에게 나타났습니다,불타는 덤불 가운데서 모세를 피했습니다,그곳에서 여호와의 천사가 불타는 덤불 가운데서 모세를 피했습니다,5.63625,True
zk_01020,134,val,low,2,그래서 제가 당신들 북으로 간첩 보내는 길이 있을 거 아니냐,거 맞지,그래서 제가 당신들 북으로 간첩 보내는 길이 있을 거 맞지,7.082875,True
zk_01020,134,val,mid,3,그래서 제가 당신들 북으로 간첩 보내는 길이 있을 거 아니냐,없을 거 아니냐,그래서 제가 당신들 북으로 간첩 보내는 길이 없을 거 아니냐,7.082875,True
zk_01020,134,val,high,5,그래서 제가 당신들 북으로 간첩 보내는 길이 있을 거 아니냐,받는 길이 없을 거 아니냐,그래서 제가 당신들 북으로 간첩 받는 길이 없을 거 아니냐,7.082875,True
zk_01021,134,val,low,2,책임있는 상담을 위한 변화였다는 설명이지만 고객들 역시 문의를 마치면 바로 전화를 끊는 식이었다,이어가는 식이었다,책임있는 상담을 위한 변화였다는 설명이지만 고객들 역시 문의를 마치면 바로 전화를 이어가는 식이었다,7.9798125,True
zk_01021,134,val,mid,3,책임있는 상담을 위한 변화였다는 설명이지만 고객들 역시 문의를 마치면 바로 전화를 끊는 식이었다,전화를 받는 식이었다,책임있는 상담을 위한 변화였다는 설명이지만 고객들 역시 문의를 마치면 바로 전화를 받는 식이었다,7.9798125,True
zk_01021,134,val,high,5,책임있는 상담을 위한 변화였다는 설명이지만 고객들 역시 문의를 마치면 바로 전화를 끊는 식이었다,마치면 한참을 더 계속 대화했다,책임있는 상담을 위한 변화였다는 설명이지만 고객들 역시 문의를 마치면 한참을 더 계속 대화했다,7.9798125,True
zk_01022,134,val,low,2,이날 미국 에너지정보국은 지난주 원유 재고가 전주보다 육백 삼십 만 배럴 증가한 사 억 천 삼백 육 만 배럴을 기록했다고 밝혔다,기록하지 밝혔다,이날 미국 에너지정보국은 지난주 원유 재고가 전주보다 육백 삼십 만 배럴 증가한 사 억 천 삼백 육 만 배럴을 기록하지 밝혔다,11.9813125,True
zk_01022,134,val,mid,3,이날 미국 에너지정보국은 지난주 원유 재고가 전주보다 육백 삼십 만 배럴 증가한 사 억 천 삼백 육 만 배럴을 기록했다고 밝혔다,배럴을 기록하지 못했다,이날 미국 에너지정보국은 지난주 원유 재고가 전주보다 육백 삼십 만 배럴 증가한 사 억 천 삼백 육 만 배럴을 기록하지 못했다,11.9813125,True
zk_01022,134,val,high,5,이날 미국 에너지정보국은 지난주 원유 재고가 전주보다 육백 삼십 만 배럴 증가한 사 억 천 삼백 육 만 배럴을 기록했다고 밝혔다,육만 배럴을 기록하지 못했다,이날 미국 에너지정보국은 지난주 원유 재고가 전주보다 육백 삼십 만 배럴 증가한 사 억 천 삼백 육만 배럴을 기록하지 못했다,11.9813125,False
zk_01023,134,val,low,2,급할수록 돌아가라 이해와 인내 사이노출 천장과 도장한 벽체로 포인트를 준 주택 방 모습,방 냄새,급할수록 돌아가라 이해와 인내 사이노출 천장과 도장한 벽체로 포인트를 준 주택 방 냄새,9.2185,True
zk_01023,134,val,mid,3,급할수록 돌아가라 이해와 인내 사이노출 천장과 도장한 벽체로 포인트를 준 주택 방 모습,주택 방 냄새,급할수록 돌아가라 이해와 인내 사이노출 천장과 도장한 벽체로 포인트를 준 주택 방 냄새,9.2185,True
zk_01023,134,val,high,5,급할수록 돌아가라 이해와 인내 사이노출 천장과 도장한 벽체로 포인트를 준 주택 방 모습,포인트를 뺀 주택 방 모습,급할수록 돌아가라 이해와 인내 사이노출 천장과 도장한 벽체로 포인트를 뺀 주택 방 모습,9.2185,True
zk_01024,134,val,low,2,조합원들 눈치를 보느라 시중 금리를 감안하지 않은 급여율을 유지해왔고 운용 부실로 떠밀리다시피 급여율을 낮추게 된 것이다,되지 않았다,조합원들 눈치를 보느라 시중 금리를 감안하지 않은 급여율을 유지해왔고 운용 부실로 떠밀리다시피 급여율을 낮추게 되지 않았다,10.174625,True
zk_01024,134,val,mid,3,조합원들 눈치를 보느라 시중 금리를 감안하지 않은 급여율을 유지해왔고 운용 부실로 떠밀리다시피 급여율을 낮추게 된 것이다,높이게 된 것이다,조합원들 눈치를 보느라 시중 금리를 감안하지 않은 급여율을 유지해왔고 운용 부실로 떠밀리다시피 급여율을 높이게 된 것이다,10.174625,True
zk_01024,134,val,high,5,조합원들 눈치를 보느라 시중 금리를 감안하지 않은 급여율을 유지해왔고 운용 부실로 떠밀리다시피 급여율을 낮추게 된 것이다,자발적으로 급여율을 올리게 된 것이다,조합원들 눈치를 보느라 시중 금리를 감안하지 않은 급여율을 유지해왔고 운용 부실로 자발적으로 급여율을 올리게 된 것이다,10.174625,True
zk_01025,134,val,low,2,이 중 단지 백 종 정도의 진균류만 사람과 동물에게 질병을 일으키는 것으로 알려져 있습니다,숨겨져 있습니다,이 중 단지 백 종 정도의 진균류만 사람과 동물에게 질병을 일으키는 것으로 숨겨져 있습니다,9.183,True
zk_01025,134,val,mid,3,이 중 단지 백 종 정도의 진균류만 사람과 동물에게 질병을 일으키는 것으로 알려져 있습니다,것으로 추정되고 있습니다,이 중 단지 백 종 정도의 진균류만 사람과 동물에게 질병을 일으키는 것으로 추정되고 있습니다,9.183,True
zk_01025,134,val,high,5,이 중 단지 백 종 정도의 진균류만 사람과 동물에게 질병을 일으키는 것으로 알려져 있습니다,질병을 예방하는 것으로 알려져 있습니다,이 중 단지 백 종 정도의 진균류만 사람과 동물에게 질병을 예방하는 것으로 알려져 있습니다,9.183,True
zk_01026,134,val,low,2,이씨는 중국 자국민이 자국에서 타국민을 상대로 낸 사고라며 중국 측의 잘못이 없다면 모를까 정서상 도의라는 게 있지 않냐고 반문했다,긍정하며 말했다,이씨는 중국 자국민이 자국에서 타국민을 상대로 낸 사고라며 중국 측의 잘못이 없다면 모를까 정서상 도의라는 게 있지 긍정하며 말했다,11.1209375,True
zk_01026,134,val,mid,3,이씨는 중국 자국민이 자국에서 타국민을 상대로 낸 사고라며 중국 측의 잘못이 없다면 모를까 정서상 도의라는 게 있지 않냐고 반문했다,있다고 긍정했다,이씨는 중국 자국민이 자국에서 타국민을 상대로 낸 사고라며 중국 측의 잘못이 없다면 모를까 정서상 도의라는 게 있다고 긍정했다,11.1209375,False
zk_01026,134,val,high,5,이씨는 중국 자국민이 자국에서 타국민을 상대로 낸 사고라며 중국 측의 잘못이 없다면 모를까 정서상 도의라는 게 있지 않냐고 반문했다,도의라는 게 없다고 단호히 말했다,이씨는 중국 자국민이 자국에서 타국민을 상대로 낸 사고라며 중국 측의 잘못이 없다면 모를까 정서상 도의라는 게 없다고 단호히 말했다,11.1209375,True
zk_01027,134,val,low,2,그는 이런 사태를 예견하고 일 년 전부터 하베르 코레라는 일 인 뉴스 사이트를 열어 언론 활동을 계속하고 있다,멈춰 있다,그는 이런 사태를 예견하고 일 년 전부터 하베르 코레라는 일 인 뉴스 사이트를 열어 언론 활동을 멈춰 있다,10.54875,True
zk_01027,134,val,mid,3,그는 이런 사태를 예견하고 일 년 전부터 하베르 코레라는 일 인 뉴스 사이트를 열어 언론 활동을 계속하고 있다,활동을 중단하고 있다,그는 이런 사태를 예견하고 일 년 전부터 하베르 코레라는 일 인 뉴스 사이트를 열어 언론 활동을 중단하고 있다,10.54875,True
zk_01027,134,val,high,5,그는 이런 사태를 예견하고 일 년 전부터 하베르 코레라는 일 인 뉴스 사이트를 열어 언론 활동을 계속하고 있다,닫아 언론 활동을 완전히 중단했다,그는 이런 사태를 예견하고 일 년 전부터 하베르 코레라는 일 인 뉴스 사이트를 닫아 언론 활동을 완전히 중단했다,10.54875,True
zk_01028,134,val,low,2,안 의원의 선진화법 개정 찬성 주장으로 현재 정국 이슈로 부상한 선진화법 논의에 변화가 뒤따를지 주목된다,예상되지 않는다,안 의원의 선진화법 개정 찬성 주장으로 현재 정국 이슈로 부상한 선진화법 논의에 변화가 예상되지 않는다,11.4573125,True
zk_01028,134,val,mid,3,안 의원의 선진화법 개정 찬성 주장으로 현재 정국 이슈로 부상한 선진화법 논의에 변화가 뒤따를지 주목된다,변화가 일어나지 않겠다,안 의원의 선진화법 개정 찬성 주장으로 현재 정국 이슈로 부상한 선진화법 논의에 변화가 일어나지 않겠다,11.4573125,True
zk_01028,134,val,high,5,안 의원의 선진화법 개정 찬성 주장으로 현재 정국 이슈로 부상한 선진화법 논의에 변화가 뒤따를지 주목된다,선진화법 논의는 변화가 없을 것이다,안 의원의 선진화법 개정 찬성 주장으로 현재 정국 이슈로 부상한 선진화법 논의는 변화가 없을 것이다,11.4573125,True
zk_01029,134,val,low,2,그는 행정부가 밑에 있으면 나중에 통일될 경우 옮겨야 한다고 지적했다,한다고 부정했다,그는 행정부가 밑에 있으면 나중에 통일될 경우 옮겨야 한다고 부정했다,7.1284375,True
zk_01029,134,val,mid,3,그는 행정부가 밑에 있으면 나중에 통일될 경우 옮겨야 한다고 지적했다,유지해야 한다고 지적했다,그는 행정부가 밑에 있으면 나중에 통일될 경우 유지해야 한다고 지적했다,7.1284375,True
zk_01029,134,val,high,5,그는 행정부가 밑에 있으면 나중에 통일될 경우 옮겨야 한다고 지적했다,통일될 경우 유지해야 한다고 지적했다,그는 행정부가 밑에 있으면 나중에 통일될 경우 유지해야 한다고 지적했다,7.1284375,True
zk_01030,138,val,low,2,바이러스는 숙주 안에서만 서식하기에 숙주가 죽으면 바이러스도 생존할 수 없다,할 수있다,바이러스는 숙주 안에서만 서식하기에 숙주가 죽으면 바이러스도 생존할 할 수있다,7.5338125,True
zk_01030,138,val,mid,3,바이러스는 숙주 안에서만 서식하기에 숙주가 죽으면 바이러스도 생존할 수 없다,생존할 수 있다,바이러스는 숙주 안에서만 서식하기에 숙주가 죽으면 바이러스도 생존할 수 있다,7.5338125,True
zk_01030,138,val,high,5,바이러스는 숙주 안에서만 서식하기에 숙주가 죽으면 바이러스도 생존할 수 없다,죽어도 바이러스는 여전히 살아남는다,바이러스는 숙주 안에서만 서식하기에 숙주가 죽어도 바이러스는 여전히 살아남는다,7.5338125,False
zk_01031,138,val,low,2,정태인 괘씸할 뿐만 아니라 중국의 전략상으로서는 있을 수 없는 일이 되는 거죠,안 되죠,정태인 괘씸할 뿐만 아니라 중국의 전략상으로서는 있을 수 없는 일이 안 되죠,7.17825,True
zk_01031,138,val,mid,3,정태인 괘씸할 뿐만 아니라 중국의 전략상으로서는 있을 수 없는 일이 되는 거죠,일이 안 되죠,정태인 괘씸할 뿐만 아니라 중국의 전략상으로서는 있을 수 없는 일이 안 되죠,7.17825,True
zk_01031,138,val,high,5,정태인 괘씸할 뿐만 아니라 중국의 전략상으로서는 있을 수 없는 일이 되는 거죠,할 수 있는 일이 되죠,정태인 괘씸할 뿐만 아니라 중국의 전략상으로서는 있을 할 수 있는 일이 되죠,7.17825,True
zk_01032,138,val,low,2,또한 외국인들이 폰페이에 질병을 옮겨서 인구가 격감했다고 말하는 사람들도 있습니다,사람들도 없습니다,또한 외국인들이 폰페이에 질병을 옮겨서 인구가 격감했다고 말하는 사람들도 없습니다,7.5000625,True
zk_01032,138,val,mid,3,또한 외국인들이 폰페이에 질병을 옮겨서 인구가 격감했다고 말하는 사람들도 있습니다,침묵하는 사람들도 있습니다,또한 외국인들이 폰페이에 질병을 옮겨서 인구가 격감했다고 침묵하는 사람들도 있습니다,7.5000625,True
zk_01032,138,val,high,5,또한 외국인들이 폰페이에 질병을 옮겨서 인구가 격감했다고 말하는 사람들도 있습니다,인구가 급증했다고 말하는 사람들도 있습니다,또한 외국인들이 폰페이에 질병을 옮겨서 인구가 급증했다고 말하는 사람들도 있습니다,7.5000625,True
zk_01033,138,val,low,2,뭐니뭐니해도 가장 큰 위협은 기술장벽이 낮아진 가운데 후발 중소업체들의 공세를 이길 수 있는 대책이 없다는 것이다,있다는 것이다,뭐니뭐니해도 가장 큰 위협은 기술장벽이 낮아진 가운데 후발 중소업체들의 공세를 이길 수 있는 대책이 있다는 것이다,10.500375,True
zk_01033,138,val,mid,3,뭐니뭐니해도 가장 큰 위협은 기술장벽이 낮아진 가운데 후발 중소업체들의 공세를 이길 수 있는 대책이 없다는 것이다,대책이 있다는 것이다,뭐니뭐니해도 가장 큰 위협은 기술장벽이 낮아진 가운데 후발 중소업체들의 공세를 이길 수 있는 대책이 있다는 것이다,10.500375,True
zk_01033,138,val,high,5,뭐니뭐니해도 가장 큰 위협은 기술장벽이 낮아진 가운데 후발 중소업체들의 공세를 이길 수 있는 대책이 없다는 것이다,수 있는 대책이 많다는 것이다,뭐니뭐니해도 가장 큰 위협은 기술장벽이 낮아진 가운데 후발 중소업체들의 공세를 이길 수 있는 대책이 많다는 것이다,10.500375,True
zk_01034,138,val,low,2,서울중부경찰서 을지지구대 양모 경위와 이모 경장은 신고 내용과 유사한 오토바이를 발견했다는 공조 요청을 받고 현장에 출동했다,현장에 늦었다,서울중부경찰서 을지지구대 양모 경위와 이모 경장은 신고 내용과 유사한 오토바이를 발견했다는 공조 요청을 받고 현장에 늦었다,10.54025,True
zk_01034,138,val,mid,3,서울중부경찰서 을지지구대 양모 경위와 이모 경장은 신고 내용과 유사한 오토바이를 발견했다는 공조 요청을 받고 현장에 출동했다,받고 현장에 미도착했다,서울중부경찰서 을지지구대 양모 경위와 이모 경장은 신고 내용과 유사한 오토바이를 발견했다는 공조 요청을 받고 현장에 미도착했다,10.54025,True
zk_01034,138,val,high,5,서울중부경찰서 을지지구대 양모 경위와 이모 경장은 신고 내용과 유사한 오토바이를 발견했다는 공조 요청을 받고 현장에 출동했다,공조 요청을 받고 출동하지 않았다,서울중부경찰서 을지지구대 양모 경위와 이모 경장은 신고 내용과 유사한 오토바이를 발견했다는 공조 요청을 받고 출동하지 않았다,10.54025,True
zk_01035,138,val,low,2,이후 중국 정부에서 우리나라와 같이 표준화된 매뉴얼을 쓸 것으로 기대하고 있다,걱정하고 있다,이후 중국 정부에서 우리나라와 같이 표준화된 매뉴얼을 쓸 것으로 걱정하고 있다,6.8891875,True
zk_01035,138,val,mid,3,이후 중국 정부에서 우리나라와 같이 표준화된 매뉴얼을 쓸 것으로 기대하고 있다,것으로 우려하고 있다,이후 중국 정부에서 우리나라와 같이 표준화된 매뉴얼을 쓸 것으로 우려하고 있다,6.8891875,True
zk_01035,138,val,high,5,이후 중국 정부에서 우리나라와 같이 표준화된 매뉴얼을 쓸 것으로 기대하고 있다,매뉴얼을 쓰지 않을 것으로 예상된다,이후 중국 정부에서 우리나라와 같이 표준화된 매뉴얼을 쓰지 않을 것으로 예상된다,6.8891875,True
zk_01036,138,val,low,2,만일 휴대 전화를 갖기로 결정하였다면 휴대 전화의 종이 아니라 주인이 되겠다고 결심하십시오,포기하겠다고 결심하십시오,만일 휴대 전화를 갖기로 결정하였다면 휴대 전화의 종이 아니라 주인이 포기하겠다고 결심하십시오,8.0646875,True
zk_01036,138,val,mid,3,만일 휴대 전화를 갖기로 결정하였다면 휴대 전화의 종이 아니라 주인이 되겠다고 결심하십시오,노예가 되겠다고 결심하십시오,만일 휴대 전화를 갖기로 결정하였다면 휴대 전화의 종이 아니라 노예가 되겠다고 결심하십시오,8.0646875,True
zk_01036,138,val,high,5,만일 휴대 전화를 갖기로 결정하였다면 휴대 전화의 종이 아니라 주인이 되겠다고 결심하십시오,종이 되어 복종하기로 다짐하십시오,만일 휴대 전화를 갖기로 결정하였다면 휴대 전화의 종이 되어 복종하기로 다짐하십시오,8.0646875,False
zk_01037,138,val,low,2,혹시라도 두 살과 네 살짜리 언니들이 카이라가 예쁘다고 손이나 발이라도 만지면 안되기 때문입니다,되기 때문입니다,혹시라도 두 살과 네 살짜리 언니들이 카이라가 예쁘다고 손이나 발이라도 만지면 되기 때문입니다,8.37425,True
zk_01037,138,val,mid,3,혹시라도 두 살과 네 살짜리 언니들이 카이라가 예쁘다고 손이나 발이라도 만지면 안되기 때문입니다,만져야 하기 때문입니다,혹시라도 두 살과 네 살짜리 언니들이 카이라가 예쁘다고 손이나 발이라도 만져야 하기 때문입니다,8.37425,True
zk_01037,138,val,high,5,혹시라도 두 살과 네 살짜리 언니들이 카이라가 예쁘다고 손이나 발이라도 만지면 안되기 때문입니다,손이나 발이라도 만져야 하기 때문입니다,혹시라도 두 살과 네 살짜리 언니들이 카이라가 예쁘다고 손이나 발이라도 만져야 하기 때문입니다,8.37425,True
zk_01038,138,val,low,2,삼성중공업의 영업이익이 팔 년 만에 최저수준으로 떨어졌다,최고수준으로 올랐다,삼성중공업의 영업이익이 팔 년 만에 최고수준으로 올랐다,5.6465625,True
zk_01038,138,val,mid,3,삼성중공업의 영업이익이 팔 년 만에 최저수준으로 떨어졌다,만에 최고수준으로 올랐다,삼성중공업의 영업이익이 팔 년 만에 최고수준으로 올랐다,5.6465625,True
zk_01038,138,val,high,5,삼성중공업의 영업이익이 팔 년 만에 최저수준으로 떨어졌다,팔 년 만에 최고수준으로 올라갔다,삼성중공업의 영업이익이 팔 년 만에 최고수준으로 올라갔다,5.6465625,True
zk_01039,138,val,low,2,지난달 이십 삼 일도 티앙주 원전 일 호기 원자로가 펌프 부분에서 문제가 발생해 가동을 중단했다,가동을 재개했다,지난달 이십 삼 일도 티앙주 원전 일 호기 원자로가 펌프 부분에서 문제가 발생해 가동을 재개했다,9.7830625,True
zk_01039,138,val,mid,3,지난달 이십 삼 일도 티앙주 원전 일 호기 원자로가 펌프 부분에서 문제가 발생해 가동을 중단했다,발생해 가동을 재개했다,지난달 이십 삼 일도 티앙주 원전 일 호기 원자로가 펌프 부분에서 문제가 발생해 가동을 재개했다,9.7830625,True
zk_01039,138,val,high,5,지난달 이십 삼 일도 티앙주 원전 일 호기 원자로가 펌프 부분에서 문제가 발생해 가동을 중단했다,부분에서 문제가 해결돼 정상 가동했다,지난달 이십 삼 일도 티앙주 원전 일 호기 원자로가 펌프 부분에서 문제가 해결돼 정상 가동했다,9.7830625,True
zk_01040,140,val,low,2,그 전까지는 평균 세 시간에 달하는 전시장 이동과정을 거쳐야 하는 것이다,하지 않는다,그 전까지는 평균 세 시간에 달하는 전시장 이동과정을 거쳐야 하지 않는다,6.528,True
zk_01040,140,val,mid,3,그 전까지는 평균 세 시간에 달하는 전시장 이동과정을 거쳐야 하는 것이다,피해야 하는 것이다,그 전까지는 평균 세 시간에 달하는 전시장 이동과정을 피해야 하는 것이다,6.528,True
zk_01040,140,val,high,5,그 전까지는 평균 세 시간에 달하는 전시장 이동과정을 거쳐야 하는 것이다,전시장 이동과정을 피해야 하는 것이다,그 전까지는 평균 세 시간에 달하는 전시장 이동과정을 피해야 하는 것이다,6.528,True
zk_01041,140,val,low,2,또한 박 전 대통령 측은 앞으로 검찰 수사와 관련해 수사 내용에 대한 입장뿐 아니라 변호인단의 활동 상황 등도 소상하게 공개한다는 방침이다,비공개한다는 방침이다,또한 박 전 대통령 측은 앞으로 검찰 수사와 관련해 수사 내용에 대한 입장뿐 아니라 변호인단의 활동 상황 등도 소상하게 비공개한다는 방침이다,11.1756875,True
zk_01041,140,val,mid,3,또한 박 전 대통령 측은 앞으로 검찰 수사와 관련해 수사 내용에 대한 입장뿐 아니라 변호인단의 활동 상황 등도 소상하게 공개한다는 방침이다,비밀로 유지한다는 방침이다,또한 박 전 대통령 측은 앞으로 검찰 수사와 관련해 수사 내용에 대한 입장뿐 아니라 변호인단의 활동 상황 등도 비밀로 유지한다는 방침이다,11.1756875,True
zk_01041,140,val,high,5,또한 박 전 대통령 측은 앞으로 검찰 수사와 관련해 수사 내용에 대한 입장뿐 아니라 변호인단의 활동 상황 등도 소상하게 공개한다는 방침이다,상황 등도 철저히 비공개한다는 방침이다,또한 박 전 대통령 측은 앞으로 검찰 수사와 관련해 수사 내용에 대한 입장뿐 아니라 변호인단의 활동 상황 등도 철저히 비공개한다는 방침이다,11.1756875,True
zk_01042,140,val,low,2,김 씨와 장 씨가 강남의 한 음식점에서 함께 식사를 한 바로 다음 날이었다,그 날이었다,김 씨와 장 씨가 강남의 한 음식점에서 함께 식사를 한 바로 그 날이었다,6.726875,True
zk_01042,140,val,mid,3,김 씨와 장 씨가 강남의 한 음식점에서 함께 식사를 한 바로 다음 날이었다,훨씬 나중이었다,김 씨와 장 씨가 강남의 한 음식점에서 함께 식사를 한 훨씬 나중이었다,6.726875,False
zk_01042,140,val,high,5,김 씨와 장 씨가 강남의 한 음식점에서 함께 식사를 한 바로 다음 날이었다,식사를 한 지 며칠 뒤였다,김 씨와 장 씨가 강남의 한 음식점에서 함께 식사를 한 지 며칠 뒤였다,6.726875,True
zk_01043,140,val,low,2,이동통신업체들이 가장 많은 보조금을 받을 수 있던 요금제 기준을 지금보다 낮추는 방안을 추진한다,방안을 거부한다,이동통신업체들이 가장 많은 보조금을 받을 수 있던 요금제 기준을 지금보다 낮추는 방안을 거부한다,7.9395625,True
zk_01043,140,val,mid,3,이동통신업체들이 가장 많은 보조금을 받을 수 있던 요금제 기준을 지금보다 낮추는 방안을 추진한다,높이는 방안을 추진한다,이동통신업체들이 가장 많은 보조금을 받을 수 있던 요금제 기준을 지금보다 높이는 방안을 추진한다,7.9395625,True
zk_01043,140,val,high,5,이동통신업체들이 가장 많은 보조금을 받을 수 있던 요금제 기준을 지금보다 낮추는 방안을 추진한다,기준을 지금보다 높이는 방안을 추진한다,이동통신업체들이 가장 많은 보조금을 받을 수 있던 요금제 기준을 지금보다 높이는 방안을 추진한다,7.9395625,True
zk_01044,140,val,low,2,중력파 천문학이 기존 천문학과 다른 점은 중력파로 볼 수 있는 현상은 터지기를 기다려야 한다,서둘러야 한다,중력파 천문학이 기존 천문학과 다른 점은 중력파로 볼 수 있는 현상은 터지기를 서둘러야 한다,8.083625,True
zk_01044,140,val,mid,3,중력파 천문학이 기존 천문학과 다른 점은 중력파로 볼 수 있는 현상은 터지기를 기다려야 한다,터지지 않아야 한다,중력파 천문학이 기존 천문학과 다른 점은 중력파로 볼 수 있는 현상은 터지지 않아야 한다,8.083625,True
zk_01044,140,val,high,5,중력파 천문학이 기존 천문학과 다른 점은 중력파로 볼 수 있는 현상은 터지기를 기다려야 한다,있는 현상은 미리 예방해야 한다,중력파 천문학이 기존 천문학과 다른 점은 중력파로 볼 수 있는 현상은 미리 예방해야 한다,8.083625,True
zk_01045,140,val,low,2,사회모임에서는 별다른 신분 확인이 없는 데다 남들에게 어떻게 보이는지 무슨 말을 하는지가 중요하다는 점을 노린 것이다,피한 것이다,사회모임에서는 별다른 신분 확인이 없는 데다 남들에게 어떻게 보이는지 무슨 말을 하는지가 중요하다는 점을 피한 것이다,9.3284375,True
zk_01045,140,val,mid,3,사회모임에서는 별다른 신분 확인이 없는 데다 남들에게 어떻게 보이는지 무슨 말을 하는지가 중요하다는 점을 노린 것이다,점을 피한 것이다,사회모임에서는 별다른 신분 확인이 없는 데다 남들에게 어떻게 보이는지 무슨 말을 하는지가 중요하다는 점을 피한 것이다,9.3284375,True
zk_01045,140,val,high,5,사회모임에서는 별다른 신분 확인이 없는 데다 남들에게 어떻게 보이는지 무슨 말을 하는지가 중요하다는 점을 노린 것이다,하지 않는 것이 맞다는 점을 노린 것이다,사회모임에서는 별다른 신분 확인이 없는 데다 남들에게 어떻게 보이는지 무슨 말을 하지 않는 것이 맞다는 점을 노린 것이다,9.3284375,False
zk_01046,140,val,low,2,제 어머니는 아버지를 쫓아 중국 난징에서 충칭으로 우리와 함께 먼 길에 올랐다 병을 얻어 돌아가셨어요,잃어 돌아가셨어요,제 어머니는 아버지를 쫓아 중국 난징에서 충칭으로 우리와 함께 먼 길에 올랐다 병을 잃어 돌아가셨어요,8.61,True
zk_01046,140,val,mid,3,제 어머니는 아버지를 쫓아 중국 난징에서 충칭으로 우리와 함께 먼 길에 올랐다 병을 얻어 돌아가셨어요,건강하게 돌아오셨어요,제 어머니는 아버지를 쫓아 중국 난징에서 충칭으로 우리와 함께 먼 길에 올랐다 건강하게 돌아오셨어요,8.61,False
zk_01046,140,val,high,5,제 어머니는 아버지를 쫓아 중국 난징에서 충칭으로 우리와 함께 먼 길에 올랐다 병을 얻어 돌아가셨어요,길에 올랐다 병을 피해 돌아오셨어요,제 어머니는 아버지를 쫓아 중국 난징에서 충칭으로 우리와 함께 먼 길에 올랐다 병을 피해 돌아오셨어요,8.61,True
zk_01047,140,val,low,2,정문현 사업자 신고만 하면 그냥 별다른 검사 없이 그냥 할 수 있는 거죠,없는 거죠,정문현 사업자 신고만 하면 그냥 별다른 검사 없이 그냥 할 수 없는 거죠,6.5844375,True
zk_01047,140,val,mid,3,정문현 사업자 신고만 하면 그냥 별다른 검사 없이 그냥 할 수 있는 거죠,못할 수도 있죠,정문현 사업자 신고만 하면 그냥 별다른 검사 없이 그냥 할 못할 수도 있죠,6.5844375,True
zk_01047,140,val,high,5,정문현 사업자 신고만 하면 그냥 별다른 검사 없이 그냥 할 수 있는 거죠,그냥 할 수 없는 거죠,정문현 사업자 신고만 하면 그냥 별다른 검사 없이 그냥 할 수 없는 거죠,6.5844375,True
zk_01048,140,val,low,2,사실 한 성서 필자는 마음속에서 일어나는 그러한 충돌을 싸움으로 묘사했습니다,화해로 묘사했습니다,사실 한 성서 필자는 마음속에서 일어나는 그러한 충돌을 화해로 묘사했습니다,6.8139375,True
zk_01048,140,val,mid,3,사실 한 성서 필자는 마음속에서 일어나는 그러한 충돌을 싸움으로 묘사했습니다,충돌을 화해로 묘사했습니다,사실 한 성서 필자는 마음속에서 일어나는 그러한 충돌을 화해로 묘사했습니다,6.8139375,True
zk_01048,140,val,high,5,사실 한 성서 필자는 마음속에서 일어나는 그러한 충돌을 싸움으로 묘사했습니다,일어나는 그러한 충돌을 화해로 표현했습니다,사실 한 성서 필자는 마음속에서 일어나는 그러한 충돌을 화해로 표현했습니다,6.8139375,True
zk_01049,140,val,low,2,그러면서 일기를 읽어 보고 소감을 써 주시겠다고 말씀하셨어요,거부하셨다고 말씀하셨어요,그러면서 일기를 읽어 보고 소감을 써 거부하셨다고 말씀하셨어요,5.649875,True
zk_01049,140,val,mid,3,그러면서 일기를 읽어 보고 소감을 써 주시겠다고 말씀하셨어요,안 써 주신대요,그러면서 일기를 읽어 보고 소감을 안 써 주신대요,5.649875,True
zk_01049,140,val,high,5,그러면서 일기를 읽어 보고 소감을 써 주시겠다고 말씀하셨어요,보고 소감을 안 쓰겠다고 말씀하셨어요,그러면서 일기를 읽어 보고 소감을 안 쓰겠다고 말씀하셨어요,5.649875,True
zk_01050,145,val,low,2,가방을 비롯한 수하물들을 컨베이어 벨트 위에 가능한 한 납작하게 올려놓으십시오,세워 놓으십시오,가방을 비롯한 수하물들을 컨베이어 벨트 위에 가능한 한 세워 놓으십시오,6.12375,True
zk_01050,145,val,mid,3,가방을 비롯한 수하물들을 컨베이어 벨트 위에 가능한 한 납작하게 올려놓으십시오,세워서 놓아두세요,가방을 비롯한 수하물들을 컨베이어 벨트 위에 가능한 세워서 놓아두세요,6.12375,False
zk_01050,145,val,high,5,가방을 비롯한 수하물들을 컨베이어 벨트 위에 가능한 한 납작하게 올려놓으십시오,위에 가능한 한 세워놓으시길 바랍니다,가방을 비롯한 수하물들을 컨베이어 벨트 위에 가능한 한 세워놓으시길 바랍니다,6.12375,True
zk_01051,145,val,low,2,유닛 활동으로도 보여드릴 수 있는 게 많은 그룹이라고 생각합니다라고 답했다,모릅니다라고 답했다,유닛 활동으로도 보여드릴 수 있는 게 많은 그룹이라고 모릅니다라고 답했다,6.2645625,True
zk_01051,145,val,mid,3,유닛 활동으로도 보여드릴 수 있는 게 많은 그룹이라고 생각합니다라고 답했다,개인이라고 반박했다,유닛 활동으로도 보여드릴 수 있는 게 많은 개인이라고 반박했다,6.2645625,False
zk_01051,145,val,high,5,유닛 활동으로도 보여드릴 수 있는 게 많은 그룹이라고 생각합니다라고 답했다,게 적은 그룹이라고 생각합니다라고 답했다,유닛 활동으로도 보여드릴 수 있는 게 적은 그룹이라고 생각합니다라고 답했다,6.2645625,True
zk_01052,145,val,low,2,르몬은 한 허리케인 구름의 한 세제곱미터에 들어 있는 물의 무게를 추산하여 그 값에 허리케인의 전체 부피를 곱해 보았다,나누어 봤다,르몬은 한 허리케인 구름의 한 세제곱미터에 들어 있는 물의 무게를 추산하여 그 값에 허리케인의 전체 부피를 나누어 봤다,8.2745,True
zk_01052,145,val,mid,3,르몬은 한 허리케인 구름의 한 세제곱미터에 들어 있는 물의 무게를 추산하여 그 값에 허리케인의 전체 부피를 곱해 보았다,부피를 나누어 봤다,르몬은 한 허리케인 구름의 한 세제곱미터에 들어 있는 물의 무게를 추산하여 그 값에 허리케인의 전체 부피를 나누어 봤다,8.2745,True
zk_01052,145,val,high,5,르몬은 한 허리케인 구름의 한 세제곱미터에 들어 있는 물의 무게를 추산하여 그 값에 허리케인의 전체 부피를 곱해 보았다,허리케인의 전체 부피를 나누어 보았다,르몬은 한 허리케인 구름의 한 세제곱미터에 들어 있는 물의 무게를 추산하여 그 값에 허리케인의 전체 부피를 나누어 보았다,8.2745,True
zk_01053,145,val,low,2,이천 십 육 년 면접에서 이세영은 엑셀 컴퓨터활용능력 한국사 한자 병아리감별사 미니어처만들기 장의사 우주비행사 자격증을 갖고도 경력이 없다며 무시당한다,있다며 칭찬받는다,이천 십 육 년 면접에서 이세영은 엑셀 컴퓨터활용능력 한국사 한자 병아리감별사 미니어처만들기 장의사 우주비행사 자격증을 갖고도 경력이 있다며 칭찬받는다,11.74425,True
zk_01053,145,val,mid,3,이천 십 육 년 면접에서 이세영은 엑셀 컴퓨터활용능력 한국사 한자 병아리감별사 미니어처만들기 장의사 우주비행사 자격증을 갖고도 경력이 없다며 무시당한다,경력이 높이 평가된다,이천 십 육 년 면접에서 이세영은 엑셀 컴퓨터활용능력 한국사 한자 병아리감별사 미니어처만들기 장의사 우주비행사 자격증을 갖고도 경력이 높이 평가된다,11.74425,True
zk_01053,145,val,high,5,이천 십 육 년 면접에서 이세영은 엑셀 컴퓨터활용능력 한국사 한자 병아리감별사 미니어처만들기 장의사 우주비행사 자격증을 갖고도 경력이 없다며 무시당한다,경력이 풍부해서 충분히 존중받는다,이천 십 육 년 면접에서 이세영은 엑셀 컴퓨터활용능력 한국사 한자 병아리감별사 미니어처만들기 장의사 우주비행사 경력이 풍부해서 충분히 존중받는다,11.74425,False
zk_01054,145,val,low,2,또 이 광고들은 정확한 정부의 선팅 규제 기준이나 짙은 선팅을 했을 때 발생할 수 있는 위험 등에 대해서는 설명하지 않는다,자세히 설명한다,또 이 광고들은 정확한 정부의 선팅 규제 기준이나 짙은 선팅을 했을 때 발생할 수 있는 위험 등에 대해서는 자세히 설명한다,8.5663125,True
zk_01054,145,val,mid,3,또 이 광고들은 정확한 정부의 선팅 규제 기준이나 짙은 선팅을 했을 때 발생할 수 있는 위험 등에 대해서는 설명하지 않는다,대해서는 자세히 설명한다,또 이 광고들은 정확한 정부의 선팅 규제 기준이나 짙은 선팅을 했을 때 발생할 수 있는 위험 등에 대해서는 자세히 설명한다,8.5663125,True
zk_01054,145,val,high,5,또 이 광고들은 정확한 정부의 선팅 규제 기준이나 짙은 선팅을 했을 때 발생할 수 있는 위험 등에 대해서는 설명하지 않는다,위험 등에 대해서는 자세히 설명한다,또 이 광고들은 정확한 정부의 선팅 규제 기준이나 짙은 선팅을 했을 때 발생할 수 있는 위험 등에 대해서는 자세히 설명한다,8.5663125,True
zk_01055,145,val,low,2,하지만 검찰 조사에서는 누구도 이 전 총리의 의혹과 관련해 비타 오백 상자를 거론한 인물이 없었다,인물이 많았다,하지만 검찰 조사에서는 누구도 이 전 총리의 의혹과 관련해 비타 오백 상자를 거론한 인물이 많았다,6.767875,True
zk_01055,145,val,mid,3,하지만 검찰 조사에서는 누구도 이 전 총리의 의혹과 관련해 비타 오백 상자를 거론한 인물이 없었다,거론한 인물이 많았다,하지만 검찰 조사에서는 누구도 이 전 총리의 의혹과 관련해 비타 오백 상자를 거론한 인물이 많았다,6.767875,True
zk_01055,145,val,high,5,하지만 검찰 조사에서는 누구도 이 전 총리의 의혹과 관련해 비타 오백 상자를 거론한 인물이 없었다,오백 상자를 거론한 인물이 있었다,하지만 검찰 조사에서는 누구도 이 전 총리의 의혹과 관련해 비타 오백 상자를 거론한 인물이 있었다,6.767875,True
zk_01056,145,val,low,2,파업의 영향으로 전철이 지연되는 등 불편을 겪은 시민들이 많았을 겁니다,적었을 겁니다,파업의 영향으로 전철이 지연되는 등 불편을 겪은 시민들이 적었을 겁니다,6.2365,True
zk_01056,145,val,mid,3,파업의 영향으로 전철이 지연되는 등 불편을 겪은 시민들이 많았을 겁니다,시민들이 적었을 겁니다,파업의 영향으로 전철이 지연되는 등 불편을 겪은 시민들이 적었을 겁니다,6.2365,True
zk_01056,145,val,high,5,파업의 영향으로 전철이 지연되는 등 불편을 겪은 시민들이 많았을 겁니다,불편을 겪지 않았을 것 같습니다,파업의 영향으로 전철이 지연되는 등 불편을 겪지 않았을 것 같습니다,6.2365,True
zk_01057,145,val,low,2,벌레가 든 도마뱀을 잡아 먹은 뱀은 무려 사십 인치에 달했지만 아직 성체가 되지 못한 어린 뱀으로 추정됐다,뱀이 아니었다,벌레가 든 도마뱀을 잡아 먹은 뱀은 무려 사십 인치에 달했지만 아직 성체가 되지 못한 어린 뱀이 아니었다,8.4193125,True
zk_01057,145,val,mid,3,벌레가 든 도마뱀을 잡아 먹은 뱀은 무려 사십 인치에 달했지만 아직 성체가 되지 못한 어린 뱀으로 추정됐다,큰 뱀으로 확인됐다,벌레가 든 도마뱀을 잡아 먹은 뱀은 무려 사십 인치에 달했지만 아직 성체가 되지 못한 큰 뱀으로 확인됐다,8.4193125,True
zk_01057,145,val,high,5,벌레가 든 도마뱀을 잡아 먹은 뱀은 무려 사십 인치에 달했지만 아직 성체가 되지 못한 어린 뱀으로 추정됐다,성장한 큰 뱀으로 확인되었다고 판단됐다,벌레가 든 도마뱀을 잡아 먹은 뱀은 무려 사십 인치에 달했지만 아직 성체가 성장한 큰 뱀으로 확인되었다고 판단됐다,8.4193125,True
zk_01058,145,val,low,2,일본에서는 당시의 태풍을 신풍 즉 국가를 수호한 신성한 바람이라고 일컫는다,바람이라고 부른다,일본에서는 당시의 태풍을 신풍 즉 국가를 수호한 신성한 바람이라고 부른다,6.894,True
zk_01058,145,val,mid,3,일본에서는 당시의 태풍을 신풍 즉 국가를 수호한 신성한 바람이라고 일컫는다,저주로 낙인찍힌다,일본에서는 당시의 태풍을 신풍 즉 국가를 수호한 저주로 낙인찍힌다,6.894,False
zk_01058,145,val,high,5,일본에서는 당시의 태풍을 신풍 즉 국가를 수호한 신성한 바람이라고 일컫는다,국가를 훼손한 악의적 행동이라고 일컫는다,일본에서는 당시의 태풍을 신풍 즉 국가를 훼손한 악의적 행동이라고 일컫는다,6.894,True
zk_01059,145,val,low,2,데니아 수가 클수록 실도 굵어져 천이 튼튼하다는 얘기고 무게도 제법 나간다는 뜻이다,들어온다는 뜻이다,데니아 수가 클수록 실도 굵어져 천이 튼튼하다는 얘기고 무게도 제법 들어온다는 뜻이다,6.2635,True
zk_01059,145,val,mid,3,데니아 수가 클수록 실도 굵어져 천이 튼튼하다는 얘기고 무게도 제법 나간다는 뜻이다,별로 못간다는 뜻이다,데니아 수가 클수록 실도 굵어져 천이 튼튼하다는 얘기고 무게도 별로 못간다는 뜻이다,6.2635,True
zk_01059,145,val,high,5,데니아 수가 클수록 실도 굵어져 천이 튼튼하다는 얘기고 무게도 제법 나간다는 뜻이다,얘기고 무게도 별로 없다는 뜻이다,데니아 수가 클수록 실도 굵어져 천이 튼튼하다는 얘기고 무게도 별로 없다는 뜻이다,6.2635,True
zk_01060,160,val,low,2,성빈센트병원 제공신경외과 전문의들은 흔히 혈관을 택배기사에 비유한다,택배기사를 비판한다,성빈센트병원 제공신경외과 전문의들은 흔히 혈관을 택배기사를 비판한다,6.46275,True
zk_01060,160,val,mid,3,성빈센트병원 제공신경외과 전문의들은 흔히 혈관을 택배기사에 비유한다,신경을 의사에 비유한다,성빈센트병원 제공신경외과 전문의들은 흔히 신경을 의사에 비유한다,6.46275,True
zk_01060,160,val,high,5,성빈센트병원 제공신경외과 전문의들은 흔히 혈관을 택배기사에 비유한다,전문의들은 흔히 신경을 통신사원에 비유한다,성빈센트병원 제공신경외과 전문의들은 흔히 신경을 통신사원에 비유한다,6.46275,True
zk_01061,160,val,low,2,그러나 새정치민주연합은 당시 야당이던 한나라당이 요청했다는 기존 입장을 고수하고 있다,버리고 있다,그러나 새정치민주연합은 당시 야당이던 한나라당이 요청했다는 기존 입장을 버리고 있다,7.6054375,True
zk_01061,160,val,mid,3,그러나 새정치민주연합은 당시 야당이던 한나라당이 요청했다는 기존 입장을 고수하고 있다,입장을 바꾸고 있다,그러나 새정치민주연합은 당시 야당이던 한나라당이 요청했다는 기존 입장을 바꾸고 있다,7.6054375,True
zk_01061,160,val,high,5,그러나 새정치민주연합은 당시 야당이던 한나라당이 요청했다는 기존 입장을 고수하고 있다,요청했다는 기존 입장을 바꾸고 있다,그러나 새정치민주연합은 당시 야당이던 한나라당이 요청했다는 기존 입장을 바꾸고 있다,7.6054375,True
zk_01062,160,val,low,2,그들이 발견한 바에 따르면 악성 종양 세포는 어떤 방법으로인가 그러한 세포 시계를 무시하고 무한정 분열하였습니다,완전히 통합되었습니다,그들이 발견한 바에 따르면 악성 종양 세포는 어떤 방법으로인가 그러한 세포 시계를 무시하고 완전히 통합되었습니다,9.9086875,True
zk_01062,160,val,mid,3,그들이 발견한 바에 따르면 악성 종양 세포는 어떤 방법으로인가 그러한 세포 시계를 무시하고 무한정 분열하였습니다,존중하고 계속 통합하였습니다,그들이 발견한 바에 따르면 악성 종양 세포는 어떤 방법으로인가 그러한 세포 시계를 존중하고 계속 통합하였습니다,9.9086875,True
zk_01062,160,val,high,5,그들이 발견한 바에 따르면 악성 종양 세포는 어떤 방법으로인가 그러한 세포 시계를 무시하고 무한정 분열하였습니다,세포 시계를 따르며 정상 분열했습니다,그들이 발견한 바에 따르면 악성 종양 세포는 어떤 방법으로인가 그러한 세포 시계를 따르며 정상 분열했습니다,9.9086875,True
zk_01063,160,val,low,2,그래서 자원 봉사를 조직하는 사람들은 인력 부족으로 난감해하고 있으며 자원 봉사 프로그램에 참여할 인원을 구하느라고 애를 먹고 있다,먹지 않는다,그래서 자원 봉사를 조직하는 사람들은 인력 부족으로 난감해하고 있으며 자원 봉사 프로그램에 참여할 인원을 구하느라고 애를 먹지 않는다,9.612875,True
zk_01063,160,val,mid,3,그래서 자원 봉사를 조직하는 사람들은 인력 부족으로 난감해하고 있으며 자원 봉사 프로그램에 참여할 인원을 구하느라고 애를 먹고 있다,좋아하고 있다,그래서 자원 봉사를 조직하는 사람들은 인력 부족으로 난감해하고 있으며 자원 봉사 프로그램에 참여할 인원을 구하느라고 좋아하고 있다,9.612875,False
zk_01063,160,val,high,5,그래서 자원 봉사를 조직하는 사람들은 인력 부족으로 난감해하고 있으며 자원 봉사 프로그램에 참여할 인원을 구하느라고 애를 먹고 있다,인원을 구하는 데 성공했다,그래서 자원 봉사를 조직하는 사람들은 인력 부족으로 난감해하고 있으며 자원 봉사 프로그램에 참여할 인원을 구하는 데 성공했다,9.612875,False
zk_01064,160,val,low,2,서울중부경찰서 을지지구대 양모 경위와 이모 경장은 신고 내용과 유사한 오토바이를 발견했다는 공조 요청을 받고 현장에 출동했다,현장을 떠났다,서울중부경찰서 을지지구대 양모 경위와 이모 경장은 신고 내용과 유사한 오토바이를 발견했다는 공조 요청을 받고 현장을 떠났다,10.913,True
zk_01064,160,val,mid,3,서울중부경찰서 을지지구대 양모 경위와 이모 경장은 신고 내용과 유사한 오토바이를 발견했다는 공조 요청을 받고 현장에 출동했다,받고 현장을 떠났다,서울중부경찰서 을지지구대 양모 경위와 이모 경장은 신고 내용과 유사한 오토바이를 발견했다는 공조 요청을 받고 현장을 떠났다,10.913,True
zk_01064,160,val,high,5,서울중부경찰서 을지지구대 양모 경위와 이모 경장은 신고 내용과 유사한 오토바이를 발견했다는 공조 요청을 받고 현장에 출동했다,공조 요청을 거부하고 현장을 떠났다,서울중부경찰서 을지지구대 양모 경위와 이모 경장은 신고 내용과 유사한 오토바이를 발견했다는 공조 요청을 거부하고 현장을 떠났다,10.913,True
zk_01065,160,val,low,2,미국 로스앤젤레스에서 서류상 등록만으로 학생비자를 유지시켜주는 가짜 대학교를 세워 수백만 달러를 벌어온 한국계 운영자 일당이 십 일 일 연방 당국의 단속에 적발됐다,적발되지 않았다,미국 로스앤젤레스에서 서류상 등록만으로 학생비자를 유지시켜주는 가짜 대학교를 세워 수백만 달러를 벌어온 한국계 운영자 일당이 십 일 일 연방 당국의 적발되지 않았다,12.345375,True
zk_01065,160,val,mid,3,미국 로스앤젤레스에서 서류상 등록만으로 학생비자를 유지시켜주는 가짜 대학교를 세워 수백만 달러를 벌어온 한국계 운영자 일당이 십 일 일 연방 당국의 단속에 적발됐다,당국의 단속을 피했다,미국 로스앤젤레스에서 서류상 등록만으로 학생비자를 유지시켜주는 가짜 대학교를 세워 수백만 달러를 벌어온 한국계 운영자 일당이 십 일 일 연방 당국의 단속을 피했다,12.345375,True
zk_01065,160,val,high,5,미국 로스앤젤레스에서 서류상 등록만으로 학생비자를 유지시켜주는 가짜 대학교를 세워 수백만 달러를 벌어온 한국계 운영자 일당이 십 일 일 연방 당국의 단속에 적발됐다,일 연방 당국의 단속을 피했다,미국 로스앤젤레스에서 서류상 등록만으로 학생비자를 유지시켜주는 가짜 대학교를 세워 수백만 달러를 벌어온 한국계 운영자 일당이 십 일 일 연방 당국의 단속을 피했다,12.345375,True
zk_01066,160,val,low,2,와이제이콥스메디칼이요 안 수석은 먼저 박 씨가 보낸 선물에 대해 아내로부터 점수를 많이 땄다며 고마움을 표시합니다,불만을 표시합니다,와이제이콥스메디칼이요 안 수석은 먼저 박 씨가 보낸 선물에 대해 아내로부터 점수를 많이 땄다며 불만을 표시합니다,9.360625,True
zk_01066,160,val,mid,3,와이제이콥스메디칼이요 안 수석은 먼저 박 씨가 보낸 선물에 대해 아내로부터 점수를 많이 땄다며 고마움을 표시합니다,땄다며 불평을 합니다,와이제이콥스메디칼이요 안 수석은 먼저 박 씨가 보낸 선물에 대해 아내로부터 점수를 많이 땄다며 불평을 합니다,9.360625,True
zk_01066,160,val,high,5,와이제이콥스메디칼이요 안 수석은 먼저 박 씨가 보낸 선물에 대해 아내로부터 점수를 많이 땄다며 고마움을 표시합니다,점수를 적게 땠다며 불만을 표시합니다,와이제이콥스메디칼이요 안 수석은 먼저 박 씨가 보낸 선물에 대해 아내로부터 점수를 적게 땠다며 불만을 표시합니다,9.360625,True
zk_01067,160,val,low,2,이런 결의의 취지에 비춰 퇴임 직후 사무총장이 피해야 할 정부직은 좁게는 임명직 넓게는 선출직까지 포괄하는 것으로 볼 수 있다,없지 않다,이런 결의의 취지에 비춰 퇴임 직후 사무총장이 피해야 할 정부직은 좁게는 임명직 넓게는 선출직까지 포괄하는 것으로 볼 없지 않다,9.2236875,True
zk_01067,160,val,mid,3,이런 결의의 취지에 비춰 퇴임 직후 사무총장이 피해야 할 정부직은 좁게는 임명직 넓게는 선출직까지 포괄하는 것으로 볼 수 있다,볼 수 없다,이런 결의의 취지에 비춰 퇴임 직후 사무총장이 피해야 할 정부직은 좁게는 임명직 넓게는 선출직까지 포괄하는 것으로 볼 수 없다,9.2236875,True
zk_01067,160,val,high,5,이런 결의의 취지에 비춰 퇴임 직후 사무총장이 피해야 할 정부직은 좁게는 임명직 넓게는 선출직까지 포괄하는 것으로 볼 수 있다,제외하는 것으로 볼 수 있다,이런 결의의 취지에 비춰 퇴임 직후 사무총장이 피해야 할 정부직은 좁게는 임명직 넓게는 선출직까지 제외하는 것으로 볼 수 있다,9.2236875,True
zk_01068,160,val,low,2,하지만 성서에서 하느님께서는 그분이 땅 끝까지 전쟁을 그치게 하실 것이라고 약속하십니다,거부하기로 다짐하십니다,하지만 성서에서 하느님께서는 그분이 땅 끝까지 전쟁을 그치게 하실 거부하기로 다짐하십니다,7.8719375,True
zk_01068,160,val,mid,3,하지만 성서에서 하느님께서는 그분이 땅 끝까지 전쟁을 그치게 하실 것이라고 약속하십니다,하지 않으실 것입니다,하지만 성서에서 하느님께서는 그분이 땅 끝까지 전쟁을 그치게 하지 않으실 것입니다,7.8719375,True
zk_01068,160,val,high,5,하지만 성서에서 하느님께서는 그분이 땅 끝까지 전쟁을 그치게 하실 것이라고 약속하십니다,전쟁을 더 심화시킬 것이라고 경고하십니다,하지만 성서에서 하느님께서는 그분이 땅 끝까지 전쟁을 더 심화시킬 것이라고 경고하십니다,7.8719375,True
zk_01069,160,val,low,2,롯데마트는 당시 자체 브랜드 와이즐렉 가습기 살균제를 만들어 판매했다,만들어 폐기했다,롯데마트는 당시 자체 브랜드 와이즐렉 가습기 살균제를 만들어 폐기했다,6.79225,True
zk_01069,160,val,mid,3,롯데마트는 당시 자체 브랜드 와이즐렉 가습기 살균제를 만들어 판매했다,살균제를 구입하지 않았다,롯데마트는 당시 자체 브랜드 와이즐렉 가습기 살균제를 구입하지 않았다,6.79225,True
zk_01069,160,val,high,5,롯데마트는 당시 자체 브랜드 와이즐렉 가습기 살균제를 만들어 판매했다,와이즐렉 가습기 살균제를 구매하지 않았다,롯데마트는 당시 자체 브랜드 와이즐렉 가습기 살균제를 구매하지 않았다,6.79225,True
zk_01070,169,val,low,2,수도권에선 서울이 영 쩜 일 오 퍼센트를 기록하며 서른 아홉 주 연속 상승했고 경기와 인천도 오름세를 이어갔다,하락세를 이어갔다,수도권에선 서울이 영 쩜 일 오 퍼센트를 기록하며 서른 아홉 주 연속 상승했고 경기와 인천도 하락세를 이어갔다,8.0045625,True
zk_01070,169,val,mid,3,수도권에선 서울이 영 쩜 일 오 퍼센트를 기록하며 서른 아홉 주 연속 상승했고 경기와 인천도 오름세를 이어갔다,인천도 내림세를 보였다,수도권에선 서울이 영 쩜 일 오 퍼센트를 기록하며 서른 아홉 주 연속 상승했고 경기와 인천도 내림세를 보였다,8.0045625,True
zk_01070,169,val,high,5,수도권에선 서울이 영 쩜 일 오 퍼센트를 기록하며 서른 아홉 주 연속 상승했고 경기와 인천도 오름세를 이어갔다,상승했고 경기와 인천도 내림세를 보였다,수도권에선 서울이 영 쩜 일 오 퍼센트를 기록하며 서른 아홉 주 연속 상승했고 경기와 인천도 내림세를 보였다,8.0045625,True
zk_01071,169,val,low,2,대학 내 군사 문화의 문제점을 짚는 이 글에는 예비역을 백 퍼센트 적으로 상정하고라는 문구가 포함돼 있었다,빠져 있었다,대학 내 군사 문화의 문제점을 짚는 이 글에는 예비역을 백 퍼센트 적으로 상정하고라는 문구가 빠져 있었다,8.396625,True
zk_01071,169,val,mid,3,대학 내 군사 문화의 문제점을 짚는 이 글에는 예비역을 백 퍼센트 적으로 상정하고라는 문구가 포함돼 있었다,문구가 빠져있었다,대학 내 군사 문화의 문제점을 짚는 이 글에는 예비역을 백 퍼센트 적으로 상정하고라는 문구가 빠져있었다,8.396625,False
zk_01071,169,val,high,5,대학 내 군사 문화의 문제점을 짚는 이 글에는 예비역을 백 퍼센트 적으로 상정하고라는 문구가 포함돼 있었다,적으로 상정하지 않는다고 명시돼 있었다,대학 내 군사 문화의 문제점을 짚는 이 글에는 예비역을 백 퍼센트 적으로 상정하지 않는다고 명시돼 있었다,8.396625,True
zk_01072,169,val,low,2,알 자우비의 가족은 아홉 개월간 여러 차례 서류작업 면접 등을 거치고 나서야 미국 이주 허가를 받았다,거부를 당했다,알 자우비의 가족은 아홉 개월간 여러 차례 서류작업 면접 등을 거치고 나서야 미국 이주 거부를 당했다,7.562875,True
zk_01072,169,val,mid,3,알 자우비의 가족은 아홉 개월간 여러 차례 서류작업 면접 등을 거치고 나서야 미국 이주 허가를 받았다,이주 허가를 거절당했다,알 자우비의 가족은 아홉 개월간 여러 차례 서류작업 면접 등을 거치고 나서야 미국 이주 허가를 거절당했다,7.562875,True
zk_01072,169,val,high,5,알 자우비의 가족은 아홉 개월간 여러 차례 서류작업 면접 등을 거치고 나서야 미국 이주 허가를 받았다,나서야 미국 이주 허가를 거절당했다,알 자우비의 가족은 아홉 개월간 여러 차례 서류작업 면접 등을 거치고 나서야 미국 이주 허가를 거절당했다,7.562875,True
zk_01073,169,val,low,2,급할수록 돌아가라 이해와 인내 사이노출 천장과 도장한 벽체로 포인트를 준 주택 방 모습,방 냄새,급할수록 돌아가라 이해와 인내 사이노출 천장과 도장한 벽체로 포인트를 준 주택 방 냄새,5.1450625,True
zk_01073,169,val,mid,3,급할수록 돌아가라 이해와 인내 사이노출 천장과 도장한 벽체로 포인트를 준 주택 방 모습,오피스텔 복도 풍경,급할수록 돌아가라 이해와 인내 사이노출 천장과 도장한 벽체로 포인트를 준 오피스텔 복도 풍경,5.1450625,True
zk_01073,169,val,high,5,급할수록 돌아가라 이해와 인내 사이노출 천장과 도장한 벽체로 포인트를 준 주택 방 모습,포인트를 뺀 주택 방 모습,급할수록 돌아가라 이해와 인내 사이노출 천장과 도장한 벽체로 포인트를 뺀 주택 방 모습,5.1450625,True
zk_01074,169,val,low,2,해 공군및 해병대 특수부대들을 통합 관리하는 통합특수전사령부 예하 병력의 급증 때문이다,감소 때문이다,해 공군및 해병대 특수부대들을 통합 관리하는 통합특수전사령부 예하 병력의 감소 때문이다,7.8231875,True
zk_01074,169,val,mid,3,해 공군및 해병대 특수부대들을 통합 관리하는 통합특수전사령부 예하 병력의 급증 때문이다,병력의 급감 때문이다,해 공군및 해병대 특수부대들을 통합 관리하는 통합특수전사령부 예하 병력의 급감 때문이다,7.8231875,True
zk_01074,169,val,high,5,해 공군및 해병대 특수부대들을 통합 관리하는 통합특수전사령부 예하 병력의 급증 때문이다,통합특수전사령부 예하 병력의 감소 때문이다,해 공군및 해병대 특수부대들을 통합 관리하는 통합특수전사령부 예하 병력의 감소 때문이다,7.8231875,True
zk_01075,169,val,low,2,그는 불안한 마음이 없진 않지만 생활비로 월 육십 만원만 쓰기 때문에 일 년은 별걱정 없다,큰 걱정이다,그는 불안한 마음이 없진 않지만 생활비로 월 육십 만원만 쓰기 때문에 일 년은 큰 걱정이다,6.397875,True
zk_01075,169,val,mid,3,그는 불안한 마음이 없진 않지만 생활비로 월 육십 만원만 쓰기 때문에 일 년은 별걱정 없다,년은 걱정이 많다,그는 불안한 마음이 없진 않지만 생활비로 월 육십 만원만 쓰기 때문에 일 년은 걱정이 많다,6.397875,True
zk_01075,169,val,high,5,그는 불안한 마음이 없진 않지만 생활비로 월 육십 만원만 쓰기 때문에 일 년은 별걱정 없다,때문에 일 년은 걱정이 많다,그는 불안한 마음이 없진 않지만 생활비로 월 육십 만원만 쓰기 때문에 일 년은 걱정이 많다,6.397875,True
zk_01076,169,val,low,2,방승범 간사는 찾아오는 분들을 보면 한 번 대리기사를 시작하면 쉽게 빠져나가지 못하는 것 같다고 덧붙였다,다르다고 덧붙였다,방승범 간사는 찾아오는 분들을 보면 한 번 대리기사를 시작하면 쉽게 빠져나가지 못하는 것 다르다고 덧붙였다,7.839625,True
zk_01076,169,val,mid,3,방승범 간사는 찾아오는 분들을 보면 한 번 대리기사를 시작하면 쉽게 빠져나가지 못하는 것 같다고 덧붙였다,것 같다고 부정했다,방승범 간사는 찾아오는 분들을 보면 한 번 대리기사를 시작하면 쉽게 빠져나가지 못하는 것 같다고 부정했다,7.839625,True
zk_01076,169,val,high,5,방승범 간사는 찾아오는 분들을 보면 한 번 대리기사를 시작하면 쉽게 빠져나가지 못하는 것 같다고 덧붙였다,빠져나갈 수 있다고 덧붙였다,방승범 간사는 찾아오는 분들을 보면 한 번 대리기사를 시작하면 쉽게 빠져나갈 수 있다고 덧붙였다,7.839625,False
zk_01077,169,val,low,2,김문수 전 경기지사는 십 삼 일 대구를 떠나 수도권 험지에 출마하라는 일각의 요구에 대해 저는 수성갑에 뼈를 묻어야 되겠다고 일축했다,거부했다고 주장했다,김문수 전 경기지사는 십 삼 일 대구를 떠나 수도권 험지에 출마하라는 일각의 요구에 대해 저는 수성갑에 뼈를 묻어야 거부했다고 주장했다,8.771125,True
zk_01077,169,val,mid,3,김문수 전 경기지사는 십 삼 일 대구를 떠나 수도권 험지에 출마하라는 일각의 요구에 대해 저는 수성갑에 뼈를 묻어야 되겠다고 일축했다,파묻어야 한다고 주장했다,김문수 전 경기지사는 십 삼 일 대구를 떠나 수도권 험지에 출마하라는 일각의 요구에 대해 저는 수성갑에 뼈를 파묻어야 한다고 주장했다,8.771125,True
zk_01077,169,val,high,5,김문수 전 경기지사는 십 삼 일 대구를 떠나 수도권 험지에 출마하라는 일각의 요구에 대해 저는 수성갑에 뼈를 묻어야 되겠다고 일축했다,수성갑에 뼈를 묻지 말았다고 인정했다,김문수 전 경기지사는 십 삼 일 대구를 떠나 수도권 험지에 출마하라는 일각의 요구에 대해 저는 수성갑에 뼈를 묻지 말았다고 인정했다,8.771125,True
zk_01078,169,val,low,2,사례 일 은 영어유치원에 다니는 아이의 생활이라는 인터넷에서 떠도는 글을 재구성한 것이다,분해한 것이다,사례 일 은 영어유치원에 다니는 아이의 생활이라는 인터넷에서 떠도는 글을 분해한 것이다,6.7630625,True
zk_01078,169,val,mid,3,사례 일 은 영어유치원에 다니는 아이의 생활이라는 인터넷에서 떠도는 글을 재구성한 것이다,글을 왜곡한 것이다,사례 일 은 영어유치원에 다니는 아이의 생활이라는 인터넷에서 떠도는 글을 왜곡한 것이다,6.7630625,True
zk_01078,169,val,high,5,사례 일 은 영어유치원에 다니는 아이의 생활이라는 인터넷에서 떠도는 글을 재구성한 것이다,인터넷에서 직접 창작한 글이다,사례 일 은 영어유치원에 다니는 아이의 생활이라는 인터넷에서 직접 창작한 글이다,6.7630625,False
zk_01079,169,val,low,2,크리스티의 청각 장애는 여전히 우리 모두에게 도전이 되는 것입니다,못하는 것입니다,크리스티의 청각 장애는 여전히 우리 모두에게 도전이 못하는 것입니다,5.23675,True
zk_01079,169,val,mid,3,크리스티의 청각 장애는 여전히 우리 모두에게 도전이 되는 것입니다,쉬운 일이 됩니다,크리스티의 청각 장애는 여전히 우리 모두에게 쉬운 일이 됩니다,5.23675,True
zk_01079,169,val,high,5,크리스티의 청각 장애는 여전히 우리 모두에게 도전이 되는 것입니다,우리 모두에게 쉬운 것만은 아닙니다,크리스티의 청각 장애는 여전히 우리 모두에게 쉬운 것만은 아닙니다,5.23675,True
zk_01080,172,val,low,2,각 가게는 주방장 개성을 담은 라멘을 경쟁적으로 내놓고 방송도 이를 조명한다,이를 외면한다,각 가게는 주방장 개성을 담은 라멘을 경쟁적으로 내놓고 방송도 이를 외면한다,6.04125,True
zk_01080,172,val,mid,3,각 가게는 주방장 개성을 담은 라멘을 경쟁적으로 내놓고 방송도 이를 조명한다,방송은 이를 외면한다,각 가게는 주방장 개성을 담은 라멘을 경쟁적으로 내놓고 방송은 이를 외면한다,6.04125,True
zk_01080,172,val,high,5,각 가게는 주방장 개성을 담은 라멘을 경쟁적으로 내놓고 방송도 이를 조명한다,소극적으로 외면하고 방송은 이를 무시한다,각 가게는 주방장 개성을 담은 라멘을 소극적으로 외면하고 방송은 이를 무시한다,6.04125,True
zk_01081,172,val,low,2,이천 십 오 년 우리나라 최저임금은 올해보다 칠 쩜 일 퍼센트 증가한 오천 오백 팔십 원이다,팔백 원이다,이천 십 오 년 우리나라 최저임금은 올해보다 칠 쩜 일 퍼센트 증가한 오천 오백 팔백 원이다,6.208625,True
zk_01081,172,val,mid,3,이천 십 오 년 우리나라 최저임금은 올해보다 칠 쩜 일 퍼센트 증가한 오천 오백 팔십 원이다,오천원이었다,이천 십 오 년 우리나라 최저임금은 올해보다 칠 쩜 일 퍼센트 증가한 오천 오천원이었다,6.208625,False
zk_01081,172,val,high,5,이천 십 오 년 우리나라 최저임금은 올해보다 칠 쩜 일 퍼센트 증가한 오천 오백 팔십 원이다,감소한 오천 오백 팔십 원이다,이천 십 오 년 우리나라 최저임금은 올해보다 칠 쩜 일 퍼센트 감소한 오천 오백 팔십 원이다,6.208625,True
zk_01082,172,val,low,2,취임 후 최대폭 사면권 행사 기대 기업인 포함 여부에 관심 박근혜 대통령이 십 삼 일 광복 일흔 주년을 맞아 특별사면을 시행하겠다고 밝히면서 사면 절차와 대상에 관심이 쏠린다,관심이 흐트러진다,취임 후 최대폭 사면권 행사 기대 기업인 포함 여부에 관심 박근혜 대통령이 십 삼 일 광복 일흔 주년을 맞아 특별사면을 시행하겠다고 밝히면서 사면 절차와 대상에 관심이 흐트러진다,12.10125,True
zk_01082,172,val,mid,3,취임 후 최대폭 사면권 행사 기대 기업인 포함 여부에 관심 박근혜 대통령이 십 삼 일 광복 일흔 주년을 맞아 특별사면을 시행하겠다고 밝히면서 사면 절차와 대상에 관심이 쏠린다,대상에 관심이 멀어진다,취임 후 최대폭 사면권 행사 기대 기업인 포함 여부에 관심 박근혜 대통령이 십 삼 일 광복 일흔 주년을 맞아 특별사면을 시행하겠다고 밝히면서 사면 절차와 대상에 관심이 멀어진다,12.10125,True
zk_01082,172,val,high,5,취임 후 최대폭 사면권 행사 기대 기업인 포함 여부에 관심 박근혜 대통령이 십 삼 일 광복 일흔 주년을 맞아 특별사면을 시행하겠다고 밝히면서 사면 절차와 대상에 관심이 쏠린다,사면 절차와 대상에 관심이 없다,취임 후 최대폭 사면권 행사 기대 기업인 포함 여부에 관심 박근혜 대통령이 십 삼 일 광복 일흔 주년을 맞아 특별사면을 시행하겠다고 밝히면서 사면 절차와 대상에 관심이 없다,12.10125,True
zk_01083,172,val,low,2,핵무력건설에 대해선 그 역사적 연원을 돌아보며 길게 설명했으니 반복하지 않을게,계속하겠습니다,핵무력건설에 대해선 그 역사적 연원을 돌아보며 길게 설명했으니 계속하겠습니다,6.066125,False
zk_01083,172,val,mid,3,핵무력건설에 대해선 그 역사적 연원을 돌아보며 길게 설명했으니 반복하지 않을게,설명을 다시 하겠습니다,핵무력건설에 대해선 그 역사적 연원을 돌아보며 길게 설명을 다시 하겠습니다,6.066125,True
zk_01083,172,val,high,5,핵무력건설에 대해선 그 역사적 연원을 돌아보며 길게 설명했으니 반복하지 않을게,돌아보며 길게 설명했으니 다시 반복하겠어,핵무력건설에 대해선 그 역사적 연원을 돌아보며 길게 설명했으니 다시 반복하겠어,6.066125,True
zk_01084,172,val,low,2,현지법인과 합작형태로 진출했던 중국은 물론 미국까지 실패하면서 막대한 투자금이 고스란히 부담이 됐다,도움이 됐다,현지법인과 합작형태로 진출했던 중국은 물론 미국까지 실패하면서 막대한 투자금이 고스란히 도움이 됐다,7.1571875,True
zk_01084,172,val,mid,3,현지법인과 합작형태로 진출했던 중국은 물론 미국까지 실패하면서 막대한 투자금이 고스란히 부담이 됐다,큰 도움이 됐다,현지법인과 합작형태로 진출했던 중국은 물론 미국까지 실패하면서 막대한 투자금이 큰 도움이 됐다,7.1571875,True
zk_01084,172,val,high,5,현지법인과 합작형태로 진출했던 중국은 물론 미국까지 실패하면서 막대한 투자금이 고스란히 부담이 됐다,막대한 투자금이 큰 수익을 냈다,현지법인과 합작형태로 진출했던 중국은 물론 미국까지 실패하면서 막대한 투자금이 큰 수익을 냈다,7.1571875,True
zk_01085,172,val,low,2,전 라운드서 선두를 질주하던 첼시가 크리스탈 팰리스에 발목을 잡히면서 이 위 토트넘에 추격 기회가 생겼다,기회를 잃었다,전 라운드서 선두를 질주하던 첼시가 크리스탈 팰리스에 발목을 잡히면서 이 위 토트넘에 추격 기회를 잃었다,6.8131875,True
zk_01085,172,val,mid,3,전 라운드서 선두를 질주하던 첼시가 크리스탈 팰리스에 발목을 잡히면서 이 위 토트넘에 추격 기회가 생겼다,추격 기회를 잃었다,전 라운드서 선두를 질주하던 첼시가 크리스탈 팰리스에 발목을 잡히면서 이 위 토트넘에 추격 기회를 잃었다,6.8131875,True
zk_01085,172,val,high,5,전 라운드서 선두를 질주하던 첼시가 크리스탈 팰리스에 발목을 잡히면서 이 위 토트넘에 추격 기회가 생겼다,위 토트넘에 추격 기회가 사라졌다,전 라운드서 선두를 질주하던 첼시가 크리스탈 팰리스에 발목을 잡히면서 이 위 토트넘에 추격 기회가 사라졌다,6.8131875,True
zk_01086,172,val,low,2,그리고 아웃렛은 재고 상품을 싸게 판다고 해서 붙은 이름인데 이런 아웃렛들 정말 물건을 싸게 팔고 있을까요,사고 있을까요,그리고 아웃렛은 재고 상품을 싸게 판다고 해서 붙은 이름인데 이런 아웃렛들 정말 물건을 싸게 사고 있을까요,7.463375,True
zk_01086,172,val,mid,3,그리고 아웃렛은 재고 상품을 싸게 판다고 해서 붙은 이름인데 이런 아웃렛들 정말 물건을 싸게 팔고 있을까요,비싸게 팔고 있을까요,그리고 아웃렛은 재고 상품을 싸게 판다고 해서 붙은 이름인데 이런 아웃렛들 정말 물건을 비싸게 팔고 있을까요,7.463375,True
zk_01086,172,val,high,5,그리고 아웃렛은 재고 상품을 싸게 판다고 해서 붙은 이름인데 이런 아웃렛들 정말 물건을 싸게 팔고 있을까요,정말 물건을 비싸게 팔고 있을까요,그리고 아웃렛은 재고 상품을 싸게 판다고 해서 붙은 이름인데 이런 아웃렛들 정말 물건을 비싸게 팔고 있을까요,7.463375,True
zk_01087,172,val,low,2,의학 물리학 생의학 공학 교수인 새뮤얼 위클라인 박사는 이렇게 말했습니다,이렇게 물었습니다,의학 물리학 생의학 공학 교수인 새뮤얼 위클라인 박사는 이렇게 물었습니다,5.6363125,True
zk_01087,172,val,mid,3,의학 물리학 생의학 공학 교수인 새뮤얼 위클라인 박사는 이렇게 말했습니다,박사는 반박했습니다,의학 물리학 생의학 공학 교수인 새뮤얼 위클라인 박사는 반박했습니다,5.6363125,False
zk_01087,172,val,high,5,의학 물리학 생의학 공학 교수인 새뮤얼 위클라인 박사는 이렇게 말했습니다,새뮤얼 위클라인 박사는 이를 부인했습니다,의학 물리학 생의학 공학 교수인 새뮤얼 위클라인 박사는 이를 부인했습니다,5.6363125,True
zk_01088,172,val,low,2,이 신호체계에서는 좌회전 신호 때 당연히 좌회전을 하고 직진 신호 때에도 맞은편에서 다가오는 차량이 없으면 비보호 좌회전을 할 수 있어 좌회전 차량의 소통이 원활해진다,소통이 단절된다,이 신호체계에서는 좌회전 신호 때 당연히 좌회전을 하고 직진 신호 때에도 맞은편에서 다가오는 차량이 없으면 비보호 좌회전을 할 수 있어 좌회전 차량의 소통이 단절된다,11.224,True
zk_01088,172,val,mid,3,이 신호체계에서는 좌회전 신호 때 당연히 좌회전을 하고 직진 신호 때에도 맞은편에서 다가오는 차량이 없으면 비보호 좌회전을 할 수 있어 좌회전 차량의 소통이 원활해진다,차량의 소통이 악화된다,이 신호체계에서는 좌회전 신호 때 당연히 좌회전을 하고 직진 신호 때에도 맞은편에서 다가오는 차량이 없으면 비보호 좌회전을 할 수 있어 좌회전 차량의 소통이 악화된다,11.224,True
zk_01088,172,val,high,5,이 신호체계에서는 좌회전 신호 때 당연히 좌회전을 하고 직진 신호 때에도 맞은편에서 다가오는 차량이 없으면 비보호 좌회전을 할 수 있어 좌회전 차량의 소통이 원활해진다,있어 좌회전 차량의 소통이 지체된다,이 신호체계에서는 좌회전 신호 때 당연히 좌회전을 하고 직진 신호 때에도 맞은편에서 다가오는 차량이 없으면 비보호 좌회전을 할 수 있어 좌회전 차량의 소통이 지체된다,11.224,True
zk_01089,172,val,low,2,김문수 전 경기지사는 십 삼 일 대구를 떠나 수도권 험지에 출마하라는 일각의 요구에 대해 저는 수성갑에 뼈를 묻어야 되겠다고 일축했다,불가능하다고 지적했다,김문수 전 경기지사는 십 삼 일 대구를 떠나 수도권 험지에 출마하라는 일각의 요구에 대해 저는 수성갑에 뼈를 묻어야 불가능하다고 지적했다,10.2455625,True
zk_01089,172,val,mid,3,김문수 전 경기지사는 십 삼 일 대구를 떠나 수도권 험지에 출마하라는 일각의 요구에 대해 저는 수성갑에 뼈를 묻어야 되겠다고 일축했다,파헤쳐야 된다고 주장했다,김문수 전 경기지사는 십 삼 일 대구를 떠나 수도권 험지에 출마하라는 일각의 요구에 대해 저는 수성갑에 뼈를 파헤쳐야 된다고 주장했다,10.2455625,True
zk_01089,172,val,high,5,김문수 전 경기지사는 십 삼 일 대구를 떠나 수도권 험지에 출마하라는 일각의 요구에 대해 저는 수성갑에 뼈를 묻어야 되겠다고 일축했다,수성갑에서 뼈를 빼내야 한다고 주장했다,김문수 전 경기지사는 십 삼 일 대구를 떠나 수도권 험지에 출마하라는 일각의 요구에 대해 저는 수성갑에서 뼈를 빼내야 한다고 주장했다,10.2455625,True
zk_01090,175,val,low,2,재무제표를 통해서도 기업들이 실물투자보다는 현금성 자산 불리기에 주력하고 있음을 확인할 수 있다,수 없다,재무제표를 통해서도 기업들이 실물투자보다는 현금성 자산 불리기에 주력하고 있음을 확인할 수 없다,7.2005,True
zk_01090,175,val,mid,3,재무제표를 통해서도 기업들이 실물투자보다는 현금성 자산 불리기에 주력하고 있음을 확인할 수 있다,확인할 수 없다,재무제표를 통해서도 기업들이 실물투자보다는 현금성 자산 불리기에 주력하고 있음을 확인할 수 없다,7.2005,True
zk_01090,175,val,high,5,재무제표를 통해서도 기업들이 실물투자보다는 현금성 자산 불리기에 주력하고 있음을 확인할 수 있다,주력하지 않음을 알 수 있다,재무제표를 통해서도 기업들이 실물투자보다는 현금성 자산 불리기에 주력하지 않음을 알 수 있다,7.2005,True
zk_01091,175,val,low,2,이천 십 이 년 대선 때 국정원 댓글 사건 수사 외압 의혹을 제기했던 권 의원은 작년 칠 월 김한길 안철수 공동대표 때 전략 공천으로 당선됐다,공천으로 탈락됐다,이천 십 이 년 대선 때 국정원 댓글 사건 수사 외압 의혹을 제기했던 권 의원은 작년 칠 월 김한길 안철수 공동대표 때 전략 공천으로 탈락됐다,7.9966875,True
zk_01091,175,val,mid,3,이천 십 이 년 대선 때 국정원 댓글 사건 수사 외압 의혹을 제기했던 권 의원은 작년 칠 월 김한길 안철수 공동대표 때 전략 공천으로 당선됐다,전략 공천으로 낙선됐다,이천 십 이 년 대선 때 국정원 댓글 사건 수사 외압 의혹을 제기했던 권 의원은 작년 칠 월 김한길 안철수 공동대표 때 전략 공천으로 낙선됐다,7.9966875,True
zk_01091,175,val,high,5,이천 십 이 년 대선 때 국정원 댓글 사건 수사 외압 의혹을 제기했던 권 의원은 작년 칠 월 김한길 안철수 공동대표 때 전략 공천으로 당선됐다,공동대표 때 전략 공천으로 낙선됐다,이천 십 이 년 대선 때 국정원 댓글 사건 수사 외압 의혹을 제기했던 권 의원은 작년 칠 월 김한길 안철수 공동대표 때 전략 공천으로 낙선됐다,7.9966875,True
zk_01092,175,val,low,2,여덟 시간이나 집을 비웠는데도 재우기만하면 별문제 없을 것이라고 착각했습니다,것이라고 확신했습니다,여덟 시간이나 집을 비웠는데도 재우기만하면 별문제 없을 것이라고 확신했습니다,6.474,True
zk_01092,175,val,mid,3,여덟 시간이나 집을 비웠는데도 재우기만하면 별문제 없을 것이라고 착각했습니다,있을 것이라고 확신했습니다,여덟 시간이나 집을 비웠는데도 재우기만하면 별문제 있을 것이라고 확신했습니다,6.474,True
zk_01092,175,val,high,5,여덟 시간이나 집을 비웠는데도 재우기만하면 별문제 없을 것이라고 착각했습니다,깨워야만 할 것이라고 생각했습니다,여덟 시간이나 집을 비웠는데도 깨워야만 할 것이라고 생각했습니다,6.474,False
zk_01093,175,val,low,2,그에게 한국인이 모르는 민주주의가 무엇이라고 생각하느냐고 직설적으로 물었다,완곡하게 물었다,그에게 한국인이 모르는 민주주의가 무엇이라고 생각하느냐고 완곡하게 물었다,5.9639375,True
zk_01093,175,val,mid,3,그에게 한국인이 모르는 민주주의가 무엇이라고 생각하느냐고 직설적으로 물었다,생각하느냐고 완곡하게 물었다,그에게 한국인이 모르는 민주주의가 무엇이라고 생각하느냐고 완곡하게 물었다,5.9639375,True
zk_01093,175,val,high,5,그에게 한국인이 모르는 민주주의가 무엇이라고 생각하느냐고 직설적으로 물었다,민주주의가 무엇인지 애매하게 둘러댔다,그에게 한국인이 모르는 민주주의가 무엇인지 애매하게 둘러댔다,5.9639375,False
zk_01094,175,val,low,2,짜왕은 월 매출 백 억 에서 백 삼십 억원을 기록하면서 신라면에 이어 두번째로 잘 팔리는 라면에 당당히 이름을 올렸다,이름을 내렸다,짜왕은 월 매출 백 억 에서 백 삼십 억원을 기록하면서 신라면에 이어 두번째로 잘 팔리는 라면에 당당히 이름을 내렸다,8.2300625,True
zk_01094,175,val,mid,3,짜왕은 월 매출 백 억 에서 백 삼십 억원을 기록하면서 신라면에 이어 두번째로 잘 팔리는 라면에 당당히 이름을 올렸다,몰래 이름을 뺐다,짜왕은 월 매출 백 억 에서 백 삼십 억원을 기록하면서 신라면에 이어 두번째로 잘 팔리는 라면에 몰래 이름을 뺐다,8.2300625,True
zk_01094,175,val,high,5,짜왕은 월 매출 백 억 에서 백 삼십 억원을 기록하면서 신라면에 이어 두번째로 잘 팔리는 라면에 당당히 이름을 올렸다,팔리는 라면에 이름을 올리지 못했다,짜왕은 월 매출 백 억 에서 백 삼십 억원을 기록하면서 신라면에 이어 두번째로 잘 팔리는 라면에 이름을 올리지 못했다,8.2300625,True
zk_01095,175,val,low,2,서울이나 강원 영서 등 중북부에는 내일 하루만 열 에서 마흔 밀리미터가 오다 그치겠습니다,계속 하겠습니다,서울이나 강원 영서 등 중북부에는 내일 하루만 열 에서 마흔 밀리미터가 계속 하겠습니다,7.33075,True
zk_01095,175,val,mid,3,서울이나 강원 영서 등 중북부에는 내일 하루만 열 에서 마흔 밀리미터가 오다 그치겠습니다,계속될 거예요,서울이나 강원 영서 등 중북부에는 내일 하루만 열 에서 마흔 계속될 거예요,7.33075,False
zk_01095,175,val,high,5,서울이나 강원 영서 등 중북부에는 내일 하루만 열 에서 마흔 밀리미터가 오다 그치겠습니다,에서 마흔 밀리미터가 모자랄 것입니다,서울이나 강원 영서 등 중북부에는 내일 하루만 열 에서 마흔 밀리미터가 모자랄 것입니다,7.33075,True
zk_01096,175,val,low,2,인스타그램의 경우도 검색란에 해시태그와 함께 영문으로 특정 성적 단어를 검색하면 검색 결과가 보이지 않는 등 자체 필터링이 되고 있다,되지 않는다,인스타그램의 경우도 검색란에 해시태그와 함께 영문으로 특정 성적 단어를 검색하면 검색 결과가 보이지 않는 등 자체 필터링이 되지 않는다,8.92525,True
zk_01096,175,val,mid,3,인스타그램의 경우도 검색란에 해시태그와 함께 영문으로 특정 성적 단어를 검색하면 검색 결과가 보이지 않는 등 자체 필터링이 되고 있다,필터링이 되지 않는다,인스타그램의 경우도 검색란에 해시태그와 함께 영문으로 특정 성적 단어를 검색하면 검색 결과가 보이지 않는 등 자체 필터링이 되지 않는다,8.92525,True
zk_01096,175,val,high,5,인스타그램의 경우도 검색란에 해시태그와 함께 영문으로 특정 성적 단어를 검색하면 검색 결과가 보이지 않는 등 자체 필터링이 되고 있다,등 자체 필터링이 안 된다,인스타그램의 경우도 검색란에 해시태그와 함께 영문으로 특정 성적 단어를 검색하면 검색 결과가 보이지 않는 등 자체 필터링이 안 된다,8.92525,True
zk_01097,175,val,low,2,만약 사망할 정도로 큰 충격을 받았다면 부딪치는 소리가 크게 났을 텐데 남자친구가 인지하지 못했다는 것이 의아하다,것이 당연하다,만약 사망할 정도로 큰 충격을 받았다면 부딪치는 소리가 크게 났을 텐데 남자친구가 인지하지 못했다는 것이 당연하다,7.9970625,True
zk_01097,175,val,mid,3,만약 사망할 정도로 큰 충격을 받았다면 부딪치는 소리가 크게 났을 텐데 남자친구가 인지하지 못했다는 것이 의아하다,했다는 것이 놀랍다,만약 사망할 정도로 큰 충격을 받았다면 부딪치는 소리가 크게 났을 텐데 남자친구가 인지하지 했다는 것이 놀랍다,7.9970625,True
zk_01097,175,val,high,5,만약 사망할 정도로 큰 충격을 받았다면 부딪치는 소리가 크게 났을 텐데 남자친구가 인지하지 못했다는 것이 의아하다,남자친구가 인지했다는 것이 너무 의아하다,만약 사망할 정도로 큰 충격을 받았다면 부딪치는 소리가 크게 났을 텐데 남자친구가 인지했다는 것이 너무 의아하다,7.9970625,True
zk_01098,175,val,low,2,폭발로 인한 연기는 공항 밖 주차장까지 퍼져나갔고 사람들은 놀라 뛰쳐나가기 바쁩니다,천천히 걷습니다,폭발로 인한 연기는 공항 밖 주차장까지 퍼져나갔고 사람들은 놀라 천천히 걷습니다,7.1668125,True
zk_01098,175,val,mid,3,폭발로 인한 연기는 공항 밖 주차장까지 퍼져나갔고 사람들은 놀라 뛰쳐나가기 바쁩니다,천천히 걸어 옵니다,폭발로 인한 연기는 공항 밖 주차장까지 퍼져나갔고 사람들은 천천히 걸어 옵니다,7.1668125,True
zk_01098,175,val,high,5,폭발로 인한 연기는 공항 밖 주차장까지 퍼져나갔고 사람들은 놀라 뛰쳐나가기 바쁩니다,수그러들고 사람들은 차분히 돌아가기 시작합니다,폭발로 인한 연기는 공항 밖 주차장까지 수그러들고 사람들은 차분히 돌아가기 시작합니다,7.1668125,True
zk_01099,175,val,low,2,대표적인 것이 이명박 정부의 경제정책을 비판하는 글을 다음 아고라 게시판에 올린 박아무개씨를 구속한 미네르바 사건입니다,미네르바 아닙니다,대표적인 것이 이명박 정부의 경제정책을 비판하는 글을 다음 아고라 게시판에 올린 박아무개씨를 구속한 미네르바 아닙니다,9.071125,True
zk_01099,175,val,mid,3,대표적인 것이 이명박 정부의 경제정책을 비판하는 글을 다음 아고라 게시판에 올린 박아무개씨를 구속한 미네르바 사건입니다,석방한 미네르바 사건입니다,대표적인 것이 이명박 정부의 경제정책을 비판하는 글을 다음 아고라 게시판에 올린 박아무개씨를 석방한 미네르바 사건입니다,9.071125,True
zk_01099,175,val,high,5,대표적인 것이 이명박 정부의 경제정책을 비판하는 글을 다음 아고라 게시판에 올린 박아무개씨를 구속한 미네르바 사건입니다,내린 박아무개씨를 석방한 미네르바 사건입니다,대표적인 것이 이명박 정부의 경제정책을 비판하는 글을 다음 아고라 게시판에 내린 박아무개씨를 석방한 미네르바 사건입니다,9.071125,True
zk_01100,188,val,low,2,이 여성은 흰색 긴팔 티에 무릎 위까지 내려오는 스커트와 단화를 착용한 것으로 보인다,명확하지 않다,이 여성은 흰색 긴팔 티에 무릎 위까지 내려오는 스커트와 단화를 착용한 명확하지 않다,6.93625,True
zk_01100,188,val,mid,3,이 여성은 흰색 긴팔 티에 무릎 위까지 내려오는 스커트와 단화를 착용한 것으로 보인다,벗은 것으로 보인다,이 여성은 흰색 긴팔 티에 무릎 위까지 내려오는 스커트와 단화를 벗은 것으로 보인다,6.93625,True
zk_01100,188,val,high,5,이 여성은 흰색 긴팔 티에 무릎 위까지 내려오는 스커트와 단화를 착용한 것으로 보인다,바지와 부츠를 착용한 것으로 보인다,이 여성은 흰색 긴팔 티에 무릎 위까지 내려오는 바지와 부츠를 착용한 것으로 보인다,6.93625,True
zk_01101,188,val,low,2,또한 분류한 내용을 눈에 잘 들어오도록 대여섯 개씩 작은 단위로 묶으십시오,단위로 풀으십시오,또한 분류한 내용을 눈에 잘 들어오도록 대여섯 개씩 작은 단위로 풀으십시오,6.2433125,True
zk_01101,188,val,mid,3,또한 분류한 내용을 눈에 잘 들어오도록 대여섯 개씩 작은 단위로 묶으십시오,큰 단위로 풀으십시오,또한 분류한 내용을 눈에 잘 들어오도록 대여섯 개씩 큰 단위로 풀으십시오,6.2433125,True
zk_01101,188,val,high,5,또한 분류한 내용을 눈에 잘 들어오도록 대여섯 개씩 작은 단위로 묶으십시오,여러 개를 큰 덩어리로 모으십시오,또한 분류한 내용을 눈에 잘 들어오도록 여러 개를 큰 덩어리로 모으십시오,6.2433125,True
zk_01102,188,val,low,2,특히 저는 어떤 말씀 드리고 싶냐하면 이런 얘기 해드리고 싶어요,피하고 싶어요,특히 저는 어떤 말씀 드리고 싶냐하면 이런 얘기 피하고 싶어요,5.34175,True
zk_01102,188,val,mid,3,특히 저는 어떤 말씀 드리고 싶냐하면 이런 얘기 해드리고 싶어요,말하고 싶지 않아요,특히 저는 어떤 말씀 드리고 싶냐하면 이런 말하고 싶지 않아요,5.34175,True
zk_01102,188,val,high,5,특히 저는 어떤 말씀 드리고 싶냐하면 이런 얘기 해드리고 싶어요,싶냐하면 이런 얘기 피하고 싶어요,특히 저는 어떤 말씀 드리고 싶냐하면 이런 얘기 피하고 싶어요,5.34175,True
zk_01103,188,val,low,2,대부분은 복합적인 국제 정치 상황에서 나오는 좌절을 제게 쏟아내는 거다,담아두는 거다,대부분은 복합적인 국제 정치 상황에서 나오는 좌절을 제게 담아두는 거다,5.999,True
zk_01103,188,val,mid,3,대부분은 복합적인 국제 정치 상황에서 나오는 좌절을 제게 쏟아내는 거다,제게 감추는 거다,대부분은 복합적인 국제 정치 상황에서 나오는 좌절을 제게 감추는 거다,5.999,True
zk_01103,188,val,high,5,대부분은 복합적인 국제 정치 상황에서 나오는 좌절을 제게 쏟아내는 거다,나오는 좌절을 제게 감싸주는 거다,대부분은 복합적인 국제 정치 상황에서 나오는 좌절을 제게 감싸주는 거다,5.999,True
zk_01104,188,val,low,2,중국은 이밖에 만재배수량 이천 에서 사천 팔백 톤에 이르는 상륙함도 다수 보유하고 있는 등 상당한 상륙전 능력을 갖추고 있다,갖추지 못했다,중국은 이밖에 만재배수량 이천 에서 사천 팔백 톤에 이르는 상륙함도 다수 보유하고 있는 등 상당한 상륙전 능력을 갖추지 못했다,10.0520625,True
zk_01104,188,val,mid,3,중국은 이밖에 만재배수량 이천 에서 사천 팔백 톤에 이르는 상륙함도 다수 보유하고 있는 등 상당한 상륙전 능력을 갖추고 있다,능력이 많이 부족하다,중국은 이밖에 만재배수량 이천 에서 사천 팔백 톤에 이르는 상륙함도 다수 보유하고 있는 등 상당한 상륙전 능력이 많이 부족하다,10.0520625,True
zk_01104,188,val,high,5,중국은 이밖에 만재배수량 이천 에서 사천 팔백 톤에 이르는 상륙함도 다수 보유하고 있는 등 상당한 상륙전 능력을 갖추고 있다,상당한 상륙전 능력이 없는 것이다,중국은 이밖에 만재배수량 이천 에서 사천 팔백 톤에 이르는 상륙함도 다수 보유하고 있는 등 상당한 상륙전 능력이 없는 것이다,10.0520625,True
zk_01105,188,val,low,2,아파트 안으로 들어가려면 별도의 출입카드가 있어야 해 외부인은 접근하기가 쉽지 않다,매우 쉽다,아파트 안으로 들어가려면 별도의 출입카드가 있어야 해 외부인은 접근하기가 매우 쉽다,6.672,True
zk_01105,188,val,mid,3,아파트 안으로 들어가려면 별도의 출입카드가 있어야 해 외부인은 접근하기가 쉽지 않다,접근하기가 매우 쉽다,아파트 안으로 들어가려면 별도의 출입카드가 있어야 해 외부인은 접근하기가 매우 쉽다,6.672,True
zk_01105,188,val,high,5,아파트 안으로 들어가려면 별도의 출입카드가 있어야 해 외부인은 접근하기가 쉽지 않다,해 외부인은 접근하기가 매우 쉽다,아파트 안으로 들어가려면 별도의 출입카드가 있어야 해 외부인은 접근하기가 매우 쉽다,6.672,True
zk_01106,188,val,low,2,전체 공급 물량의 팔십 이 퍼센트인 천 팔백 이십 칠 가구가 강남 사 구에 집중됐다,구에 흩어졌다,전체 공급 물량의 팔십 이 퍼센트인 천 팔백 이십 칠 가구가 강남 사 구에 흩어졌다,7.328125,True
zk_01106,188,val,mid,3,전체 공급 물량의 팔십 이 퍼센트인 천 팔백 이십 칠 가구가 강남 사 구에 집중됐다,사 구에서 벗어났다,전체 공급 물량의 팔십 이 퍼센트인 천 팔백 이십 칠 가구가 강남 사 구에서 벗어났다,7.328125,True
zk_01106,188,val,high,5,전체 공급 물량의 팔십 이 퍼센트인 천 팔백 이십 칠 가구가 강남 사 구에 집중됐다,가구가 강남 사 구에 분산됐다,전체 공급 물량의 팔십 이 퍼센트인 천 팔백 이십 칠 가구가 강남 사 구에 분산됐다,7.328125,True
zk_01107,188,val,low,2,은행 예금을 인출해 도피자금을 마련한 두 사람은 이전까지 쓰던 휴대전화를 비롯해 의료보험 신용카드 교통카드 등 자신들의 행적을 노출할 수 있는 어떤 수단도 쓰지 않았다,적극 활용했다,은행 예금을 인출해 도피자금을 마련한 두 사람은 이전까지 쓰던 휴대전화를 비롯해 의료보험 신용카드 교통카드 등 자신들의 행적을 노출할 수 있는 어떤 수단도 적극 활용했다,12.7279375,True
zk_01107,188,val,mid,3,은행 예금을 인출해 도피자금을 마련한 두 사람은 이전까지 쓰던 휴대전화를 비롯해 의료보험 신용카드 교통카드 등 자신들의 행적을 노출할 수 있는 어떤 수단도 쓰지 않았다,수단을 적극 활용했다,은행 예금을 인출해 도피자금을 마련한 두 사람은 이전까지 쓰던 휴대전화를 비롯해 의료보험 신용카드 교통카드 등 자신들의 행적을 노출할 수 있는 어떤 수단을 적극 활용했다,12.7279375,True
zk_01107,188,val,high,5,은행 예금을 인출해 도피자금을 마련한 두 사람은 이전까지 쓰던 휴대전화를 비롯해 의료보험 신용카드 교통카드 등 자신들의 행적을 노출할 수 있는 어떤 수단도 쓰지 않았다,있는 모든 수단을 다 썼다,은행 예금을 인출해 도피자금을 마련한 두 사람은 이전까지 쓰던 휴대전화를 비롯해 의료보험 신용카드 교통카드 등 자신들의 행적을 노출할 수 있는 모든 수단을 다 썼다,12.7279375,True
zk_01108,188,val,low,2,하지만 모나쿠스 가디언 지에서 보도하듯이 동물의 수에 대한 추산은 엄청나게 부정확한 과학이라고 말하지 않을 수 없습니다,할 수있습니다,하지만 모나쿠스 가디언 지에서 보도하듯이 동물의 수에 대한 추산은 엄청나게 부정확한 과학이라고 말하지 않을 할 수있습니다,9.1960625,True
zk_01108,188,val,mid,3,하지만 모나쿠스 가디언 지에서 보도하듯이 동물의 수에 대한 추산은 엄청나게 부정확한 과학이라고 말하지 않을 수 없습니다,할 수 있습니다,하지만 모나쿠스 가디언 지에서 보도하듯이 동물의 수에 대한 추산은 엄청나게 부정확한 과학이라고 말하지 할 수 있습니다,9.1960625,True
zk_01108,188,val,high,5,하지만 모나쿠스 가디언 지에서 보도하듯이 동물의 수에 대한 추산은 엄청나게 부정확한 과학이라고 말하지 않을 수 없습니다,과학이라고 주장하기는 어렵습니다,하지만 모나쿠스 가디언 지에서 보도하듯이 동물의 수에 대한 추산은 엄청나게 부정확한 과학이라고 주장하기는 어렵습니다,9.1960625,False
zk_01109,188,val,low,2,집에 아무도 없는 것을 의아해하던 두씨의 여동생은 거실에 생긴 구멍을 보고는 소스라치게 놀랐다,전혀 놀랐다,집에 아무도 없는 것을 의아해하던 두씨의 여동생은 거실에 생긴 구멍을 보고는 전혀 놀랐다,7.4270625,True
zk_01109,188,val,mid,3,집에 아무도 없는 것을 의아해하던 두씨의 여동생은 거실에 생긴 구멍을 보고는 소스라치게 놀랐다,보고는 소스라치게 웃었다,집에 아무도 없는 것을 의아해하던 두씨의 여동생은 거실에 생긴 구멍을 보고는 소스라치게 웃었다,7.4270625,True
zk_01109,188,val,high,5,집에 아무도 없는 것을 의아해하던 두씨의 여동생은 거실에 생긴 구멍을 보고는 소스라치게 놀랐다,생긴 구멍을 보고는 태연하게 웃었다,집에 아무도 없는 것을 의아해하던 두씨의 여동생은 거실에 생긴 구멍을 보고는 태연하게 웃었다,7.4270625,True
zk_01110,195,val,low,2,만약 이 사건에서 문제가 된 행위를 형사 처벌하기로 국민적인 합의가 도출된다면 기존의 법으로는 처벌할 수 없기 때문에 그때는 형법이 개정돼야 한다,유지돼야 한다,만약 이 사건에서 문제가 된 행위를 형사 처벌하기로 국민적인 합의가 도출된다면 기존의 법으로는 처벌할 수 없기 때문에 그때는 형법이 유지돼야 한다,12.4703125,True
zk_01110,195,val,mid,3,만약 이 사건에서 문제가 된 행위를 형사 처벌하기로 국민적인 합의가 도출된다면 기존의 법으로는 처벌할 수 없기 때문에 그때는 형법이 개정돼야 한다,형법이 유지되어야 한다,만약 이 사건에서 문제가 된 행위를 형사 처벌하기로 국민적인 합의가 도출된다면 기존의 법으로는 처벌할 수 없기 때문에 그때는 형법이 유지되어야 한다,12.4703125,True
zk_01110,195,val,high,5,만약 이 사건에서 문제가 된 행위를 형사 처벌하기로 국민적인 합의가 도출된다면 기존의 법으로는 처벌할 수 없기 때문에 그때는 형법이 개정돼야 한다,때문에 그때는 형법이 개정되지 않았다,만약 이 사건에서 문제가 된 행위를 형사 처벌하기로 국민적인 합의가 도출된다면 기존의 법으로는 처벌할 수 없기 때문에 그때는 형법이 개정되지 않았다,12.4703125,True
zk_01111,195,val,low,2,과학자들은 그들이 만든 기후 모델의 정확성과 신뢰성이 개선되기를 바라고 있습니다,우려하고 있습니다,과학자들은 그들이 만든 기후 모델의 정확성과 신뢰성이 개선되기를 우려하고 있습니다,6.646625,True
zk_01111,195,val,mid,3,과학자들은 그들이 만든 기후 모델의 정확성과 신뢰성이 개선되기를 바라고 있습니다,악화될 것으로 우려합니다,과학자들은 그들이 만든 기후 모델의 정확성과 신뢰성이 악화될 것으로 우려합니다,6.646625,True
zk_01111,195,val,high,5,과학자들은 그들이 만든 기후 모델의 정확성과 신뢰성이 개선되기를 바라고 있습니다,정확성과 신뢰성이 악화될 것 같습니다,과학자들은 그들이 만든 기후 모델의 정확성과 신뢰성이 악화될 것 같습니다,6.646625,True
zk_01112,195,val,low,2,연구진은 스마트폰 등에 사용하는 배터리의 수명이 닳는 원리도 알아냈다,원리도 모른다,연구진은 스마트폰 등에 사용하는 배터리의 수명이 닳는 원리도 모른다,5.4045,True
zk_01112,195,val,mid,3,연구진은 스마트폰 등에 사용하는 배터리의 수명이 닳는 원리도 알아냈다,닳는 원리도 몰랐다,연구진은 스마트폰 등에 사용하는 배터리의 수명이 닳는 원리도 몰랐다,5.4045,True
zk_01112,195,val,high,5,연구진은 스마트폰 등에 사용하는 배터리의 수명이 닳는 원리도 알아냈다,배터리의 수명이 늘어나는 방법을 모른다,연구진은 스마트폰 등에 사용하는 배터리의 수명이 늘어나는 방법을 모른다,5.4045,True
zk_01113,195,val,low,2,담화문을 발표하는 동안 아랫입술을 질끈 무는 모습을 여러차례 보이기도 했다,보이지도 않았다,담화문을 발표하는 동안 아랫입술을 질끈 무는 모습을 여러차례 보이지도 않았다,5.8088125,True
zk_01113,195,val,mid,3,담화문을 발표하는 동안 아랫입술을 질끈 무는 모습을 여러차례 보이기도 했다,전혀 보이지 않았다,담화문을 발표하는 동안 아랫입술을 질끈 무는 모습을 전혀 보이지 않았다,5.8088125,True
zk_01113,195,val,high,5,담화문을 발표하는 동안 아랫입술을 질끈 무는 모습을 여러차례 보이기도 했다,무는 모습을 한번도 보이지 않았다,담화문을 발표하는 동안 아랫입술을 질끈 무는 모습을 한번도 보이지 않았다,5.8088125,True
zk_01114,195,val,low,2,역경에 처할 때 아내가 보여 주는 힘과 적응력에 나는 지금도 계속 경탄하고 있습니다,비판하고 있습니다,역경에 처할 때 아내가 보여 주는 힘과 적응력에 나는 지금도 계속 비판하고 있습니다,6.20075,True
zk_01114,195,val,mid,3,역경에 처할 때 아내가 보여 주는 힘과 적응력에 나는 지금도 계속 경탄하고 있습니다,계속 비판하고 있습니다,역경에 처할 때 아내가 보여 주는 힘과 적응력에 나는 지금도 계속 비판하고 있습니다,6.20075,True
zk_01114,195,val,high,5,역경에 처할 때 아내가 보여 주는 힘과 적응력에 나는 지금도 계속 경탄하고 있습니다,나는 지금도 계속 의심하고 있습니다,역경에 처할 때 아내가 보여 주는 힘과 적응력에 나는 지금도 계속 의심하고 있습니다,6.20075,True
zk_01115,195,val,low,2,그마저도 남편이 다른 회사로 옮기면서 차가 필요해 중고차를 구매하자 지원대상에서 제외됐다,지원대상에 포함됐다,그마저도 남편이 다른 회사로 옮기면서 차가 필요해 중고차를 구매하자 지원대상에 포함됐다,10.2300625,True
zk_01115,195,val,mid,3,그마저도 남편이 다른 회사로 옮기면서 차가 필요해 중고차를 구매하자 지원대상에서 제외됐다,구매하자 지원대상에 포함됐다,그마저도 남편이 다른 회사로 옮기면서 차가 필요해 중고차를 구매하자 지원대상에 포함됐다,10.2300625,True
zk_01115,195,val,high,5,그마저도 남편이 다른 회사로 옮기면서 차가 필요해 중고차를 구매하자 지원대상에서 제외됐다,필요해 신차를 구매하자 지원대상에 포함됐다,그마저도 남편이 다른 회사로 옮기면서 차가 필요해 신차를 구매하자 지원대상에 포함됐다,10.2300625,True
zk_01116,195,val,low,2,성북구 정릉 이 동 일대를 다니는 마을버스의 첫 배차는 오후 한 시 삼십 분이었다,한 시간이었다,성북구 정릉 이 동 일대를 다니는 마을버스의 첫 배차는 오후 한 시 한 시간이었다,7.0563125,True
zk_01116,195,val,mid,3,성북구 정릉 이 동 일대를 다니는 마을버스의 첫 배차는 오후 한 시 삼십 분이었다,시 이십 분이었다,성북구 정릉 이 동 일대를 다니는 마을버스의 첫 배차는 오후 한 시 이십 분이었다,7.0563125,True
zk_01116,195,val,high,5,성북구 정릉 이 동 일대를 다니는 마을버스의 첫 배차는 오후 한 시 삼십 분이었다,새벽 세 시 사십 분이었다,성북구 정릉 이 동 일대를 다니는 마을버스의 첫 배차는 새벽 세 시 사십 분이었다,7.0563125,True
zk_01117,195,val,low,2,서울권 대학 교직원 초봉 삼 천만원대 중견기업 수준서울권 대학 교직원의 초임 수준은 학교마다 다르지만 대체로 중견기업 수준이다,영세기업 수준이다,서울권 대학 교직원 초봉 삼 천만원대 중견기업 수준서울권 대학 교직원의 초임 수준은 학교마다 다르지만 대체로 영세기업 수준이다,10.8813125,True
zk_01117,195,val,mid,3,서울권 대학 교직원 초봉 삼 천만원대 중견기업 수준서울권 대학 교직원의 초임 수준은 학교마다 다르지만 대체로 중견기업 수준이다,극히 소규모 업체다,서울권 대학 교직원 초봉 삼 천만원대 중견기업 수준서울권 대학 교직원의 초임 수준은 학교마다 다르지만 극히 소규모 업체다,10.8813125,True
zk_01117,195,val,high,5,서울권 대학 교직원 초봉 삼 천만원대 중견기업 수준서울권 대학 교직원의 초임 수준은 학교마다 다르지만 대체로 중견기업 수준이다,학교마다 다르지만 대체로 영세하다,서울권 대학 교직원 초봉 삼 천만원대 중견기업 수준서울권 대학 교직원의 초임 수준은 학교마다 다르지만 대체로 영세하다,10.8813125,False
zk_01118,195,val,low,2,업계에서는 중국이 고품질 석유 제품을 국제 수출 시장에 내놓게 되면 국제가격 하락으로 제품 마진이 축소될 수 있다고 우려한다,없다고 확신한다,업계에서는 중국이 고품질 석유 제품을 국제 수출 시장에 내놓게 되면 국제가격 하락으로 제품 마진이 축소될 수 없다고 확신한다,12.2538125,True
zk_01118,195,val,mid,3,업계에서는 중국이 고품질 석유 제품을 국제 수출 시장에 내놓게 되면 국제가격 하락으로 제품 마진이 축소될 수 있다고 우려한다,없을 것으로 본다,업계에서는 중국이 고품질 석유 제품을 국제 수출 시장에 내놓게 되면 국제가격 하락으로 제품 마진이 축소될 없을 것으로 본다,12.2538125,True
zk_01118,195,val,high,5,업계에서는 중국이 고품질 석유 제품을 국제 수출 시장에 내놓게 되면 국제가격 하락으로 제품 마진이 축소될 수 있다고 우려한다,마진이 확대될 수 있다고 기대한다,업계에서는 중국이 고품질 석유 제품을 국제 수출 시장에 내놓게 되면 국제가격 하락으로 제품 마진이 확대될 수 있다고 기대한다,12.2538125,True
zk_01119,195,val,low,2,또한 운전자 열 명 중 여섯 명은 사람들이 난폭하거나 무모하게 운전하는 것을 정기적으로 본다고 말했다,본다고 생각했다,또한 운전자 열 명 중 여섯 명은 사람들이 난폭하거나 무모하게 운전하는 것을 정기적으로 본다고 생각했다,8.14375,True
zk_01119,195,val,mid,3,또한 운전자 열 명 중 여섯 명은 사람들이 난폭하거나 무모하게 운전하는 것을 정기적으로 본다고 말했다,안 본다고 말했다,또한 운전자 열 명 중 여섯 명은 사람들이 난폭하거나 무모하게 운전하는 것을 안 본다고 말했다,8.14375,True
zk_01119,195,val,high,5,또한 운전자 열 명 중 여섯 명은 사람들이 난폭하거나 무모하게 운전하는 것을 정기적으로 본다고 말했다,운전하는 것을 못 본다고 말했다,또한 운전자 열 명 중 여섯 명은 사람들이 난폭하거나 무모하게 운전하는 것을 못 본다고 말했다,8.14375,True
